qblock_id,reads,k,seed,best_milli,median_milli,target_milli,winner_milli,reads_below_target,valid,beats_winner,wall_s,error
1000000,64,0,11799818995364300174,-14394000,-14362000,-14625068,0,0,0,1,2.386,
1000001,64,0,13077166683527568888,-14354000,-14318000,-14625068,0,0,0,1,2.298,
1000002,64,0,3301401599086457727,-14388000,-14342000,-14625068,0,0,0,1,2.332,
1000003,64,0,8942616366455446728,-14346000,-14312000,-14625068,0,0,0,1,2.38,
1000004,64,0,10666194825711273482,-14430000,-14368000,-14625068,0,0,0,1,2.251,
1000005,64,0,4253180899524641686,-14378000,-14322000,-14625068,0,0,0,1,2.667,
1000006,64,0,16708092273692507459,-14426000,-14372000,-14625068,0,0,0,1,2.258,
1000007,64,0,9657959486673317718,-14394000,-14364000,-14625068,0,0,0,1,2.285,
1000008,64,0,1330521931548155171,-14358000,-14322000,-14625068,0,0,0,1,2.269,
1000009,64,0,13425053096229349656,-14396000,-14352000,-14625068,0,0,0,1,2.257,
1000010,64,0,153418685307125608,-14364000,-14342000,-14625068,0,0,0,1,2.36,
1000011,64,0,10895183131473729475,-14410000,-14368000,-14625068,0,0,0,1,2.391,
1000012,64,0,17585583359865830791,-14408000,-14348000,-14625068,0,0,0,1,2.212,
1000013,64,0,4242602037089378240,-14334000,-14290000,-14625068,0,0,0,1,2.278,
1000014,64,0,13432323484228419313,-14488000,-14448000,-14625068,0,0,0,1,2.169,
1000015,64,0,15191966611299432252,-14408000,-14366000,-14625068,0,0,0,1,2.06,
1000016,64,0,10212825744145104840,-14406000,-14364000,-14625068,0,0,0,1,2.464,
1000017,64,0,8597421912681097095,-14472000,-14420000,-14625068,0,0,0,1,2.756,
1000018,64,0,7969677762549521362,-14352000,-14302000,-14625068,0,0,0,1,2.66,
1000019,64,0,6785801588678357370,-14420000,-14366000,-14625068,0,0,0,1,2.269,
1000020,64,0,1029946653091499352,-14446000,-14390000,-14625068,0,0,0,1,2.288,
1000021,64,0,14148030940600096208,-14468000,-14430000,-14625068,0,0,0,1,2.305,
1000022,64,0,13068101693933096470,-14290000,-14248000,-14625068,0,0,0,1,2.302,
1000023,64,0,11714876331096506655,-14308000,-14268000,-14625068,0,0,0,1,2.212,
1000024,64,0,7670079472344179060,-14418000,-14388000,-14625068,0,0,0,1,2.331,
1000025,64,0,5153678027717010759,-14366000,-14326000,-14625068,0,0,0,1,2.367,
1000026,64,0,16015073926216924551,-14510000,-14464000,-14625068,0,0,0,1,2.22,
1000027,64,0,10764591172075606557,-14308000,-14258000,-14625068,0,0,0,1,2.231,
1000028,64,0,11960943103551946164,-14360000,-14322000,-14625068,0,0,0,1,2.304,
1000029,64,0,18105982311512368055,-14364000,-14318000,-14625068,0,0,0,1,2.167,
1000030,64,0,17173950481392050325,-14358000,-14318000,-14625068,0,0,0,1,2.118,
1000031,64,0,7220636642047366465,-14442000,-14408000,-14625068,0,0,0,1,2.094,
1000032,64,0,11253073550461711341,-14452000,-14414000,-14625068,0,0,0,1,2.485,
1000033,64,0,2906220193568980229,-14372000,-14324000,-14625068,0,0,0,1,2.4,
1000034,64,0,3215377386397219885,-14430000,-14392000,-14625068,0,0,0,1,2.372,
1000035,64,0,13088318830887616858,-14348000,-14310000,-14625068,0,0,0,1,2.324,
1000036,64,0,8969366865437300189,-14350000,-14316000,-14625068,0,0,0,1,2.327,
1000037,64,0,9721299629857456440,-14374000,-14334000,-14625068,0,0,0,1,2.373,
1000038,64,0,348396699109819239,-14386000,-14350000,-14625068,0,0,0,1,2.258,
1000039,64,0,8443128482593595743,-14440000,-14392000,-14625068,0,0,0,1,2.212,
1000040,64,0,10489166853494434070,-14270000,-14230000,-14625068,0,0,0,1,2.49,
1000041,64,0,6138349664846912043,-14330000,-14286000,-14625068,0,0,0,1,2.326,
1000042,64,0,674745739244825717,-14328000,-14284000,-14625068,0,0,0,1,2.318,
1000043,64,0,15864176878391074768,-14416000,-14378000,-14625068,0,0,0,1,2.32,
1000044,64,0,13222185811935753669,-14390000,-14340000,-14625068,0,0,0,1,2.255,
1000045,64,0,1989985276728978337,-14382000,-14334000,-14625068,0,0,0,1,2.235,
1000046,64,0,4854110092537759525,-14500000,-14442000,-14625068,0,0,0,1,2.29,
1000047,64,0,17610641996664614549,-14416000,-14376000,-14625068,0,0,0,1,2.246,
1000048,64,0,3588415800399183923,-14410000,-14354000,-14625068,0,0,0,1,2.321,
1000049,64,0,9834113392193101891,-14356000,-14320000,-14625068,0,0,0,1,2.357,
1000050,64,0,10622985338629915762,-14450000,-14382000,-14625068,0,0,0,1,2.284,
1000051,64,0,10093917874843031716,-14408000,-14366000,-14625068,0,0,0,1,2.232,
1000052,64,0,1047921306205482697,-14420000,-14364000,-14625068,0,0,0,1,2.721,
1000053,64,0,5492074571848180482,-14450000,-14414000,-14625068,0,0,0,1,2.646,
1000054,64,0,7084176636843926881,-14422000,-14384000,-14625068,0,0,0,1,2.264,
1000055,64,0,2775565337492197301,-14470000,-14426000,-14625068,0,0,0,1,2.294,
1000056,64,0,14202513083044499763,-14442000,-14388000,-14625068,0,0,0,1,2.289,
1000057,64,0,18056137855530230948,-14352000,-14314000,-14625068,0,0,0,1,2.364,
1000058,64,0,8005532304606035825,-14372000,-14330000,-14625068,0,0,0,1,2.371,
1000059,64,0,4804986761626796461,-14376000,-14332000,-14625068,0,0,0,1,2.157,
1000060,64,0,658680901160222535,-14356000,-14322000,-14625068,0,0,0,1,2.241,
1000061,64,0,9028269735543050983,-14372000,-14330000,-14625068,0,0,0,1,2.19,
1000062,64,0,5411158793898059683,-14430000,-14396000,-14625068,0,0,0,1,2.113,
1000063,64,0,14059155830716752030,-14396000,-14356000,-14625068,0,0,0,1,2.062,
1000064,64,0,14021834811146217114,-14394000,-14346000,-14625068,0,0,0,1,2.413,
1000065,64,0,15033120300886083144,-14382000,-14350000,-14625068,0,0,0,1,2.451,
1000066,64,0,5005339028024228170,-14346000,-14314000,-14625068,0,0,0,1,2.345,
1000067,64,0,11202505324766774861,-14394000,-14346000,-14625068,0,0,0,1,2.34,
1000068,64,0,6379227456741307196,-14464000,-14426000,-14625068,0,0,0,1,2.305,
1000069,64,0,12576627720155150206,-14480000,-14426000,-14625068,0,0,0,1,2.319,
1000070,64,0,5961259987316833933,-14382000,-14332000,-14625068,0,0,0,1,2.259,
1000071,64,0,15509737424272918929,-14362000,-14314000,-14625068,0,0,0,1,2.253,
1000072,64,0,4741493966909671866,-14362000,-14318000,-14625068,0,0,0,1,2.332,
1000073,64,0,11249374557164041561,-14328000,-14288000,-14625068,0,0,0,1,2.353,
1000074,64,0,7528130126068465618,-14348000,-14292000,-14625068,0,0,0,1,2.338,
1000075,64,0,14147635624325980939,-14426000,-14386000,-14625068,0,0,0,1,2.407,
1000076,64,0,11683118609406898815,-14426000,-14378000,-14625068,0,0,0,1,2.289,
1000077,64,0,4762647110216516942,-14370000,-14322000,-14625068,0,0,0,1,2.218,
1000078,64,0,9625862546508517318,-14372000,-14330000,-14625068,0,0,0,1,2.234,
1000079,64,0,2576839230318778568,-14330000,-14270000,-14625068,0,0,0,1,2.29,
1000080,64,0,10125653430439482841,-14390000,-14352000,-14625068,0,0,0,1,2.284,
1000081,64,0,14941856718874828381,-14348000,-14324000,-14625068,0,0,0,1,2.435,
1000082,64,0,10589125697353016248,-14470000,-14422000,-14625068,0,0,0,1,2.259,
1000083,64,0,10454335088047169474,-14396000,-14360000,-14625068,0,0,0,1,2.385,
1000084,64,0,3629691173457306557,-14402000,-14368000,-14625068,0,0,0,1,2.39,
1000085,64,0,17433535475118017514,-14346000,-14314000,-14625068,0,0,0,1,2.313,
1000086,64,0,7519292372592683072,-14470000,-14434000,-14625068,0,0,0,1,2.249,
1000087,64,0,11095890242120886074,-14368000,-14338000,-14625068,0,0,0,1,2.25,
1000088,64,0,12930406082329687673,-14430000,-14380000,-14625068,0,0,0,1,2.484,
1000089,64,0,15857553851244079712,-14372000,-14342000,-14625068,0,0,0,1,2.434,
1000090,64,0,6904252181053433794,-14432000,-14394000,-14625068,0,0,0,1,2.229,
1000091,64,0,17752752170758561533,-14322000,-14284000,-14625068,0,0,0,1,2.242,
1000092,64,0,17096925989598071652,-14372000,-14314000,-14625068,0,0,0,1,2.33,
1000093,64,0,7937147703757451501,-14420000,-14386000,-14625068,0,0,0,1,2.318,
1000094,64,0,2597132391469421966,-14338000,-14288000,-14625068,0,0,0,1,2.387,
1000095,64,0,5533564107149258845,-14446000,-14398000,-14625068,0,0,0,1,2.268,
1000096,64,0,14876049958249783042,-14392000,-14360000,-14625068,0,0,0,1,2.347,
1000097,64,0,12087606171931202217,-14404000,-14350000,-14625068,0,0,0,1,2.394,
1000098,64,0,13622332376124087360,-14428000,-14378000,-14625068,0,0,0,1,2.36,
1000099,64,0,17752194377207555767,-14354000,-14320000,-14625068,0,0,0,1,2.287,
1000100,64,0,14390242363949159405,-14328000,-14290000,-14625068,0,0,0,1,2.328,
1000101,64,0,14996356757343235454,-14430000,-14384000,-14625068,0,0,0,1,2.382,
1000102,64,0,4188873351953986185,-14452000,-14406000,-14625068,0,0,0,1,2.253,
1000103,64,0,5122982139485528689,-14344000,-14304000,-14625068,0,0,0,1,2.336,
1000104,64,0,16135353347323995101,-14422000,-14374000,-14625068,0,0,0,1,2.61,
1000105,64,0,14101050632705361295,-14390000,-14352000,-14625068,0,0,0,1,2.669,
1000106,64,0,14013014258615533890,-14332000,-14284000,-14625068,0,0,0,1,2.532,
1000107,64,0,15303636706306608942,-14334000,-14296000,-14625068,0,0,0,1,2.271,
1000108,64,0,7629335496406640886,-14312000,-14260000,-14625068,0,0,0,1,2.228,
1000109,64,0,508435023920009912,-14386000,-14342000,-14625068,0,0,0,1,2.228,
1000110,64,0,16140451773575789987,-14410000,-14364000,-14625068,0,0,0,1,2.353,
1000111,64,0,10791882553012534309,-14366000,-14328000,-14625068,0,0,0,1,2.249,
1000112,64,0,15561722809816578172,-14466000,-14422000,-14625068,0,0,0,1,2.34,
1000113,64,0,858903866074317794,-14336000,-14310000,-14625068,0,0,0,1,2.794,
1000114,64,0,14190516808450225133,-14494000,-14460000,-14625068,0,0,0,1,2.346,
1000115,64,0,1645983388094449016,-14364000,-14334000,-14625068,0,0,0,1,2.263,
1000116,64,0,8502458123335357230,-14394000,-14360000,-14625068,0,0,0,1,2.372,
1000117,64,0,17261135481685222341,-14388000,-14340000,-14625068,0,0,0,1,2.293,
1000118,64,0,8130252574223688298,-14400000,-14346000,-14625068,0,0,0,1,2.247,
1000119,64,0,9088970168525255123,-14404000,-14364000,-14625068,0,0,0,1,2.242,
1000120,64,0,2570258656652176632,-14406000,-14366000,-14625068,0,0,0,1,2.392,
1000121,64,0,9192351456470356137,-14396000,-14352000,-14625068,0,0,0,1,2.239,
1000122,64,0,16058427539595057521,-14384000,-14334000,-14625068,0,0,0,1,2.339,
1000123,64,0,17562451279009303780,-14400000,-14340000,-14625068,0,0,0,1,2.333,
1000124,64,0,5064433882884431138,-14412000,-14380000,-14625068,0,0,0,1,2.331,
1000125,64,0,17245363619725446788,-14358000,-14314000,-14625068,0,0,0,1,2.222,
1000126,64,0,14320451026934220445,-14358000,-14320000,-14625068,0,0,0,1,2.214,
1000127,64,0,11124804207118329055,-14300000,-14260000,-14625068,0,0,0,1,2.078,
1000128,64,0,18402558384893033843,-14510000,-14462000,-14625068,0,0,0,1,2.408,
1000129,64,0,4445500984689030209,-14386000,-14338000,-14625068,0,0,0,1,2.384,
1000130,64,0,6069082627696808391,-14470000,-14416000,-14625068,0,0,0,1,2.343,
1000131,64,0,11627927701500942568,-14348000,-14318000,-14625068,0,0,0,1,2.238,
1000132,64,0,5788807208144871264,-14334000,-14290000,-14625068,0,0,0,1,2.278,
1000133,64,0,7850421891529381944,-14430000,-14386000,-14625068,0,0,0,1,2.391,
1000134,64,0,3057449811406159681,-14440000,-14394000,-14625068,0,0,0,1,2.288,
1000135,64,0,14413214049056996301,-14378000,-14334000,-14625068,0,0,0,1,2.274,
1000136,64,0,1065938440688732687,-14382000,-14336000,-14625068,0,0,0,1,2.359,
1000137,64,0,13474088538345228166,-14336000,-14302000,-14625068,0,0,0,1,2.372,
1000138,64,0,13794747109990586793,-14418000,-14372000,-14625068,0,0,0,1,2.252,
1000139,64,0,6408256966178261969,-14514000,-14464000,-14625068,0,0,0,1,2.427,
1000140,64,0,4419980885917941761,-14386000,-14356000,-14625068,0,0,0,1,2.351,
1000141,64,0,7562554034814123880,-14346000,-14306000,-14625068,0,0,0,1,2.295,
1000142,64,0,267295056483859626,-14368000,-14316000,-14625068,0,0,0,1,2.239,
1000143,64,0,434765610473689827,-14332000,-14282000,-14625068,0,0,0,1,2.22,
1000144,64,0,2861767167118844678,-14454000,-14408000,-14625068,0,0,0,1,2.402,
1000145,64,0,52069281313004618,-14418000,-14378000,-14625068,0,0,0,1,2.476,
1000146,64,0,1874950845308497556,-14450000,-14396000,-14625068,0,0,0,1,2.365,
1000147,64,0,3655216908444746377,-14392000,-14352000,-14625068,0,0,0,1,2.333,
1000148,64,0,17436865040821565491,-14414000,-14370000,-14625068,0,0,0,1,2.31,
1000149,64,0,10405145098794196121,-14344000,-14296000,-14625068,0,0,0,1,2.276,
1000150,64,0,11599158734728261076,-14384000,-14356000,-14625068,0,0,0,1,2.325,
1000151,64,0,6375571919329088987,-14380000,-14344000,-14625068,0,0,0,1,2.353,
1000152,64,0,5279005240763116010,-14400000,-14360000,-14625068,0,0,0,1,2.392,
1000153,64,0,3212958159068481448,-14394000,-14346000,-14625068,0,0,0,1,2.349,
1000154,64,0,12227784066319147533,-14302000,-14256000,-14625068,0,0,0,1,2.665,
1000155,64,0,8627150206418527721,-14400000,-14348000,-14625068,0,0,0,1,2.438,
1000156,64,0,13741121052620439369,-14364000,-14324000,-14625068,0,0,0,1,2.364,
1000157,64,0,7560406928076011139,-14466000,-14418000,-14625068,0,0,0,1,2.229,
1000158,64,0,13417949602348526305,-14396000,-14342000,-14625068,0,0,0,1,2.272,
1000159,64,0,3064727338298919944,-14380000,-14330000,-14625068,0,0,0,1,2.36,
1000160,64,0,394441137964997545,-14450000,-14402000,-14625068,0,0,0,1,2.31,
1000161,64,0,8066578436370901313,-14380000,-14334000,-14625068,0,0,0,1,2.317,
1000162,64,0,11126123293572447318,-14332000,-14294000,-14625068,0,0,0,1,2.338,
1000163,64,0,1961804040223490724,-14324000,-14284000,-14625068,0,0,0,1,2.248,
1000164,64,0,16498986980309423475,-14400000,-14344000,-14625068,0,0,0,1,2.406,
1000165,64,0,2448651322022603368,-14470000,-14422000,-14625068,0,0,0,1,2.248,
1000166,64,0,8691008149262962767,-14274000,-14228000,-14625068,0,0,0,1,2.264,
1000167,64,0,2412036727093293471,-14484000,-14444000,-14625068,0,0,0,1,2.054,
1000168,64,0,16431624009332986476,-14382000,-14332000,-14625068,0,0,0,1,2.336,
1000169,64,0,15913110880458831588,-14340000,-14306000,-14625068,0,0,0,1,2.412,
1000170,64,0,18252803953714115845,-14338000,-14306000,-14625068,0,0,0,1,2.427,
1000171,64,0,17622827619367177616,-14330000,-14288000,-14625068,0,0,0,1,2.423,
1000172,64,0,4951688834204254739,-14368000,-14334000,-14625068,0,0,0,1,2.315,
1000173,64,0,18312522630163188154,-14324000,-14276000,-14625068,0,0,0,1,2.293,
1000174,64,0,2404516979715067723,-14350000,-14296000,-14625068,0,0,0,1,2.409,
1000175,64,0,16154577952387414528,-14370000,-14318000,-14625068,0,0,0,1,2.302,
1000176,64,0,8409459578354884067,-14442000,-14392000,-14625068,0,0,0,1,2.406,
1000177,64,0,15626510262457193588,-14450000,-14396000,-14625068,0,0,0,1,2.468,
1000178,64,0,10948231655771529264,-14414000,-14374000,-14625068,0,0,0,1,2.378,
1000179,64,0,13060858493841745568,-14362000,-14334000,-14625068,0,0,0,1,2.368,
1000180,64,0,16077458961957063453,-14510000,-14474000,-14625068,0,0,0,1,2.386,
1000181,64,0,17703228298651376857,-14402000,-14344000,-14625068,0,0,0,1,2.286,
1000182,64,0,13683527419578640091,-14318000,-14286000,-14625068,0,0,0,1,2.349,
1000183,64,0,10381597862277763457,-14388000,-14348000,-14625068,0,0,0,1,2.262,
1000184,64,0,14490310893053318229,-14476000,-14434000,-14625068,0,0,0,1,2.407,
1000185,64,0,17937025653264550123,-14438000,-14390000,-14625068,0,0,0,1,2.309,
1000186,64,0,8835455431873588652,-14400000,-14376000,-14625068,0,0,0,1,2.392,
1000187,64,0,15008332334980644661,-14370000,-14326000,-14625068,0,0,0,1,2.252,
1000188,64,0,5771302197463322341,-14386000,-14348000,-14625068,0,0,0,1,2.383,
1000189,64,0,16330220044573643646,-14362000,-14312000,-14625068,0,0,0,1,2.338,
1000190,64,0,8889472820269804942,-14400000,-14364000,-14625068,0,0,0,1,2.263,
1000191,64,0,4402083734817731279,-14352000,-14306000,-14625068,0,0,0,1,2.231,
1000192,64,0,6053928548168214256,-14410000,-14374000,-14625068,0,0,0,1,2.444,
1000193,64,0,14391465466207355228,-14376000,-14324000,-14625068,0,0,0,1,2.401,
1000194,64,0,11135223346984509905,-14358000,-14300000,-14625068,0,0,0,1,2.401,
1000195,64,0,18402478206154183755,-14376000,-14332000,-14625068,0,0,0,1,2.369,
1000196,64,0,11852021898206845663,-14404000,-14354000,-14625068,0,0,0,1,2.276,
1000197,64,0,11000619278877515880,-14440000,-14398000,-14625068,0,0,0,1,2.271,
1000198,64,0,13452104669315159876,-14374000,-14328000,-14625068,0,0,0,1,2.314,
1000199,64,0,10223083640308405477,-14364000,-14316000,-14625068,0,0,0,1,2.262,
1000200,64,0,9529734098114556478,-14414000,-14368000,-14625068,0,0,0,1,2.395,
1000201,64,0,12566982843689124455,-14406000,-14368000,-14625068,0,0,0,1,2.245,
1000202,64,0,1819395637264250394,-14416000,-14374000,-14625068,0,0,0,1,2.405,
1000203,64,0,2288848579418996567,-14380000,-14334000,-14625068,0,0,0,1,2.282,
1000204,64,0,2877255445709874584,-14348000,-14316000,-14625068,0,0,0,1,2.327,
1000205,64,0,3564384497852870063,-14402000,-14360000,-14625068,0,0,0,1,2.424,
1000206,64,0,15545141457736435633,-14384000,-14348000,-14625068,0,0,0,1,2.359,
1000207,64,0,4511772376717752608,-14418000,-14362000,-14625068,0,0,0,1,2.286,
1000208,64,0,17567191877009314620,-14520000,-14466000,-14625068,0,0,0,1,2.375,
1000209,64,0,2561109576911956191,-14408000,-14376000,-14625068,0,0,0,1,2.346,
1000210,64,0,5640125767740370302,-14394000,-14368000,-14625068,0,0,0,1,2.348,
1000211,64,0,3207090840406380780,-14402000,-14366000,-14625068,0,0,0,1,2.378,
1000212,64,0,16211995521382178578,-14320000,-14280000,-14625068,0,0,0,1,2.485,
1000213,64,0,3267989484754200315,-14338000,-14290000,-14625068,0,0,0,1,2.272,
1000214,64,0,3629199950010270289,-14324000,-14276000,-14625068,0,0,0,1,2.294,
1000215,64,0,12608875506894819299,-14428000,-14388000,-14625068,0,0,0,1,2.201,
1000216,64,0,18437713481922578464,-14424000,-14402000,-14625068,0,0,0,1,2.333,
1000217,64,0,8680119145935452776,-14396000,-14360000,-14625068,0,0,0,1,2.369,
1000218,64,0,12500281163066531340,-14428000,-14382000,-14625068,0,0,0,1,2.468,
1000219,64,0,4324250545565650129,-14272000,-14244000,-14625068,0,0,0,1,2.298,
1000220,64,0,5863052467552647611,-14322000,-14264000,-14625068,0,0,0,1,2.338,
1000221,64,0,10517299258285908976,-14438000,-14392000,-14625068,0,0,0,1,2.269,
1000222,64,0,15236250098106718863,-14334000,-14304000,-14625068,0,0,0,1,2.317,
1000223,64,0,7581239523291467528,-14388000,-14346000,-14625068,0,0,0,1,2.295,
1000224,64,0,10428246207127016185,-14338000,-14288000,-14625068,0,0,0,1,2.485,
1000225,64,0,5692099556669599954,-14406000,-14362000,-14625068,0,0,0,1,2.374,
1000226,64,0,15555091688333203402,-14356000,-14312000,-14625068,0,0,0,1,2.37,
1000227,64,0,556712137385613881,-14340000,-14286000,-14625068,0,0,0,1,2.266,
1000228,64,0,10975629296961597644,-14472000,-14420000,-14625068,0,0,0,1,2.415,
1000229,64,0,7424773003335616336,-14460000,-14418000,-14625068,0,0,0,1,2.325,
1000230,64,0,11485025791383219814,-14432000,-14392000,-14625068,0,0,0,1,2.31,
1000231,64,0,10176927413918026453,-14378000,-14342000,-14625068,0,0,0,1,2.307,
1000232,64,0,12926023426571576579,-14372000,-14324000,-14625068,0,0,0,1,2.507,
1000233,64,0,4948681257676293499,-14422000,-14390000,-14625068,0,0,0,1,2.452,
1000234,64,0,16647591756502382609,-14522000,-14478000,-14625068,0,0,0,1,2.242,
1000235,64,0,10473280573988027471,-14286000,-14240000,-14625068,0,0,0,1,2.297,
1000236,64,0,11610182665634575780,-14340000,-14300000,-14625068,0,0,0,1,2.274,
1000237,64,0,11081167188059269279,-14408000,-14368000,-14625068,0,0,0,1,2.425,
1000238,64,0,16892814953538134094,-14438000,-14398000,-14625068,0,0,0,1,2.358,
1000239,64,0,13942985745867159305,-14426000,-14382000,-14625068,0,0,0,1,2.278,
1000240,64,0,6094423964534632204,-14364000,-14326000,-14625068,0,0,0,1,2.218,
1000241,64,0,11077698096609125544,-14544000,-14514000,-14625068,0,0,0,1,2.853,
1000242,64,0,6921303293589749174,-14322000,-14264000,-14625068,0,0,0,1,2.338,
1000243,64,0,9332328238666777361,-14374000,-14336000,-14625068,0,0,0,1,2.367,
1000244,64,0,10421653718083621833,-14450000,-14418000,-14625068,0,0,0,1,2.336,
1000245,64,0,12691579351014179860,-14414000,-14370000,-14625068,0,0,0,1,2.314,
1000246,64,0,5385994475304817745,-14368000,-14322000,-14625068,0,0,0,1,2.37,
1000247,64,0,144306748497353751,-14354000,-14316000,-14625068,0,0,0,1,2.345,
1000248,64,0,2624160368808951885,-14432000,-14388000,-14625068,0,0,0,1,2.277,
1000249,64,0,4885475851530114352,-14412000,-14378000,-14625068,0,0,0,1,2.401,
1000250,64,0,14853441352167187835,-14388000,-14346000,-14625068,0,0,0,1,2.426,
1000251,64,0,2531767083744931664,-14418000,-14374000,-14625068,0,0,0,1,2.38,
1000252,64,0,16738320588840563130,-14342000,-14306000,-14625068,0,0,0,1,2.384,
1000253,64,0,2054063594025739008,-14410000,-14360000,-14625068,0,0,0,1,2.259,
1000254,64,0,4168660203955732584,-14392000,-14346000,-14625068,0,0,0,1,2.38,
1000255,64,0,1284423209467990956,-14342000,-14310000,-14625068,0,0,0,1,2.279,
1000256,64,0,2212125682980518140,-14414000,-14376000,-14625068,0,0,0,1,2.258,
1000257,64,0,7337722728204310409,-14326000,-14280000,-14625068,0,0,0,1,2.388,
1000258,64,0,4209321472480833100,-14438000,-14402000,-14625068,0,0,0,1,2.353,
1000259,64,0,444748353436574821,-14334000,-14282000,-14625068,0,0,0,1,2.36,
1000260,64,0,13599484643329728753,-14350000,-14314000,-14625068,0,0,0,1,2.347,
1000261,64,0,7923810426929981458,-14308000,-14270000,-14625068,0,0,0,1,2.267,
1000262,64,0,7514602030926790570,-14366000,-14336000,-14625068,0,0,0,1,2.458,
1000263,64,0,15495580822476296816,-14368000,-14332000,-14625068,0,0,0,1,2.324,
1000264,64,0,5389233143676491278,-14424000,-14402000,-14625068,0,0,0,1,2.436,
1000265,64,0,6281931938855438736,-14402000,-14352000,-14625068,0,0,0,1,2.302,
1000266,64,0,2781529346904116036,-14386000,-14344000,-14625068,0,0,0,1,2.356,
1000267,64,0,3699220664558197385,-14426000,-14382000,-14625068,0,0,0,1,2.368,
1000268,64,0,5374257385352841145,-14262000,-14224000,-14625068,0,0,0,1,2.313,
1000269,64,0,3947271707240887130,-14372000,-14330000,-14625068,0,0,0,1,2.383,
1000270,64,0,8272396433865099205,-14346000,-14300000,-14625068,0,0,0,1,2.352,
1000271,64,0,9908517324392874486,-14386000,-14350000,-14625068,0,0,0,1,2.234,
1000272,64,0,6331147193587078633,-14372000,-14314000,-14625068,0,0,0,1,2.39,
1000273,64,0,11353957826748892824,-14420000,-14374000,-14625068,0,0,0,1,2.396,
1000274,64,0,15743632827375603670,-14416000,-14386000,-14625068,0,0,0,1,2.38,
1000275,64,0,14465287167123872352,-14470000,-14430000,-14625068,0,0,0,1,2.346,
1000276,64,0,16323459665156508005,-14346000,-14304000,-14625068,0,0,0,1,2.325,
1000277,64,0,5325302422276628803,-14320000,-14278000,-14625068,0,0,0,1,2.312,
1000278,64,0,15260724040505984373,-14442000,-14408000,-14625068,0,0,0,1,2.34,
1000279,64,0,12030651455100865376,-14516000,-14472000,-14625068,0,0,0,1,2.374,
1000280,64,0,4626406327174825457,-14392000,-14344000,-14625068,0,0,0,1,2.419,
1000281,64,0,12549268460667999646,-14396000,-14362000,-14625068,0,0,0,1,2.43,
1000282,64,0,10282837577263198162,-14440000,-14392000,-14625068,0,0,0,1,2.316,
1000283,64,0,11600962604790115511,-14366000,-14314000,-14625068,0,0,0,1,2.301,
1000284,64,0,10364440846164972377,-14392000,-14350000,-14625068,0,0,0,1,2.422,
1000285,64,0,14141245147305915531,-14502000,-14446000,-14625068,0,0,0,1,2.28,
1000286,64,0,407934722702499804,-14294000,-14252000,-14625068,0,0,0,1,2.277,
1000287,64,0,17722325629595604409,-14382000,-14340000,-14625068,0,0,0,1,2.261,
1000288,64,0,9454729513961099480,-14520000,-14484000,-14625068,0,0,0,1,2.416,
1000289,64,0,11951148092259764367,-14352000,-14304000,-14625068,0,0,0,1,2.351,
1000290,64,0,5419510910676581582,-14354000,-14312000,-14625068,0,0,0,1,2.336,
1000291,64,0,11604857753110114263,-14384000,-14350000,-14625068,0,0,0,1,2.299,
1000292,64,0,439025763885847645,-14330000,-14280000,-14625068,0,0,0,1,2.307,
1000293,64,0,15284603256594582951,-14428000,-14372000,-14625068,0,0,0,1,2.344,
1000294,64,0,10948715597490287605,-14502000,-14452000,-14625068,0,0,0,1,2.359,
1000295,64,0,9859621560132630784,-14416000,-14380000,-14625068,0,0,0,1,2.329,
1000296,64,0,8541714420056417852,-14426000,-14396000,-14625068,0,0,0,1,2.265,
1000297,64,0,6524631745978806638,-14414000,-14384000,-14625068,0,0,0,1,2.508,
1000298,64,0,7463762313270518239,-14374000,-14328000,-14625068,0,0,0,1,2.391,
1000299,64,0,7391653844323355594,-14392000,-14364000,-14625068,0,0,0,1,2.392,
1000300,64,0,3125776576765427345,-14368000,-14334000,-14625068,0,0,0,1,2.326,
1000301,64,0,18391082138535966732,-14484000,-14426000,-14625068,0,0,0,1,2.351,
1000302,64,0,12009781336257269085,-14426000,-14378000,-14625068,0,0,0,1,2.354,
1000303,64,0,6281094361002599798,-14348000,-14306000,-14625068,0,0,0,1,2.384,
1000304,64,0,5808535104920181307,-14404000,-14362000,-14625068,0,0,0,1,2.342,
1000305,64,0,4653798364897083469,-14350000,-14310000,-14625068,0,0,0,1,2.439,
1000306,64,0,9263402170723664169,-14372000,-14322000,-14625068,0,0,0,1,2.663,
1000307,64,0,3719374350644943346,-14414000,-14378000,-14625068,0,0,0,1,2.34,
1000308,64,0,11423576248844307384,-14494000,-14458000,-14625068,0,0,0,1,2.389,
1000309,64,0,8575951154319342245,-14418000,-14364000,-14625068,0,0,0,1,2.347,
1000310,64,0,10616974556039867354,-14354000,-14318000,-14625068,0,0,0,1,2.331,
1000311,64,0,18222745739510783976,-14356000,-14300000,-14625068,0,0,0,1,2.254,
1000312,64,0,17216455178635276787,-14384000,-14330000,-14625068,0,0,0,1,2.344,
1000313,64,0,41225504560451423,-14384000,-14326000,-14625068,0,0,0,1,2.47,
1000314,64,0,8170465401282897050,-14404000,-14360000,-14625068,0,0,0,1,2.546,
1000315,64,0,18305104567423290679,-14330000,-14298000,-14625068,0,0,0,1,2.318,
1000316,64,0,6216393022385888300,-14394000,-14342000,-14625068,0,0,0,1,2.281,
1000317,64,0,10661738104449048178,-14368000,-14320000,-14625068,0,0,0,1,2.458,
1000318,64,0,13843019232481355259,-14452000,-14396000,-14625068,0,0,0,1,2.321,
1000319,64,0,1786185965606777105,-14404000,-14358000,-14625068,0,0,0,1,2.208,
1000320,64,0,1625729273274330339,-14432000,-14384000,-14625068,0,0,0,1,2.421,
1000321,64,0,1067977320369857282,-14362000,-14328000,-14625068,0,0,0,1,2.349,
1000322,64,0,586709610484690520,-14336000,-14292000,-14625068,0,0,0,1,2.434,
1000323,64,0,10282105442111178886,-14370000,-14324000,-14625068,0,0,0,1,2.373,
1000324,64,0,5401119497857914560,-14436000,-14390000,-14625068,0,0,0,1,2.48,
1000325,64,0,2154905886357168222,-14432000,-14396000,-14625068,0,0,0,1,2.259,
1000326,64,0,18414900126648059518,-14394000,-14358000,-14625068,0,0,0,1,2.333,
1000327,64,0,5683150843602525318,-14406000,-14342000,-14625068,0,0,0,1,2.284,
1000328,64,0,358422447743490634,-14396000,-14370000,-14625068,0,0,0,1,2.313,
1000329,64,0,6793291276583500116,-14334000,-14294000,-14625068,0,0,0,1,2.43,
1000330,64,0,12141132374477736817,-14320000,-14284000,-14625068,0,0,0,1,2.233,
1000331,64,0,10706807457718338501,-14326000,-14280000,-14625068,0,0,0,1,2.789,
1000332,64,0,2923291130982082199,-14448000,-14402000,-14625068,0,0,0,1,2.322,
1000333,64,0,586488698116304953,-14360000,-14320000,-14625068,0,0,0,1,2.342,
1000334,64,0,1274712322192995436,-14422000,-14378000,-14625068,0,0,0,1,2.312,
1000335,64,0,6555950899135937642,-14428000,-14396000,-14625068,0,0,0,1,2.634,
1000336,64,0,5417614676618339844,-14368000,-14308000,-14625068,0,0,0,1,2.311,
1000337,64,0,2036797382032409422,-14354000,-14324000,-14625068,0,0,0,1,2.238,
1000338,64,0,5800057134755502729,-14412000,-14366000,-14625068,0,0,0,1,2.395,
1000339,64,0,2236884154185778459,-14372000,-14328000,-14625068,0,0,0,1,2.246,
1000340,64,0,9126762936939775123,-14350000,-14310000,-14625068,0,0,0,1,2.381,
1000341,64,0,3900968267511967386,-14412000,-14364000,-14625068,0,0,0,1,2.207,
1000342,64,0,1806087877689834447,-14358000,-14326000,-14625068,0,0,0,1,2.077,
1000343,64,0,3183595306902294675,-14336000,-14300000,-14625068,0,0,0,1,2.098,
1000344,64,0,14385482114940075150,-14392000,-14356000,-14625068,0,0,0,1,2.464,
1000345,64,0,2670867987347770510,-14340000,-14314000,-14625068,0,0,0,1,2.497,
1000346,64,0,509957677095893072,-14350000,-14302000,-14625068,0,0,0,1,2.482,
1000347,64,0,6018940847134636719,-14322000,-14290000,-14625068,0,0,0,1,2.506,
1000348,64,0,8981450896928435990,-14328000,-14290000,-14625068,0,0,0,1,2.375,
1000349,64,0,3872915802379536090,-14376000,-14338000,-14625068,0,0,0,1,2.393,
1000350,64,0,6418811415600263931,-14454000,-14414000,-14625068,0,0,0,1,2.234,
1000351,64,0,11402376623046186095,-14480000,-14434000,-14625068,0,0,0,1,2.286,
1000352,64,0,10864293894244812211,-14400000,-14360000,-14625068,0,0,0,1,2.384,
1000353,64,0,8521502884047243358,-14436000,-14374000,-14625068,0,0,0,1,2.348,
1000354,64,0,8705429447481421708,-14412000,-14364000,-14625068,0,0,0,1,2.391,
1000355,64,0,8288810836104194760,-14442000,-14390000,-14625068,0,0,0,1,2.414,
1000356,64,0,6225733574604292638,-14416000,-14364000,-14625068,0,0,0,1,2.398,
1000357,64,0,13308065638875714301,-14426000,-14394000,-14625068,0,0,0,1,2.335,
1000358,64,0,4719927516767254438,-14422000,-14392000,-14625068,0,0,0,1,2.345,
1000359,64,0,15728517354700220091,-14450000,-14384000,-14625068,0,0,0,1,2.228,
1000360,64,0,2035543841390166097,-14460000,-14418000,-14625068,0,0,0,1,2.258,
1000361,64,0,12572019220660291757,-14400000,-14334000,-14625068,0,0,0,1,2.418,
1000362,64,0,1673672631148514951,-14402000,-14350000,-14625068,0,0,0,1,2.387,
1000363,64,0,7363512882950778848,-14456000,-14404000,-14625068,0,0,0,1,2.413,
1000364,64,0,10575415333971511912,-14424000,-14376000,-14625068,0,0,0,1,2.279,
1000365,64,0,4667502689914259563,-14426000,-14394000,-14625068,0,0,0,1,2.324,
1000366,64,0,8510735568938229173,-14380000,-14344000,-14625068,0,0,0,1,2.347,
1000367,64,0,6035564463874474047,-14382000,-14332000,-14625068,0,0,0,1,2.302,
1000368,64,0,1496634367414232571,-14444000,-14404000,-14625068,0,0,0,1,3.038,
1000369,64,0,1363754798717237229,-14344000,-14294000,-14625068,0,0,0,1,3.142,
1000370,64,0,14891246222247211254,-14464000,-14432000,-14625068,0,0,0,1,3.11,
1000371,64,0,2988528216173671059,-14316000,-14276000,-14625068,0,0,0,1,3.108,
1000372,64,0,5953931182024838400,-14310000,-14276000,-14625068,0,0,0,1,3.058,
1000373,64,0,739335161585808976,-14362000,-14312000,-14625068,0,0,0,1,2.273,
1000374,64,0,5470063726369373833,-14486000,-14440000,-14625068,0,0,0,1,3.024,
1000375,64,0,16245664469094114001,-14400000,-14360000,-14625068,0,0,0,1,2.344,
1000376,64,0,7153700783441186484,-14362000,-14320000,-14625068,0,0,0,1,2.303,
1000377,64,0,10829262743725071875,-14374000,-14320000,-14625068,0,0,0,1,2.356,
1000378,64,0,13200520109730250772,-14420000,-14382000,-14625068,0,0,0,1,2.415,
1000379,64,0,14382893799909331735,-14374000,-14332000,-14625068,0,0,0,1,2.369,
1000380,64,0,5659152022722589222,-14414000,-14356000,-14625068,0,0,0,1,2.409,
1000381,64,0,4743934614169281814,-14370000,-14326000,-14625068,0,0,0,1,2.378,
1000382,64,0,765539428370550556,-14434000,-14398000,-14625068,0,0,0,1,2.322,
1000383,64,0,16080807774296659746,-14428000,-14394000,-14625068,0,0,0,1,2.221,
1000384,64,0,12243561785091727535,-14450000,-14388000,-14625068,0,0,0,1,2.397,
1000385,64,0,14286103856187723080,-14370000,-14334000,-14625068,0,0,0,1,2.394,
1000386,64,0,6676727253911079222,-14462000,-14414000,-14625068,0,0,0,1,2.365,
1000387,64,0,8809396143214723577,-14392000,-14356000,-14625068,0,0,0,1,2.408,
1000388,64,0,2317425647830678682,-14366000,-14316000,-14625068,0,0,0,1,2.397,
1000389,64,0,17713702925179197001,-14378000,-14324000,-14625068,0,0,0,1,2.322,
1000390,64,0,14853350775103605373,-14414000,-14364000,-14625068,0,0,0,1,2.255,
1000391,64,0,12205125580896913559,-14340000,-14308000,-14625068,0,0,0,1,2.381,
1000392,64,0,13699910522236346608,-14316000,-14274000,-14625068,0,0,0,1,2.327,
1000393,64,0,7319734313812678794,-14454000,-14412000,-14625068,0,0,0,1,2.264,
1000394,64,0,14894921399763181621,-14342000,-14304000,-14625068,0,0,0,1,2.403,
1000395,64,0,15169258114429122476,-14418000,-14378000,-14625068,0,0,0,1,2.439,
1000396,64,0,5513179100472854324,-14302000,-14266000,-14625068,0,0,0,1,2.385,
1000397,64,0,5441360010488731422,-14446000,-14396000,-14625068,0,0,0,1,2.288,
1000398,64,0,13569070234620486714,-14434000,-14396000,-14625068,0,0,0,1,2.37,
1000399,64,0,3217146841339043714,-14400000,-14348000,-14625068,0,0,0,1,2.35,
1000400,64,0,13280329379089755686,-14254000,-14200000,-14625068,0,0,0,1,2.389,
1000401,64,0,14258318347939227211,-14456000,-14424000,-14625068,0,0,0,1,2.45,
1000402,64,0,4053485408337248296,-14404000,-14356000,-14625068,0,0,0,1,2.441,
1000403,64,0,8798377002556678920,-14460000,-14416000,-14625068,0,0,0,1,2.388,
1000404,64,0,3491140596674635448,-14448000,-14402000,-14625068,0,0,0,1,2.253,
1000405,64,0,9266707481680767171,-14320000,-14268000,-14625068,0,0,0,1,2.381,
1000406,64,0,8580383913515493341,-14308000,-14266000,-14625068,0,0,0,1,2.438,
1000407,64,0,7128029994525673406,-14332000,-14294000,-14625068,0,0,0,1,2.22,
1000408,64,0,7624305865375212842,-14346000,-14324000,-14625068,0,0,0,1,2.428,
1000409,64,0,15979042419259854175,-14242000,-14204000,-14625068,0,0,0,1,2.316,
1000410,64,0,1349440641583265343,-14380000,-14344000,-14625068,0,0,0,1,2.372,
1000411,64,0,18071583003970125946,-14388000,-14344000,-14625068,0,0,0,1,2.462,
1000412,64,0,9345551986422282880,-14364000,-14330000,-14625068,0,0,0,1,2.485,
1000413,64,0,5822256991116827752,-14336000,-14290000,-14625068,0,0,0,1,2.324,
1000414,64,0,3818503171260833003,-14418000,-14364000,-14625068,0,0,0,1,2.237,
1000415,64,0,917515510854172333,-14408000,-14368000,-14625068,0,0,0,1,2.275,
1000416,64,0,9358913480736330332,-14414000,-14364000,-14625068,0,0,0,1,2.283,
1000417,64,0,13319988696970305562,-14368000,-14320000,-14625068,0,0,0,1,2.444,
1000418,64,0,8661014013579124516,-14392000,-14360000,-14625068,0,0,0,1,2.432,
1000419,64,0,14448964721808681238,-14400000,-14360000,-14625068,0,0,0,1,2.292,
1000420,64,0,6164323964950128088,-14420000,-14378000,-14625068,0,0,0,1,2.391,
1000421,64,0,17066949821725792874,-14412000,-14366000,-14625068,0,0,0,1,2.392,
1000422,64,0,9580091018365157539,-14388000,-14346000,-14625068,0,0,0,1,2.501,
1000423,64,0,15857923856457454439,-14490000,-14442000,-14625068,0,0,0,1,2.349,
1000424,64,0,11886875890969178636,-14340000,-14294000,-14625068,0,0,0,1,2.45,
1000425,64,0,16919539060943244543,-14358000,-14318000,-14625068,0,0,0,1,2.337,
1000426,64,0,1681764024416652526,-14438000,-14380000,-14625068,0,0,0,1,2.31,
1000427,64,0,17773324803606441209,-14426000,-14388000,-14625068,0,0,0,1,2.434,
1000428,64,0,2507741048417152568,-14424000,-14380000,-14625068,0,0,0,1,2.35,
1000429,64,0,5302805576570124752,-14464000,-14420000,-14625068,0,0,0,1,2.22,
1000430,64,0,6687904240182200023,-14322000,-14286000,-14625068,0,0,0,1,2.328,
1000431,64,0,9023645843792357113,-14348000,-14304000,-14625068,0,0,0,1,2.373,
1000432,64,0,14450288761108084616,-14470000,-14434000,-14625068,0,0,0,1,2.449,
1000433,64,0,12867578605098736170,-14456000,-14408000,-14625068,0,0,0,1,2.442,
1000434,64,0,1272355465434550489,-14374000,-14326000,-14625068,0,0,0,1,2.344,
1000435,64,0,9903813923803554031,-14340000,-14300000,-14625068,0,0,0,1,2.355,
1000436,64,0,6052024312197880389,-14370000,-14326000,-14625068,0,0,0,1,2.377,
1000437,64,0,7136292069868859015,-14370000,-14336000,-14625068,0,0,0,1,2.249,
1000438,64,0,3639650112106694081,-14430000,-14388000,-14625068,0,0,0,1,2.321,
1000439,64,0,10501610735429648821,-14462000,-14422000,-14625068,0,0,0,1,2.456,
1000440,64,0,6871999812506465765,-14400000,-14366000,-14625068,0,0,0,1,2.492,
1000441,64,0,466381905416957229,-14344000,-14300000,-14625068,0,0,0,1,2.4,
1000442,64,0,6177279203194380713,-14388000,-14344000,-14625068,0,0,0,1,2.533,
1000443,64,0,6305642646073903045,-14394000,-14358000,-14625068,0,0,0,1,2.402,
1000444,64,0,5899721045978357891,-14392000,-14346000,-14625068,0,0,0,1,2.416,
1000445,64,0,12638477917070769673,-14372000,-14328000,-14625068,0,0,0,1,2.332,
1000446,64,0,13814342306815352760,-14394000,-14360000,-14625068,0,0,0,1,2.377,
1000447,64,0,5076287930149288693,-14436000,-14390000,-14625068,0,0,0,1,2.273,
1000448,64,0,9657273997795957938,-14354000,-14324000,-14625068,0,0,0,1,2.38,
1000449,64,0,12939116181215881391,-14312000,-14270000,-14625068,0,0,0,1,2.48,
1000450,64,0,12319277457495434055,-14462000,-14410000,-14625068,0,0,0,1,2.458,
1000451,64,0,9926173677140952945,-14422000,-14376000,-14625068,0,0,0,1,2.258,
1000452,64,0,15353621995809825171,-14348000,-14306000,-14625068,0,0,0,1,2.337,
1000453,64,0,11750004235084215032,-14340000,-14300000,-14625068,0,0,0,1,2.386,
1000454,64,0,7762448504525931018,-14370000,-14322000,-14625068,0,0,0,1,2.381,
1000455,64,0,3985864409119582750,-14436000,-14388000,-14625068,0,0,0,1,2.382,
1000456,64,0,7943772978859678873,-14368000,-14320000,-14625068,0,0,0,1,2.536,
1000457,64,0,6766180574810304573,-14486000,-14452000,-14625068,0,0,0,1,2.402,
1000458,64,0,4523874860080481468,-14430000,-14374000,-14625068,0,0,0,1,2.326,
1000459,64,0,2663133618359718610,-14444000,-14390000,-14625068,0,0,0,1,2.339,
1000460,64,0,9473580206909742707,-14364000,-14330000,-14625068,0,0,0,1,2.271,
1000461,64,0,8619258531281607181,-14332000,-14296000,-14625068,0,0,0,1,2.389,
1000462,64,0,7098029113646447512,-14342000,-14292000,-14625068,0,0,0,1,2.389,
1000463,64,0,8023519127921561874,-14390000,-14344000,-14625068,0,0,0,1,2.323,
1000464,64,0,12780077806057510056,-14436000,-14400000,-14625068,0,0,0,1,2.447,
1000465,64,0,1221103348607469159,-14310000,-14276000,-14625068,0,0,0,1,2.409,
1000466,64,0,17942876489270059889,-14352000,-14316000,-14625068,0,0,0,1,2.408,
1000467,64,0,13181505259954956460,-14364000,-14326000,-14625068,0,0,0,1,2.405,
1000468,64,0,9873010795033451393,-14482000,-14418000,-14625068,0,0,0,1,2.208,
1000469,64,0,1477013055876936988,-14332000,-14300000,-14625068,0,0,0,1,2.477,
1000470,64,0,5554668767144738910,-14402000,-14358000,-14625068,0,0,0,1,2.282,
1000471,64,0,14437334818617192286,-14406000,-14368000,-14625068,0,0,0,1,2.394,
1000472,64,0,8498251857625954723,-14294000,-14252000,-14625068,0,0,0,1,2.301,
1000473,64,0,5573786702826265473,-14352000,-14314000,-14625068,0,0,0,1,2.383,
1000474,64,0,14256304849399799701,-14334000,-14302000,-14625068,0,0,0,1,2.287,
1000475,64,0,8230013976046110824,-14446000,-14416000,-14625068,0,0,0,1,2.461,
1000476,64,0,16604137721125037921,-14346000,-14312000,-14625068,0,0,0,1,2.357,
1000477,64,0,1004151408042932877,-14436000,-14390000,-14625068,0,0,0,1,2.365,
1000478,64,0,9348505154907788339,-14314000,-14278000,-14625068,0,0,0,1,2.322,
1000479,64,0,8168653147683967263,-14394000,-14364000,-14625068,0,0,0,1,2.575,
1000480,64,0,16860398905395822896,-14340000,-14304000,-14625068,0,0,0,1,2.563,
1000481,64,0,17082909527445842328,-14398000,-14350000,-14625068,0,0,0,1,2.322,
1000482,64,0,6537086840829094051,-14382000,-14340000,-14625068,0,0,0,1,2.361,
1000483,64,0,5543935980724893691,-14414000,-14364000,-14625068,0,0,0,1,2.362,
1000484,64,0,3761076814525537574,-14382000,-14348000,-14625068,0,0,0,1,2.328,
1000485,64,0,17041482259259195120,-14466000,-14426000,-14625068,0,0,0,1,2.363,
1000486,64,0,13932565011794051912,-14352000,-14318000,-14625068,0,0,0,1,2.287,
1000487,64,0,12135788212404405653,-14462000,-14434000,-14625068,0,0,0,1,2.3,
1000488,64,0,7059809648477352332,-14378000,-14338000,-14625068,0,0,0,1,2.468,
1000489,64,0,5041553731356717372,-14342000,-14290000,-14625068,0,0,0,1,2.314,
1000490,64,0,14231509546543753305,-14360000,-14326000,-14625068,0,0,0,1,2.405,
1000491,64,0,3647966133250920124,-14430000,-14380000,-14625068,0,0,0,1,2.516,
1000492,64,0,7953553895289438459,-14402000,-14362000,-14625068,0,0,0,1,2.42,
1000493,64,0,6121300459500021997,-14410000,-14362000,-14625068,0,0,0,1,2.379,
1000494,64,0,4801570938281941751,-14406000,-14350000,-14625068,0,0,0,1,2.4,
1000495,64,0,12184327875736354947,-14408000,-14358000,-14625068,0,0,0,1,2.229,
1000496,64,0,15782774563711113269,-14420000,-14388000,-14625068,0,0,0,1,2.273,
1000497,64,0,12525023160689941287,-14406000,-14354000,-14625068,0,0,0,1,2.46,
1000498,64,0,12933165609993577719,-14346000,-14296000,-14625068,0,0,0,1,2.462,
1000499,64,0,15709972268689886674,-14438000,-14408000,-14625068,0,0,0,1,2.286,
1000500,64,0,5577596080154633477,-14342000,-14288000,-14625068,0,0,0,1,2.44,
1000501,64,0,4866593101846168676,-14270000,-14232000,-14625068,0,0,0,1,2.399,
1000502,64,0,3990081804024671508,-14360000,-14318000,-14625068,0,0,0,1,2.292,
1000503,64,0,7344514341280942681,-14392000,-14348000,-14625068,0,0,0,1,2.389,
1000504,64,0,6999665778225464310,-14350000,-14312000,-14625068,0,0,0,1,2.304,
1000505,64,0,5568673221082982771,-14460000,-14412000,-14625068,0,0,0,1,3.149,
1000506,64,0,5882031487951948687,-14406000,-14370000,-14625068,0,0,0,1,3.143,
1000507,64,0,7257765079905625253,-14338000,-14300000,-14625068,0,0,0,1,2.364,
1000508,64,0,15593223314836231203,-14374000,-14336000,-14625068,0,0,0,1,2.33,
1000509,64,0,13437948238487172898,-14334000,-14292000,-14625068,0,0,0,1,3.173,
1000510,64,0,12430635855851872029,-14344000,-14294000,-14625068,0,0,0,1,2.648,
1000511,64,0,13198928847360346331,-14448000,-14394000,-14625068,0,0,0,1,2.343,
1000512,64,0,6843671980255344516,-14472000,-14426000,-14625068,0,0,0,1,2.443,
1000513,64,0,9014891500591297519,-14368000,-14322000,-14625068,0,0,0,1,2.536,
1000514,64,0,14284800813900001277,-14350000,-14310000,-14625068,0,0,0,1,2.387,
1000515,64,0,6551609402153686074,-14412000,-14370000,-14625068,0,0,0,1,2.372,
1000516,64,0,7595472054960785903,-14502000,-14460000,-14625068,0,0,0,1,2.345,
1000517,64,0,17672145582259393011,-14394000,-14360000,-14625068,0,0,0,1,2.381,
1000518,64,0,15123690090267735405,-14430000,-14386000,-14625068,0,0,0,1,2.255,
1000519,64,0,301156484965185863,-14384000,-14340000,-14625068,0,0,0,1,2.123,
1000520,64,0,16922260597800869747,-14364000,-14328000,-14625068,0,0,0,1,2.412,
1000521,64,0,10869226357247736650,-14426000,-14370000,-14625068,0,0,0,1,2.493,
1000522,64,0,3532842072948574284,-14462000,-14420000,-14625068,0,0,0,1,2.502,
1000523,64,0,9215371476522300769,-14448000,-14398000,-14625068,0,0,0,1,2.303,
1000524,64,0,12542057385802042532,-14330000,-14286000,-14625068,0,0,0,1,2.435,
1000525,64,0,10001709080424078668,-14482000,-14436000,-14625068,0,0,0,1,2.279,
1000526,64,0,17961122105374108624,-14376000,-14336000,-14625068,0,0,0,1,2.308,
1000527,64,0,9685890651460077667,-14406000,-14368000,-14625068,0,0,0,1,2.324,
1000528,64,0,2544601402423463810,-14368000,-14322000,-14625068,0,0,0,1,2.497,
1000529,64,0,14786378134947278214,-14484000,-14450000,-14625068,0,0,0,1,2.358,
1000530,64,0,13099572902659056180,-14420000,-14384000,-14625068,0,0,0,1,2.451,
1000531,64,0,4685756029111050136,-14418000,-14372000,-14625068,0,0,0,1,2.455,
1000532,64,0,12739794727239307395,-14396000,-14366000,-14625068,0,0,0,1,2.421,
1000533,64,0,4996708735951809705,-14358000,-14310000,-14625068,0,0,0,1,2.214,
1000534,64,0,12889245359439358564,-14470000,-14418000,-14625068,0,0,0,1,2.342,
1000535,64,0,10991960338570848076,-14446000,-14406000,-14625068,0,0,0,1,2.317,
1000536,64,0,1507596070481554910,-14330000,-14296000,-14625068,0,0,0,1,2.495,
1000537,64,0,5727612315233290763,-14358000,-14314000,-14625068,0,0,0,1,2.395,
1000538,64,0,7234995766367598480,-14472000,-14428000,-14625068,0,0,0,1,2.378,
1000539,64,0,5426884346920014701,-14474000,-14432000,-14625068,0,0,0,1,2.428,
1000540,64,0,14731385287432648215,-14378000,-14328000,-14625068,0,0,0,1,2.398,
1000541,64,0,13260012456801639406,-14440000,-14394000,-14625068,0,0,0,1,2.383,
1000542,64,0,11366591721604289781,-14372000,-14318000,-14625068,0,0,0,1,2.35,
1000543,64,0,4520747486364928201,-14350000,-14304000,-14625068,0,0,0,1,2.237,
1000544,64,0,10610191204232054439,-14426000,-14368000,-14625068,0,0,0,1,2.498,
1000545,64,0,3101297566712447256,-14392000,-14350000,-14625068,0,0,0,1,2.439,
1000546,64,0,5484261550663480935,-14334000,-14300000,-14625068,0,0,0,1,2.361,
1000547,64,0,7603222937783181855,-14398000,-14350000,-14625068,0,0,0,1,2.397,
1000548,64,0,5418300367953806876,-14282000,-14228000,-14625068,0,0,0,1,2.432,
1000549,64,0,17022462586054989305,-14384000,-14340000,-14625068,0,0,0,1,2.354,
1000550,64,0,16651941570513297969,-14276000,-14242000,-14625068,0,0,0,1,2.341,
1000551,64,0,12800329256717765592,-14362000,-14324000,-14625068,0,0,0,1,2.314,
1000552,64,0,11937906765383763164,-14384000,-14350000,-14625068,0,0,0,1,2.298,
1000553,64,0,453838421117114324,-14404000,-14364000,-14625068,0,0,0,1,2.479,
1000554,64,0,6613362083655805983,-14370000,-14336000,-14625068,0,0,0,1,2.426,
1000555,64,0,3458732439334713477,-14362000,-14332000,-14625068,0,0,0,1,2.347,
1000556,64,0,17735733016090371005,-14364000,-14326000,-14625068,0,0,0,1,2.312,
1000557,64,0,4804458450729273260,-14380000,-14346000,-14625068,0,0,0,1,2.476,
1000558,64,0,12282898944993633152,-14410000,-14360000,-14625068,0,0,0,1,2.399,
1000559,64,0,3973783389541290878,-14388000,-14350000,-14625068,0,0,0,1,2.344,
1000560,64,0,14000978104817461506,-14484000,-14430000,-14625068,0,0,0,1,2.489,
1000561,64,0,6262746964962212539,-14436000,-14396000,-14625068,0,0,0,1,2.354,
1000562,64,0,11861211185542873027,-14388000,-14344000,-14625068,0,0,0,1,2.531,
1000563,64,0,1838856379576699488,-14452000,-14414000,-14625068,0,0,0,1,2.329,
1000564,64,0,11219367732532110299,-14372000,-14332000,-14625068,0,0,0,1,2.518,
1000565,64,0,2049699452072085525,-14376000,-14334000,-14625068,0,0,0,1,2.427,
1000566,64,0,13394963142413387228,-14376000,-14338000,-14625068,0,0,0,1,2.467,
1000567,64,0,11945671833073176243,-14390000,-14346000,-14625068,0,0,0,1,2.265,
1000568,64,0,15401257577042011181,-14412000,-14370000,-14625068,0,0,0,1,2.479,
1000569,64,0,15051941913002614710,-14342000,-14302000,-14625068,0,0,0,1,2.405,
1000570,64,0,9993988345995746596,-14480000,-14428000,-14625068,0,0,0,1,2.406,
1000571,64,0,2410241900529004175,-14404000,-14368000,-14625068,0,0,0,1,2.364,
1000572,64,0,6309512251526930137,-14468000,-14424000,-14625068,0,0,0,1,2.35,
1000573,64,0,2409587492546902905,-14430000,-14378000,-14625068,0,0,0,1,2.393,
1000574,64,0,857128228850107388,-14470000,-14418000,-14625068,0,0,0,1,2.282,
1000575,64,0,13656850494652583064,-14338000,-14290000,-14625068,0,0,0,1,2.364,
1000576,64,0,16336735157008346012,-14462000,-14432000,-14625068,0,0,0,1,2.478,
1000577,64,0,9578697498094099677,-14324000,-14290000,-14625068,0,0,0,1,2.497,
1000578,64,0,9577452131361657587,-14440000,-14382000,-14625068,0,0,0,1,2.433,
1000579,64,0,248594287870987037,-14346000,-14310000,-14625068,0,0,0,1,2.345,
1000580,64,0,13522373759083569576,-14324000,-14272000,-14625068,0,0,0,1,2.333,
1000581,64,0,10444588921797408396,-14400000,-14366000,-14625068,0,0,0,1,2.283,
1000582,64,0,16206748089955680371,-14436000,-14382000,-14625068,0,0,0,1,2.377,
1000583,64,0,13567221673558119417,-14314000,-14272000,-14625068,0,0,0,1,2.304,
1000584,64,0,17441913174260920983,-14340000,-14296000,-14625068,0,0,0,1,2.459,
1000585,64,0,7413553062782718189,-14448000,-14408000,-14625068,0,0,0,1,2.488,
1000586,64,0,12180126491559366367,-14408000,-14346000,-14625068,0,0,0,1,2.434,
1000587,64,0,6182187205249104189,-14358000,-14316000,-14625068,0,0,0,1,2.313,
1000588,64,0,8623560440181596325,-14426000,-14382000,-14625068,0,0,0,1,2.359,
1000589,64,0,14429440804714787617,-14406000,-14366000,-14625068,0,0,0,1,2.364,
1000590,64,0,792685910553479891,-14374000,-14332000,-14625068,0,0,0,1,2.321,
1000591,64,0,3227189712194987556,-14388000,-14342000,-14625068,0,0,0,1,2.278,
1000592,64,0,4829090537370735842,-14390000,-14358000,-14625068,0,0,0,1,2.514,
1000593,64,0,13666253319150330051,-14434000,-14394000,-14625068,0,0,0,1,2.388,
1000594,64,0,13882532262856908863,-14348000,-14310000,-14625068,0,0,0,1,2.361,
1000595,64,0,3413204275321020169,-14314000,-14272000,-14625068,0,0,0,1,2.391,
1000596,64,0,13170929516959604246,-14390000,-14352000,-14625068,0,0,0,1,2.469,
1000597,64,0,4281571215618834490,-14332000,-14290000,-14625068,0,0,0,1,2.371,
1000598,64,0,6173791788628600118,-14386000,-14332000,-14625068,0,0,0,1,2.367,
1000599,64,0,11842808381598089559,-14412000,-14372000,-14625068,0,0,0,1,2.278,
1000600,64,0,17184505468653106114,-14346000,-14298000,-14625068,0,0,0,1,2.278,
1000601,64,0,6491900568689237143,-14368000,-14334000,-14625068,0,0,0,1,2.34,
1000602,64,0,3413466348151277478,-14404000,-14360000,-14625068,0,0,0,1,2.517,
1000603,64,0,7832272758172314973,-14338000,-14292000,-14625068,0,0,0,1,2.307,
1000604,64,0,7517691091745241246,-14442000,-14396000,-14625068,0,0,0,1,2.344,
1000605,64,0,8529511376967057201,-14406000,-14352000,-14625068,0,0,0,1,2.406,
1000606,64,0,2280636407410166795,-14328000,-14292000,-14625068,0,0,0,1,2.474,
1000607,64,0,15645036585851306808,-14314000,-14282000,-14625068,0,0,0,1,2.343,
1000608,64,0,13767588733652284321,-14312000,-14260000,-14625068,0,0,0,1,2.805,
1000609,64,0,7632950625164059111,-14318000,-14260000,-14625068,0,0,0,1,2.385,
1000610,64,0,4459015348451127942,-14404000,-14370000,-14625068,0,0,0,1,2.356,
1000611,64,0,2786639268087108162,-14400000,-14358000,-14625068,0,0,0,1,2.346,
1000612,64,0,12007973376479922689,-14410000,-14362000,-14625068,0,0,0,1,2.547,
1000613,64,0,7162086079066532700,-14276000,-14240000,-14625068,0,0,0,1,2.283,
1000614,64,0,17486586128463256812,-14368000,-14328000,-14625068,0,0,0,1,2.419,
1000615,64,0,4193134005099671883,-14458000,-14420000,-14625068,0,0,0,1,2.429,
1000616,64,0,17372858367781276148,-14486000,-14440000,-14625068,0,0,0,1,2.495,
1000617,64,0,17683120470662616987,-14416000,-14372000,-14625068,0,0,0,1,2.368,
1000618,64,0,12470638178723013206,-14334000,-14302000,-14625068,0,0,0,1,2.371,
1000619,64,0,12293311739514650504,-14372000,-14338000,-14625068,0,0,0,1,2.326,
1000620,64,0,8999940716584714970,-14418000,-14364000,-14625068,0,0,0,1,2.404,
1000621,64,0,14238034918005695124,-14432000,-14384000,-14625068,0,0,0,1,2.43,
1000622,64,0,11018631156548712328,-14382000,-14336000,-14625068,0,0,0,1,4.465,
1000623,64,0,14010281481813815975,-14430000,-14394000,-14625068,0,0,0,1,2.205,
1000624,64,0,2362037600048077980,-14446000,-14418000,-14625068,0,0,0,1,2.345,
1000625,64,0,5654548356660374120,-14352000,-14320000,-14625068,0,0,0,1,2.356,
1000626,64,0,15848775742790761871,-14384000,-14334000,-14625068,0,0,0,1,2.362,
1000627,64,0,15816541966175598628,-14406000,-14368000,-14625068,0,0,0,1,2.416,
1000628,64,0,10247265734127479829,-14306000,-14264000,-14625068,0,0,0,1,2.432,
1000629,64,0,12919501197302288205,-14382000,-14338000,-14625068,0,0,0,1,2.271,
1000630,64,0,16583084330128725831,-14370000,-14324000,-14625068,0,0,0,1,2.239,
1000631,64,0,4974350644836006848,-14354000,-14306000,-14625068,0,0,0,1,2.06,
1000632,64,0,11015631912154649306,-14298000,-14262000,-14625068,0,0,0,1,2.425,
1000633,64,0,3892526066440355525,-14390000,-14342000,-14625068,0,0,0,1,2.35,
1000634,64,0,16064517987304043138,-14424000,-14384000,-14625068,0,0,0,1,3.426,
1000635,64,0,8827266051588564232,-14476000,-14438000,-14625068,0,0,0,1,2.232,
1000636,64,0,8970841686757185553,-14396000,-14338000,-14625068,0,0,0,1,2.353,
1000637,64,0,262880304070657974,-14428000,-14386000,-14625068,0,0,0,1,2.343,
1000638,64,0,17422215509434261267,-14452000,-14410000,-14625068,0,0,0,1,4.258,
1000639,64,0,14558770503309010377,-14360000,-14324000,-14625068,0,0,0,1,2.069,
1000640,64,0,4107631040279235717,-14348000,-14314000,-14625068,0,0,0,1,2.359,
1000641,64,0,5215166675762868330,-14414000,-14384000,-14625068,0,0,0,1,2.328,
1000642,64,0,7599198292999830703,-14286000,-14252000,-14625068,0,0,0,1,2.684,
1000643,64,0,2767974462860685580,-14330000,-14294000,-14625068,0,0,0,1,2.362,
1000644,64,0,3890372284424108951,-14434000,-14378000,-14625068,0,0,0,1,2.273,
1000645,64,0,16966031673657994093,-14414000,-14386000,-14625068,0,0,0,1,2.265,
1000646,64,0,6375522258650264484,-14426000,-14386000,-14625068,0,0,0,1,2.118,
1000647,64,0,9094808683768267035,-14368000,-14334000,-14625068,0,0,0,1,2.06,
1000648,64,0,12945786242022561023,-14434000,-14390000,-14625068,0,0,0,1,2.33,
1000649,64,0,622140514329600849,-14422000,-14380000,-14625068,0,0,0,1,2.378,
1000650,64,0,1778369009134808165,-14422000,-14382000,-14625068,0,0,0,1,2.255,
1000651,64,0,6659920856855015109,-14314000,-14280000,-14625068,0,0,0,1,4.427,
1000652,64,0,6883266772751592893,-14386000,-14344000,-14625068,0,0,0,1,2.295,
1000653,64,0,1744224560227860247,-14278000,-14248000,-14625068,0,0,0,1,2.209,
1000654,64,0,661971388047127421,-14430000,-14392000,-14625068,0,0,0,1,4.073,
1000655,64,0,2983289143718811682,-14384000,-14344000,-14625068,0,0,0,1,4.065,
1000656,64,0,14808929288341344187,-14368000,-14328000,-14625068,0,0,0,1,2.316,
1000657,64,0,13652019312982038227,-14384000,-14348000,-14625068,0,0,0,1,2.192,
1000658,64,0,10747497331412405214,-14414000,-14370000,-14625068,0,0,0,1,2.195,
1000659,64,0,4070903735556480902,-14348000,-14296000,-14625068,0,0,0,1,2.249,
1000660,64,0,3159789309227465127,-14338000,-14302000,-14625068,0,0,0,1,2.234,
1000661,64,0,4011224611555363543,-14274000,-14238000,-14625068,0,0,0,1,2.065,
1000662,64,0,17961072773482645687,-14372000,-14326000,-14625068,0,0,0,1,2.058,
1000663,64,0,5186302039105763055,-14360000,-14310000,-14625068,0,0,0,1,2.446,
1000664,64,0,424969719105972891,-14390000,-14340000,-14625068,0,0,0,1,2.199,
1000665,64,0,1750186409703804624,-14442000,-14384000,-14625068,0,0,0,1,2.344,
1000666,64,0,15163328585253969343,-14432000,-14400000,-14625068,0,0,0,1,2.34,
1000667,64,0,10996924948006791524,-14386000,-14324000,-14625068,0,0,0,1,2.279,
1000668,64,0,1377892752658468153,-14456000,-14420000,-14625068,0,0,0,1,2.292,
1000669,64,0,13733166102596714141,-14376000,-14324000,-14625068,0,0,0,1,2.063,
1000670,64,0,4405459974882993257,-14486000,-14434000,-14625068,0,0,0,1,2.066,
1000671,64,0,8484110615606501119,-14324000,-14286000,-14625068,0,0,0,1,2.364,
1000672,64,0,16748239072718733271,-14346000,-14302000,-14625068,0,0,0,1,2.342,
1000673,64,0,8568018867447735225,-14350000,-14314000,-14625068,0,0,0,1,2.333,
1000674,64,0,11895445791601245448,-14466000,-14422000,-14625068,0,0,0,1,2.193,
1000675,64,0,13828815736231293833,-14400000,-14370000,-14625068,0,0,0,1,2.259,
1000676,64,0,6330125401799343180,-14384000,-14350000,-14625068,0,0,0,1,4.239,
1000677,64,0,3448037184292145228,-14412000,-14378000,-14625068,0,0,0,1,2.101,
1000678,64,0,11256882688419626338,-14356000,-14310000,-14625068,0,0,0,1,2.066,
1000679,64,0,5888721007255275732,-14370000,-14332000,-14625068,0,0,0,1,2.292,
1000680,64,0,16102945645243459862,-14394000,-14364000,-14625068,0,0,0,1,4.249,
1000681,64,0,3382054278024138349,-14380000,-14338000,-14625068,0,0,0,1,2.21,
1000682,64,0,9982775030395041105,-14390000,-14348000,-14625068,0,0,0,1,2.173,
1000683,64,0,4851073226510389481,-14388000,-14342000,-14625068,0,0,0,1,4.222,
1000684,64,0,18184949098947111845,-14400000,-14332000,-14625068,0,0,0,1,2.081,
1000685,64,0,2937404460287276611,-14428000,-14386000,-14625068,0,0,0,1,2.088,
1000686,64,0,13477131728554125752,-14408000,-14368000,-14625068,0,0,0,1,2.064,
1000687,64,0,17503512135760137446,-14360000,-14326000,-14625068,0,0,0,1,2.172,
1000688,64,0,17126162280547813782,-14384000,-14340000,-14625068,0,0,0,1,2.175,
1000689,64,0,10407201740933669178,-14432000,-14388000,-14625068,0,0,0,1,2.1,
1000690,64,0,6989424564470246529,-14370000,-14322000,-14625068,0,0,0,1,2.093,
1000691,64,0,8681061277260818631,-14402000,-14354000,-14625068,0,0,0,1,2.101,
1000692,64,0,3107857329038747704,-14396000,-14350000,-14625068,0,0,0,1,2.065,
1000693,64,0,14622802619531899534,-14382000,-14326000,-14625068,0,0,0,1,2.076,
1000694,64,0,3326399968722370047,-14378000,-14342000,-14625068,0,0,0,1,2.081,
1000695,64,0,3748489871373500616,-14420000,-14372000,-14625068,0,0,0,1,2.15,
1000696,64,0,9618583500226918154,-14396000,-14352000,-14625068,0,0,0,1,2.098,
1000697,64,0,18115153414920875366,-14338000,-14302000,-14625068,0,0,0,1,2.544,
1000698,64,0,18046980080904108961,-14486000,-14428000,-14625068,0,0,0,1,2.123,
1000699,64,0,91395821788494299,-14408000,-14364000,-14625068,0,0,0,1,4.099,
1000700,64,0,8929671349834742149,-14372000,-14332000,-14625068,0,0,0,1,4.073,
1000701,64,0,14111679530264187117,-14436000,-14398000,-14625068,0,0,0,1,2.11,
1000702,64,0,9629650815529540530,-14358000,-14298000,-14625068,0,0,0,1,2.079,
1000703,64,0,4488980051649775317,-14390000,-14344000,-14625068,0,0,0,1,2.08,
1000704,64,0,1811855806742901845,-14362000,-14332000,-14625068,0,0,0,1,2.237,
1000705,64,0,1184963779266655115,-14348000,-14296000,-14625068,0,0,0,1,2.058,
1000706,64,0,463475175074305466,-14284000,-14240000,-14625068,0,0,0,1,2.062,
1000707,64,0,5284230889673062960,-14488000,-14424000,-14625068,0,0,0,1,2.098,
1000708,64,0,1449815720076455467,-14478000,-14434000,-14625068,0,0,0,1,2.077,
1000709,64,0,865023429972869405,-14326000,-14300000,-14625068,0,0,0,1,2.065,
1000710,64,0,9536048177563013605,-14378000,-14338000,-14625068,0,0,0,1,2.061,
1000711,64,0,3605035923442871186,-14318000,-14288000,-14625068,0,0,0,1,2.064,
1000712,64,0,13951386957669355812,-14442000,-14404000,-14625068,0,0,0,1,2.062,
1000713,64,0,1071242622986931391,-14378000,-14322000,-14625068,0,0,0,1,2.059,
1000714,64,0,10286499999158223708,-14350000,-14300000,-14625068,0,0,0,1,2.061,
1000715,64,0,6681697859975381753,-14438000,-14398000,-14625068,0,0,0,1,4.141,
1000716,64,0,12108423632135693353,-14476000,-14432000,-14625068,0,0,0,1,2.115,
1000717,64,0,14611624575817010012,-14274000,-14230000,-14625068,0,0,0,1,4.113,
1000718,64,0,2102903991126088424,-14434000,-14396000,-14625068,0,0,0,1,4.1,
1000719,64,0,541459514073267699,-14448000,-14386000,-14625068,0,0,0,1,2.072,
1000720,64,0,15805331100610012298,-14432000,-14386000,-14625068,0,0,0,1,2.063,
1000721,64,0,2074236658561969171,-14418000,-14380000,-14625068,0,0,0,1,2.061,
1000722,64,0,14554729831800109937,-14438000,-14400000,-14625068,0,0,0,1,2.07,
1000723,64,0,15957314203248786830,-14422000,-14392000,-14625068,0,0,0,1,2.065,
1000724,64,0,12117584988794196430,-14310000,-14268000,-14625068,0,0,0,1,2.062,
1000725,64,0,9176304859465688822,-14384000,-14326000,-14625068,0,0,0,1,2.115,
1000726,64,0,1452784070381693060,-14306000,-14264000,-14625068,0,0,0,1,2.085,
1000727,64,0,15236224618359227012,-14360000,-14302000,-14625068,0,0,0,1,2.063,
1000728,64,0,2640732420871963472,-14312000,-14260000,-14625068,0,0,0,1,2.108,
1000729,64,0,6490593654587399888,-14388000,-14330000,-14625068,0,0,0,1,2.081,
1000730,64,0,12221482337494039044,-14292000,-14258000,-14625068,0,0,0,1,2.065,
1000731,64,0,15103897617806036640,-14426000,-14390000,-14625068,0,0,0,1,2.057,
1000732,64,0,1664419651634554598,-14450000,-14404000,-14625068,0,0,0,1,2.068,
1000733,64,0,5703785112002299829,-14418000,-14374000,-14625068,0,0,0,1,2.127,
1000734,64,0,17209745031957325757,-14400000,-14362000,-14625068,0,0,0,1,2.078,
1000735,64,0,15195816458687332183,-14288000,-14248000,-14625068,0,0,0,1,2.06,
1000736,64,0,7715533875462093376,-14376000,-14336000,-14625068,0,0,0,1,2.202,
1000737,64,0,2179311025160568255,-14418000,-14370000,-14625068,0,0,0,1,2.143,
1000738,64,0,2686559085184690870,-14432000,-14384000,-14625068,0,0,0,1,2.112,
1000739,64,0,15414856482259101126,-14322000,-14284000,-14625068,0,0,0,1,2.062,
1000740,64,0,1268312219136990980,-14384000,-14348000,-14625068,0,0,0,1,2.066,
1000741,64,0,3243975570214975093,-14458000,-14400000,-14625068,0,0,0,1,2.087,
1000742,64,0,6369270123982423404,-14432000,-14394000,-14625068,0,0,0,1,2.082,
1000743,64,0,4407776516572305321,-14418000,-14370000,-14625068,0,0,0,1,2.06,
1000744,64,0,16392816285037924061,-14358000,-14304000,-14625068,0,0,0,1,2.239,
1000745,64,0,10002858536050456014,-14366000,-14290000,-14625068,0,0,0,1,2.188,
1000746,64,0,13598322320564536679,-14440000,-14392000,-14625068,0,0,0,1,2.223,
1000747,64,0,5131159576183999300,-14502000,-14458000,-14625068,0,0,0,1,2.2,
1000748,64,0,8933468263977535340,-14432000,-14366000,-14625068,0,0,0,1,2.071,
1000749,64,0,15870009258638110546,-14454000,-14408000,-14625068,0,0,0,1,2.084,
1000750,64,0,9052863413363701402,-14442000,-14412000,-14625068,0,0,0,1,2.102,
1000751,64,0,1736557676338779269,-14492000,-14442000,-14625068,0,0,0,1,2.064,
1000752,64,0,27726830151398706,-14312000,-14268000,-14625068,0,0,0,1,2.329,
1000753,64,0,11496862249785709844,-14426000,-14384000,-14625068,0,0,0,1,2.246,
1000754,64,0,1583686605217942363,-14398000,-14360000,-14625068,0,0,0,1,2.285,
1000755,64,0,14893907562016108973,-14374000,-14336000,-14625068,0,0,0,1,2.229,
1000756,64,0,11897794293839451197,-14430000,-14398000,-14625068,0,0,0,1,2.194,
1000757,64,0,2816956494318237339,-14388000,-14336000,-14625068,0,0,0,1,2.083,
1000758,64,0,2632935806317570221,-14474000,-14436000,-14625068,0,0,0,1,2.095,
1000759,64,0,11585828367539186562,-14474000,-14422000,-14625068,0,0,0,1,2.059,
1000760,64,0,4900308462324980153,-14396000,-14356000,-14625068,0,0,0,1,2.253,
1000761,64,0,1099888396812930535,-14390000,-14340000,-14625068,0,0,0,1,2.248,
1000762,64,0,8475087551603950197,-14414000,-14370000,-14625068,0,0,0,1,2.33,
1000763,64,0,3779930822361623710,-14420000,-14368000,-14625068,0,0,0,1,2.274,
1000764,64,0,416227047925693392,-14454000,-14398000,-14625068,0,0,0,1,2.179,
1000765,64,0,9629906401186268894,-14408000,-14364000,-14625068,0,0,0,1,2.105,
1000766,64,0,17205496074745450355,-14334000,-14292000,-14625068,0,0,0,1,2.058,
1000767,64,0,5056589101071502666,-14416000,-14364000,-14625068,0,0,0,1,2.062,
1000768,64,0,801086445882639715,-14378000,-14338000,-14625068,0,0,0,1,2.287,
1000769,64,0,3534492838005774480,-14470000,-14424000,-14625068,0,0,0,1,2.285,
1000770,64,0,10236403665121826172,-14372000,-14334000,-14625068,0,0,0,1,2.193,
1000771,64,0,24167037065922815,-14412000,-14376000,-14625068,0,0,0,1,2.191,
1000772,64,0,9647986230323404832,-14306000,-14268000,-14625068,0,0,0,1,2.264,
1000773,64,0,5801408894598843698,-14444000,-14406000,-14625068,0,0,0,1,2.113,
1000774,64,0,65667867697775881,-14444000,-14396000,-14625068,0,0,0,1,2.107,
1000775,64,0,15325063844086692363,-14348000,-14316000,-14625068,0,0,0,1,2.063,
1000776,64,0,4187920194831769882,-14370000,-14334000,-14625068,0,0,0,1,2.517,
1000777,64,0,9816592946384833341,-14448000,-14416000,-14625068,0,0,0,1,2.48,
1000778,64,0,14591968090316896077,-14388000,-14342000,-14625068,0,0,0,1,2.434,
1000779,64,0,12108406041238244104,-14374000,-14324000,-14625068,0,0,0,1,2.413,
1000780,64,0,15716948648149496871,-14388000,-14344000,-14625068,0,0,0,1,2.346,
1000781,64,0,16344632294126481865,-14432000,-14380000,-14625068,0,0,0,1,4.293,
1000782,64,0,6758692803146310808,-14310000,-14276000,-14625068,0,0,0,1,2.331,
1000783,64,0,6360645691060942833,-14358000,-14320000,-14625068,0,0,0,1,2.203,
1000784,64,0,6196308575722761208,-14326000,-14288000,-14625068,0,0,0,1,2.433,
1000785,64,0,5850951834539419585,-14316000,-14286000,-14625068,0,0,0,1,2.223,
1000786,64,0,6371372800735876707,-14410000,-14374000,-14625068,0,0,0,1,2.345,
1000787,64,0,10610772606267971540,-14376000,-14346000,-14625068,0,0,0,1,2.328,
1000788,64,0,6084848708513236105,-14394000,-14344000,-14625068,0,0,0,1,2.377,
1000789,64,0,5638310799437804231,-14480000,-14438000,-14625068,0,0,0,1,2.377,
1000790,64,0,17598477246265494954,-14366000,-14328000,-14625068,0,0,0,1,2.322,
1000791,64,0,11850918034040767605,-14394000,-14356000,-14625068,0,0,0,1,2.069,
1000792,64,0,682335409332386818,-14452000,-14390000,-14625068,0,0,0,1,2.33,
1000793,64,0,10340878086986732705,-14406000,-14364000,-14625068,0,0,0,1,2.399,
1000794,64,0,12674402512467447416,-14352000,-14298000,-14625068,0,0,0,1,2.476,
1000795,64,0,8293578914422463131,-14424000,-14384000,-14625068,0,0,0,1,4.325,
1000796,64,0,3537829224793603065,-14388000,-14332000,-14625068,0,0,0,1,2.307,
1000797,64,0,2663958459534624105,-14456000,-14422000,-14625068,0,0,0,1,4.388,
1000798,64,0,7238482049984643879,-14384000,-14352000,-14625068,0,0,0,1,2.364,
1000799,64,0,16884856054278612309,-14374000,-14310000,-14625068,0,0,0,1,2.094,
1000000,64,1,13488721827060505272,-14406000,-14360000,-14625068,0,0,0,1,2.374,
1000001,64,1,8516917387517484186,-14358000,-14324000,-14625068,0,0,0,1,2.27,
1000002,64,1,4185424371983903964,-14386000,-14350000,-14625068,0,0,0,1,2.318,
1000003,64,1,15214062497338139047,-14350000,-14318000,-14625068,0,0,0,1,2.254,
1000004,64,1,4573787723754591699,-14428000,-14366000,-14625068,0,0,0,1,2.254,
1000005,64,1,17861296090399719438,-14366000,-14326000,-14625068,0,0,0,1,2.064,
1000006,64,1,11450684851263033768,-14414000,-14374000,-14625068,0,0,0,1,2.118,
1000007,64,1,16741852419658964425,-14408000,-14366000,-14625068,0,0,0,1,2.073,
1000008,64,1,9650883038127784416,-14362000,-14326000,-14625068,0,0,0,1,2.356,
1000009,64,1,7223338200941336176,-14406000,-14352000,-14625068,0,0,0,1,2.287,
1000010,64,1,14663979831470889745,-14374000,-14338000,-14625068,0,0,0,1,2.235,
1000011,64,1,3295418699595873967,-14414000,-14374000,-14625068,0,0,0,1,2.263,
1000012,64,1,510824146507037002,-14396000,-14354000,-14625068,0,0,0,1,2.328,
1000013,64,1,5824857172333991251,-14332000,-14286000,-14625068,0,0,0,1,2.061,
1000014,64,1,9250363739661614294,-14500000,-14450000,-14625068,0,0,0,1,2.125,
1000015,64,1,16038102571382575012,-14396000,-14354000,-14625068,0,0,0,1,2.111,
1000016,64,1,9962440764950491345,-14400000,-14366000,-14625068,0,0,0,1,2.377,
1000017,64,1,18112009712736261430,-14466000,-14418000,-14625068,0,0,0,1,2.294,
1000018,64,1,16329492998925545292,-14340000,-14302000,-14625068,0,0,0,1,4.294,
1000019,64,1,652518534884036078,-14414000,-14368000,-14625068,0,0,0,1,2.287,
1000020,64,1,5966765479139435171,-14436000,-14390000,-14625068,0,0,0,1,2.253,
1000021,64,1,12714739086152079545,-14484000,-14426000,-14625068,0,0,0,1,2.067,
1000022,64,1,12571766918893438790,-14298000,-14250000,-14625068,0,0,0,1,2.096,
1000023,64,1,1026902394600279999,-14296000,-14266000,-14625068,0,0,0,1,2.095,
1000024,64,1,5265864387552303757,-14422000,-14384000,-14625068,0,0,0,1,2.226,
1000025,64,1,15879762155927957108,-14362000,-14328000,-14625068,0,0,0,1,2.298,
1000026,64,1,8440428582769707803,-14494000,-14464000,-14625068,0,0,0,1,2.193,
1000027,64,1,13827096076082919237,-14300000,-14260000,-14625068,0,0,0,1,2.147,
1000028,64,1,13975399306726012394,-14362000,-14332000,-14625068,0,0,0,1,2.063,
1000029,64,1,17732675514678139260,-14366000,-14318000,-14625068,0,0,0,1,2.1,
1000030,64,1,12033504670202469871,-14366000,-14326000,-14625068,0,0,0,1,2.096,
1000031,64,1,17142188282640651690,-14448000,-14408000,-14625068,0,0,0,1,2.068,
1000032,64,1,4923677027653792875,-14452000,-14410000,-14625068,0,0,0,1,2.231,
1000033,64,1,11323326145704600517,-14360000,-14320000,-14625068,0,0,0,1,2.302,
1000034,64,1,5521704138516328947,-14442000,-14394000,-14625068,0,0,0,1,2.213,
1000035,64,1,2551544127883747066,-14358000,-14304000,-14625068,0,0,0,1,2.152,
1000036,64,1,17403145364237205717,-14356000,-14312000,-14625068,0,0,0,1,2.081,
1000037,64,1,13223274005489394,-14364000,-14324000,-14625068,0,0,0,1,2.097,
1000038,64,1,5526887444504245310,-14398000,-14350000,-14625068,0,0,0,1,2.099,
1000039,64,1,12426019491258627845,-14426000,-14380000,-14625068,0,0,0,1,2.063,
1000040,64,1,13623239756049076723,-14280000,-14238000,-14625068,0,0,0,1,2.343,
1000041,64,1,13063811790026452085,-14336000,-14290000,-14625068,0,0,0,1,2.351,
1000042,64,1,1659201007203851673,-14334000,-14282000,-14625068,0,0,0,1,2.212,
1000043,64,1,1330206814630833662,-14426000,-14376000,-14625068,0,0,0,1,2.237,
1000044,64,1,15739404871460134896,-14394000,-14340000,-14625068,0,0,0,1,2.182,
1000045,64,1,15098454312948485698,-14398000,-14340000,-14625068,0,0,0,1,2.096,
1000046,64,1,7782797193876496317,-14482000,-14438000,-14625068,0,0,0,1,2.095,
1000047,64,1,12878817907476114984,-14442000,-14374000,-14625068,0,0,0,1,2.065,
1000048,64,1,10285492621787444302,-14414000,-14352000,-14625068,0,0,0,1,2.331,
1000049,64,1,8733819888396314655,-14346000,-14314000,-14625068,0,0,0,1,2.367,
1000050,64,1,2862242593223087276,-14430000,-14384000,-14625068,0,0,0,1,2.237,
1000051,64,1,12275518896907471722,-14416000,-14376000,-14625068,0,0,0,1,2.296,
1000052,64,1,7103794720699794955,-14430000,-14368000,-14625068,0,0,0,1,2.183,
1000053,64,1,1898549460961370624,-14440000,-14404000,-14625068,0,0,0,1,2.131,
1000054,64,1,13593400046194545184,-14428000,-14380000,-14625068,0,0,0,1,2.082,
1000055,64,1,12411862375539601841,-14470000,-14428000,-14625068,0,0,0,1,2.065,
1000056,64,1,12404237850805985821,-14434000,-14390000,-14625068,0,0,0,1,2.315,
1000057,64,1,6215099381583539107,-14354000,-14318000,-14625068,0,0,0,1,2.335,
1000058,64,1,5194526334313792693,-14372000,-14330000,-14625068,0,0,0,1,2.249,
1000059,64,1,4610514478055024675,-14384000,-14334000,-14625068,0,0,0,1,4.221,
1000060,64,1,8082823097859800139,-14366000,-14320000,-14625068,0,0,0,1,2.287,
1000061,64,1,3101413660586702693,-14368000,-14330000,-14625068,0,0,0,1,2.113,
1000062,64,1,1982553021215176705,-14434000,-14398000,-14625068,0,0,0,1,2.136,
1000063,64,1,5746935908859324352,-14398000,-14356000,-14625068,0,0,0,1,2.07,
1000064,64,1,18161434322544562708,-14390000,-14346000,-14625068,0,0,0,1,4.344,
1000065,64,1,13163287558308389280,-14390000,-14348000,-14625068,0,0,0,1,2.23,
1000066,64,1,13632543692073934448,-14348000,-14310000,-14625068,0,0,0,1,4.201,
1000067,64,1,4061708966757317025,-14398000,-14344000,-14625068,0,0,0,1,4.221,
1000068,64,1,12718830812633752131,-14450000,-14424000,-14625068,0,0,0,1,4.242,
1000069,64,1,13792330211998818459,-14490000,-14436000,-14625068,0,0,0,1,4.273,
1000070,64,1,15863388074887540165,-14382000,-14326000,-14625068,0,0,0,1,2.473,
1000071,64,1,10556491668152547825,-14352000,-14312000,-14625068,0,0,0,1,2.265,
1000072,64,1,10670286178589175963,-14354000,-14312000,-14625068,0,0,0,1,2.17,
1000073,64,1,13779773804540651745,-14338000,-14280000,-14625068,0,0,0,1,2.092,
1000074,64,1,8349067321822567942,-14324000,-14294000,-14625068,0,0,0,1,2.285,
1000075,64,1,4696561986591247627,-14438000,-14390000,-14625068,0,0,0,1,2.361,
1000076,64,1,463969865110443086,-14414000,-14372000,-14625068,0,0,0,1,2.295,
1000077,64,1,3181821321352629003,-14358000,-14316000,-14625068,0,0,0,1,2.383,
1000078,64,1,4502375515830861666,-14368000,-14330000,-14625068,0,0,0,1,2.217,
1000079,64,1,16816432960897223904,-14316000,-14274000,-14625068,0,0,0,1,2.138,
1000080,64,1,9575878515828414457,-14390000,-14352000,-14625068,0,0,0,1,2.137,
1000081,64,1,15305668308298281433,-14350000,-14310000,-14625068,0,0,0,1,2.071,
1000082,64,1,4542523357165092435,-14470000,-14420000,-14625068,0,0,0,1,4.513,
1000083,64,1,13707756598864477698,-14398000,-14358000,-14625068,0,0,0,1,2.315,
1000084,64,1,18142208892382475631,-14400000,-14372000,-14625068,0,0,0,1,4.383,
1000085,64,1,5363659940062860348,-14366000,-14306000,-14625068,0,0,0,1,4.325,
1000086,64,1,15314907794403856053,-14466000,-14426000,-14625068,0,0,0,1,4.249,
1000087,64,1,15944339600354377807,-14382000,-14336000,-14625068,0,0,0,1,4.163,
1000088,64,1,8095538921178555450,-14438000,-14386000,-14625068,0,0,0,1,4.196,
1000089,64,1,8530543397569906668,-14374000,-14338000,-14625068,0,0,0,1,4.074,
1000090,64,1,47126575069620176,-14430000,-14398000,-14625068,0,0,0,1,2.199,
1000091,64,1,4175046380290404799,-14328000,-14284000,-14625068,0,0,0,1,2.471,
1000092,64,1,8759422421855253492,-14358000,-14312000,-14625068,0,0,0,1,2.444,
1000093,64,1,15083265383466123036,-14418000,-14380000,-14625068,0,0,0,1,2.587,
1000094,64,1,2694167260850318782,-14326000,-14288000,-14625068,0,0,0,1,2.715,
1000095,64,1,9803401119439934166,-14426000,-14396000,-14625068,0,0,0,1,2.385,
1000096,64,1,7010392820231012423,-14406000,-14354000,-14625068,0,0,0,1,2.22,
1000097,64,1,16919809474487612477,-14394000,-14354000,-14625068,0,0,0,1,2.326,
1000098,64,1,15601198880091742277,-14412000,-14378000,-14625068,0,0,0,1,4.072,
1000099,64,1,1692694051040222483,-14358000,-14324000,-14625068,0,0,0,1,4.751,
1000100,64,1,14141920628407002179,-14332000,-14288000,-14625068,0,0,0,1,4.748,
1000101,64,1,15535297055467693010,-14444000,-14380000,-14625068,0,0,0,1,4.612,
1000102,64,1,15370619578612114104,-14456000,-14406000,-14625068,0,0,0,1,4.553,
1000103,64,1,6095204289964441090,-14342000,-14308000,-14625068,0,0,0,1,4.456,
1000104,64,1,13634861336764588080,-14420000,-14372000,-14625068,0,0,0,1,4.595,
1000105,64,1,11588993616641400578,-14394000,-14352000,-14625068,0,0,0,1,4.298,
1000106,64,1,2682247556498858491,-14334000,-14292000,-14625068,0,0,0,1,2.079,
1000107,64,1,15218104044438427950,-14336000,-14298000,-14625068,0,0,0,1,2.075,
1000108,64,1,17185058415119398214,-14304000,-14264000,-14625068,0,0,0,1,2.516,
1000109,64,1,3812805706324045708,-14376000,-14342000,-14625068,0,0,0,1,2.464,
1000110,64,1,14878927390959391655,-14410000,-14370000,-14625068,0,0,0,1,2.463,
1000111,64,1,17404853273028254424,-14378000,-14332000,-14625068,0,0,0,1,2.361,
1000112,64,1,8661617681217859352,-14470000,-14420000,-14625068,0,0,0,1,2.271,
1000113,64,1,16653404376199168888,-14340000,-14302000,-14625068,0,0,0,1,2.308,
1000114,64,1,9374249212092737820,-14506000,-14464000,-14625068,0,0,0,1,2.206,
1000115,64,1,2771987641531379446,-14374000,-14334000,-14625068,0,0,0,1,2.061,
1000116,64,1,12207335112265517047,-14394000,-14358000,-14625068,0,0,0,1,4.452,
1000117,64,1,18422722217377096874,-14380000,-14338000,-14625068,0,0,0,1,4.502,
1000118,64,1,6917733250043796837,-14388000,-14342000,-14625068,0,0,0,1,4.48,
1000119,64,1,14620004690881536380,-14406000,-14364000,-14625068,0,0,0,1,4.356,
1000120,64,1,17843824476729524208,-14414000,-14354000,-14625068,0,0,0,1,2.352,
1000121,64,1,5993330811561413894,-14388000,-14356000,-14625068,0,0,0,1,2.237,
1000122,64,1,8885590269686082661,-14372000,-14338000,-14625068,0,0,0,1,2.21,
1000123,64,1,4562272489167223919,-14382000,-14336000,-14625068,0,0,0,1,2.068,
1000124,64,1,16014547290903278848,-14414000,-14378000,-14625068,0,0,0,1,2.141,
1000125,64,1,14291313408325926348,-14358000,-14320000,-14625068,0,0,0,1,2.153,
1000126,64,1,2354313349863945266,-14378000,-14316000,-14625068,0,0,0,1,2.155,
1000127,64,1,4405720346025125306,-14294000,-14252000,-14625068,0,0,0,1,2.064,
1000128,64,1,1219109990619551953,-14510000,-14458000,-14625068,0,0,0,1,4.47,
1000129,64,1,14374078125911359510,-14374000,-14336000,-14625068,0,0,0,1,4.472,
1000130,64,1,2396481041857655371,-14462000,-14418000,-14625068,0,0,0,1,4.415,
1000131,64,1,3430175990970500293,-14354000,-14310000,-14625068,0,0,0,1,4.513,
1000132,64,1,14658618328261118527,-14338000,-14286000,-14625068,0,0,0,1,4.268,
1000133,64,1,3097646763323690297,-14422000,-14384000,-14625068,0,0,0,1,2.221,
1000134,64,1,17158723504006565172,-14438000,-14400000,-14625068,0,0,0,1,2.199,
1000135,64,1,14155948060383976087,-14384000,-14322000,-14625068,0,0,0,1,4.09,
1000136,64,1,10318799711369684057,-14386000,-14342000,-14625068,0,0,0,1,2.105,
1000137,64,1,18162217575977021569,-14336000,-14300000,-14625068,0,0,0,1,2.121,
1000138,64,1,6363162477342008292,-14434000,-14378000,-14625068,0,0,0,1,2.465,
1000139,64,1,1479675680548600139,-14520000,-14472000,-14625068,0,0,0,1,2.528,
1000140,64,1,2779539302057198325,-14382000,-14360000,-14625068,0,0,0,1,2.353,
1000141,64,1,17736344467243705795,-14336000,-14308000,-14625068,0,0,0,1,2.546,
1000142,64,1,6209439392082489327,-14370000,-14316000,-14625068,0,0,0,1,2.36,
1000143,64,1,14371552195099929180,-14334000,-14286000,-14625068,0,0,0,1,2.375,
1000144,64,1,9284306074362275814,-14450000,-14408000,-14625068,0,0,0,1,2.332,
1000145,64,1,9088681143310955203,-14418000,-14380000,-14625068,0,0,0,1,2.063,
1000146,64,1,13390309095027872528,-14438000,-14396000,-14625068,0,0,0,1,2.544,
1000147,64,1,17308207338011690300,-14394000,-14354000,-14625068,0,0,0,1,2.435,
1000148,64,1,14653371053061079267,-14396000,-14360000,-14625068,0,0,0,1,2.392,
1000149,64,1,4997397330166782036,-14354000,-14300000,-14625068,0,0,0,1,2.414,
1000150,64,1,17569175229461985496,-14388000,-14354000,-14625068,0,0,0,1,2.41,
1000151,64,1,2768805839777869949,-14378000,-14346000,-14625068,0,0,0,1,2.239,
1000152,64,1,15674374270207500384,-14392000,-14352000,-14625068,0,0,0,1,2.222,
1000153,64,1,6671120841183374445,-14392000,-14350000,-14625068,0,0,0,1,2.164,
1000154,64,1,577488935056948014,-14288000,-14254000,-14625068,0,0,0,1,2.473,
1000155,64,1,13030364451235500427,-14400000,-14352000,-14625068,0,0,0,1,4.479,
1000156,64,1,12935373318601877828,-14368000,-14330000,-14625068,0,0,0,1,4.536,
1000157,64,1,14453306790331564574,-14454000,-14412000,-14625068,0,0,0,1,4.4,
1000158,64,1,5051811403192320026,-14386000,-14350000,-14625068,0,0,0,1,4.527,
1000159,64,1,13577877967442340786,-14384000,-14330000,-14625068,0,0,0,1,4.393,
1000160,64,1,1082778232448993856,-14446000,-14406000,-14625068,0,0,0,1,4.416,
1000161,64,1,2175825308748755178,-14366000,-14328000,-14625068,0,0,0,1,4.389,
1000162,64,1,13559614149860531138,-14334000,-14294000,-14625068,0,0,0,1,2.07,
1000163,64,1,1065987403658283541,-14324000,-14280000,-14625068,0,0,0,1,2.92,
1000164,64,1,14186835937705790567,-14394000,-14346000,-14625068,0,0,0,1,2.561,
1000165,64,1,9516499114205860806,-14472000,-14424000,-14625068,0,0,0,1,2.54,
1000166,64,1,457168580573294477,-14270000,-14224000,-14625068,0,0,0,1,2.385,
1000167,64,1,1458649151080446209,-14490000,-14450000,-14625068,0,0,0,1,2.387,
1000168,64,1,10693174479443325894,-14372000,-14330000,-14625068,0,0,0,1,2.698,
1000169,64,1,5858457743039558815,-14330000,-14298000,-14625068,0,0,0,1,2.314,
1000170,64,1,150330940943587502,-14350000,-14306000,-14625068,0,0,0,1,2.283,
1000171,64,1,17829073697143777177,-14324000,-14290000,-14625068,0,0,0,1,2.404,
1000172,64,1,6541153636103090378,-14378000,-14334000,-14625068,0,0,0,1,2.35,
1000173,64,1,5124049763429916246,-14318000,-14282000,-14625068,0,0,0,1,2.362,
1000174,64,1,7127773244698655319,-14354000,-14300000,-14625068,0,0,0,1,2.492,
1000175,64,1,13380593635568804226,-14378000,-14328000,-14625068,0,0,0,1,2.515,
1000176,64,1,3064626271438942050,-14424000,-14396000,-14625068,0,0,0,1,2.25,
1000177,64,1,11156796943498944195,-14434000,-14394000,-14625068,0,0,0,1,2.162,
1000178,64,1,2986389196632518400,-14406000,-14376000,-14625068,0,0,0,1,2.1,
1000179,64,1,1742112925996501524,-14378000,-14336000,-14625068,0,0,0,1,2.563,
1000180,64,1,13456217437562759007,-14518000,-14474000,-14625068,0,0,0,1,2.509,
1000181,64,1,10314143493595446898,-14392000,-14342000,-14625068,0,0,0,1,2.421,
1000182,64,1,430207273891149682,-14312000,-14282000,-14625068,0,0,0,1,2.575,
1000183,64,1,11559084917380324407,-14390000,-14346000,-14625068,0,0,0,1,2.395,
1000184,64,1,5027807955363367968,-14488000,-14444000,-14625068,0,0,0,1,2.389,
1000185,64,1,2946681558626845944,-14424000,-14394000,-14625068,0,0,0,1,2.532,
1000186,64,1,12734102547274598519,-14404000,-14376000,-14625068,0,0,0,1,2.348,
1000187,64,1,16660558407793682829,-14358000,-14320000,-14625068,0,0,0,1,2.492,
1000188,64,1,18433018321757208712,-14396000,-14350000,-14625068,0,0,0,1,2.563,
1000189,64,1,18344824196371686012,-14352000,-14318000,-14625068,0,0,0,1,2.46,
1000190,64,1,5257353264400199390,-14400000,-14362000,-14625068,0,0,0,1,2.439,
1000191,64,1,16205450426132517887,-14356000,-14314000,-14625068,0,0,0,1,2.531,
1000192,64,1,10468699011360930514,-14414000,-14370000,-14625068,0,0,0,1,2.451,
1000193,64,1,12561889909676090713,-14356000,-14318000,-14625068,0,0,0,1,2.348,
1000194,64,1,3949297299250448047,-14348000,-14302000,-14625068,0,0,0,1,2.296,
1000195,64,1,17479943067598139524,-14378000,-14332000,-14625068,0,0,0,1,2.668,
1000196,64,1,6078233396072373492,-14410000,-14354000,-14625068,0,0,0,1,2.477,
1000197,64,1,10184140226369616722,-14458000,-14402000,-14625068,0,0,0,1,2.613,
1000198,64,1,5010603184204187600,-14372000,-14336000,-14625068,0,0,0,1,2.402,
1000199,64,1,10881840184944021951,-14382000,-14320000,-14625068,0,0,0,1,2.347,
1000200,64,1,11826009080600075903,-14408000,-14370000,-14625068,0,0,0,1,2.393,
1000201,64,1,106814941987313137,-14392000,-14366000,-14625068,0,0,0,1,2.316,
1000202,64,1,4851338412074410217,-14438000,-14378000,-14625068,0,0,0,1,2.243,
1000203,64,1,10833933178946161662,-14368000,-14336000,-14625068,0,0,0,1,2.485,
1000204,64,1,18122125426363302481,-14354000,-14318000,-14625068,0,0,0,1,2.427,
1000205,64,1,1079332157755018624,-14412000,-14368000,-14625068,0,0,0,1,2.556,
1000206,64,1,10715331323705365087,-14380000,-14350000,-14625068,0,0,0,1,2.486,
1000207,64,1,5684626549198780567,-14400000,-14364000,-14625068,0,0,0,1,2.516,
1000208,64,1,9813178985308344446,-14528000,-14466000,-14625068,0,0,0,1,2.455,
1000209,64,1,11689262639169323041,-14428000,-14376000,-14625068,0,0,0,1,2.25,
1000210,64,1,14173830929546273909,-14402000,-14366000,-14625068,0,0,0,1,2.259,
1000211,64,1,7237142978125659009,-14428000,-14372000,-14625068,0,0,0,1,2.597,
1000212,64,1,12702250555375159751,-14314000,-14272000,-14625068,0,0,0,1,2.418,
1000213,64,1,8844407570324886526,-14334000,-14290000,-14625068,0,0,0,1,2.42,
1000214,64,1,17326782890163603374,-14320000,-14274000,-14625068,0,0,0,1,2.432,
1000215,64,1,9294478465629172633,-14418000,-14388000,-14625068,0,0,0,1,2.444,
1000216,64,1,2385905738505917519,-14434000,-14400000,-14625068,0,0,0,1,2.466,
1000217,64,1,4473510758339087343,-14410000,-14364000,-14625068,0,0,0,1,2.38,
1000218,64,1,11466407620701213647,-14426000,-14380000,-14625068,0,0,0,1,2.269,
1000219,64,1,4834380543173393081,-14286000,-14244000,-14625068,0,0,0,1,2.46,
1000220,64,1,3155662932210628563,-14306000,-14264000,-14625068,0,0,0,1,2.495,
1000221,64,1,4226335437666201515,-14430000,-14392000,-14625068,0,0,0,1,2.529,
1000222,64,1,476700239026927717,-14342000,-14296000,-14625068,0,0,0,1,2.477,
1000223,64,1,13590356222865500882,-14406000,-14346000,-14625068,0,0,0,1,2.781,
1000224,64,1,7710965385770861866,-14330000,-14288000,-14625068,0,0,0,1,2.466,
1000225,64,1,4892498972338288938,-14404000,-14364000,-14625068,0,0,0,1,2.499,
1000226,64,1,8790328308351420128,-14360000,-14314000,-14625068,0,0,0,1,2.347,
1000227,64,1,1457439257015798359,-14338000,-14292000,-14625068,0,0,0,1,2.518,
1000228,64,1,49049952483159465,-14468000,-14420000,-14625068,0,0,0,1,2.447,
1000229,64,1,2926145319569000021,-14462000,-14416000,-14625068,0,0,0,1,2.479,
1000230,64,1,11801504216616547406,-14430000,-14388000,-14625068,0,0,0,1,2.365,
1000231,64,1,16135699602651274242,-14382000,-14336000,-14625068,0,0,0,1,2.468,
1000232,64,1,8477201426568193272,-14358000,-14328000,-14625068,0,0,0,1,2.561,
1000233,64,1,14657706919169435545,-14440000,-14398000,-14625068,0,0,0,1,2.322,
1000234,64,1,17478550189623406337,-14530000,-14474000,-14625068,0,0,0,1,2.223,
1000235,64,1,9647113103899006579,-14276000,-14246000,-14625068,0,0,0,1,2.526,
1000236,64,1,10005138083070231382,-14340000,-14294000,-14625068,0,0,0,1,2.428,
1000237,64,1,15556671296799484519,-14402000,-14360000,-14625068,0,0,0,1,2.44,
1000238,64,1,103947104306212174,-14426000,-14396000,-14625068,0,0,0,1,2.478,
1000239,64,1,13911293320457805435,-14426000,-14382000,-14625068,0,0,0,1,2.48,
1000240,64,1,7362875910239702705,-14392000,-14324000,-14625068,0,0,0,1,2.458,
1000241,64,1,5948376563561177535,-14546000,-14512000,-14625068,0,0,0,1,2.374,
1000242,64,1,9304674547506620880,-14318000,-14272000,-14625068,0,0,0,1,2.279,
1000243,64,1,15359173833698455841,-14382000,-14328000,-14625068,0,0,0,1,2.45,
1000244,64,1,13608874822304808514,-14462000,-14414000,-14625068,0,0,0,1,2.438,
1000245,64,1,1460399577950185291,-14410000,-14376000,-14625068,0,0,0,1,2.489,
1000246,64,1,5532064428144443130,-14368000,-14326000,-14625068,0,0,0,1,2.511,
1000247,64,1,684481525452273890,-14346000,-14324000,-14625068,0,0,0,1,4.363,
1000248,64,1,13275780698910903882,-14430000,-14388000,-14625068,0,0,0,1,2.439,
1000249,64,1,13830662847449451190,-14428000,-14384000,-14625068,0,0,0,1,2.398,
1000250,64,1,17936752365366238748,-14388000,-14352000,-14625068,0,0,0,1,2.327,
1000251,64,1,4144889246034585645,-14400000,-14364000,-14625068,0,0,0,1,2.433,
1000252,64,1,6520249556278581861,-14346000,-14304000,-14625068,0,0,0,1,2.37,
1000253,64,1,10256205081381698234,-14410000,-14362000,-14625068,0,0,0,1,2.404,
1000254,64,1,12711234563285893651,-14392000,-14344000,-14625068,0,0,0,1,2.474,
1000255,64,1,3313829622923812201,-14356000,-14308000,-14625068,0,0,0,1,2.357,
1000256,64,1,6914391605930522695,-14400000,-14368000,-14625068,0,0,0,1,2.355,
1000257,64,1,9696902956267956409,-14316000,-14284000,-14625068,0,0,0,1,2.41,
1000258,64,1,3337338770646020903,-14444000,-14408000,-14625068,0,0,0,1,2.063,
1000259,64,1,2412482254913738693,-14326000,-14280000,-14625068,0,0,0,1,2.47,
1000260,64,1,10123626898716159928,-14348000,-14318000,-14625068,0,0,0,1,2.395,
1000261,64,1,5044832944623537087,-14316000,-14270000,-14625068,0,0,0,1,2.359,
1000262,64,1,6644855486465061256,-14370000,-14334000,-14625068,0,0,0,1,2.376,
1000263,64,1,7359861277744947835,-14374000,-14336000,-14625068,0,0,0,1,2.388,
1000264,64,1,2026526839278029575,-14436000,-14398000,-14625068,0,0,0,1,4.275,
1000265,64,1,13076441303331443967,-14396000,-14356000,-14625068,0,0,0,1,2.371,
1000266,64,1,10871961096169931832,-14392000,-14354000,-14625068,0,0,0,1,2.063,
1000267,64,1,427144100330174251,-14430000,-14384000,-14625068,0,0,0,1,2.491,
1000268,64,1,4480652801303723294,-14260000,-14222000,-14625068,0,0,0,1,2.348,
1000269,64,1,2532165874371183155,-14384000,-14332000,-14625068,0,0,0,1,2.322,
1000270,64,1,2438569034061503390,-14340000,-14302000,-14625068,0,0,0,1,2.351,
1000271,64,1,2736315510799305253,-14388000,-14354000,-14625068,0,0,0,1,2.322,
1000272,64,1,1491258610588977162,-14358000,-14320000,-14625068,0,0,0,1,2.208,
1000273,64,1,2633863754457081930,-14414000,-14366000,-14625068,0,0,0,1,2.065,
1000274,64,1,15935455388022527809,-14422000,-14380000,-14625068,0,0,0,1,2.068,
1000275,64,1,15013324438529338497,-14486000,-14438000,-14625068,0,0,0,1,2.463,
1000276,64,1,9116073888492602491,-14344000,-14310000,-14625068,0,0,0,1,2.301,
1000277,64,1,9722925287038895863,-14324000,-14282000,-14625068,0,0,0,1,2.332,
1000278,64,1,1690481750058019506,-14440000,-14408000,-14625068,0,0,0,1,2.363,
1000279,64,1,2915472748749750135,-14526000,-14480000,-14625068,0,0,0,1,2.293,
1000280,64,1,697752312379204702,-14396000,-14358000,-14625068,0,0,0,1,2.31,
1000281,64,1,13464559374402192893,-14398000,-14364000,-14625068,0,0,0,1,2.066,
1000282,64,1,6557380188043418882,-14430000,-14390000,-14625068,0,0,0,1,2.071,
1000283,64,1,13538302559858660092,-14352000,-14316000,-14625068,0,0,0,1,2.518,
1000284,64,1,15368672424313786229,-14394000,-14338000,-14625068,0,0,0,1,4.461,
1000285,64,1,1568388067985592820,-14498000,-14450000,-14625068,0,0,0,1,4.487,
1000286,64,1,305868392069213335,-14290000,-14254000,-14625068,0,0,0,1,4.455,
1000287,64,1,16325503390641338520,-14372000,-14338000,-14625068,0,0,0,1,4.476,
1000288,64,1,5823946648309803936,-14516000,-14488000,-14625068,0,0,0,1,4.486,
1000289,64,1,5059796640300474278,-14350000,-14300000,-14625068,0,0,0,1,4.163,
1000290,64,1,978160664141595403,-14374000,-14316000,-14625068,0,0,0,1,2.093,
1000291,64,1,4752697029342694177,-14384000,-14354000,-14625068,0,0,0,1,2.139,
1000292,64,1,1675692938734229248,-14322000,-14272000,-14625068,0,0,0,1,2.067,
1000293,64,1,9883446451100921984,-14430000,-14384000,-14625068,0,0,0,1,4.48,
1000294,64,1,3106505886341068375,-14488000,-14458000,-14625068,0,0,0,1,4.5,
1000295,64,1,8341286504923986254,-14412000,-14380000,-14625068,0,0,0,1,4.52,
1000296,64,1,7291700126284040691,-14432000,-14390000,-14625068,0,0,0,1,4.426,
1000297,64,1,7726560964277344956,-14418000,-14390000,-14625068,0,0,0,1,4.385,
1000298,64,1,3109500424802046413,-14374000,-14330000,-14625068,0,0,0,1,4.279,
1000299,64,1,10540272394267414539,-14420000,-14364000,-14625068,0,0,0,1,2.207,
1000300,64,1,15650153788410742002,-14374000,-14330000,-14625068,0,0,0,1,4.157,
1000301,64,1,3847350282864043,-14470000,-14430000,-14625068,0,0,0,1,2.162,
1000302,64,1,12099278554610422122,-14412000,-14374000,-14625068,0,0,0,1,2.416,
1000303,64,1,2546514534707430809,-14344000,-14312000,-14625068,0,0,0,1,4.429,
1000304,64,1,5874908889064574778,-14390000,-14356000,-14625068,0,0,0,1,4.498,
1000305,64,1,10555099499571454489,-14342000,-14308000,-14625068,0,0,0,1,4.412,
1000306,64,1,2734759705289371440,-14362000,-14320000,-14625068,0,0,0,1,4.347,
1000307,64,1,9558388862135383613,-14412000,-14378000,-14625068,0,0,0,1,4.341,
1000308,64,1,15562753110745332074,-14494000,-14456000,-14625068,0,0,0,1,4.374,
1000309,64,1,4246694408549546981,-14426000,-14364000,-14625068,0,0,0,1,4.092,
1000310,64,1,7482867303507495740,-14364000,-14322000,-14625068,0,0,0,1,2.206,
1000311,64,1,15314769143098181216,-14358000,-14304000,-14625068,0,0,0,1,2.515,
1000312,64,1,16834803192379918215,-14382000,-14328000,-14625068,0,0,0,1,2.432,
1000313,64,1,6203661755090691140,-14358000,-14322000,-14625068,0,0,0,1,2.492,
1000314,64,1,18277220282849152770,-14404000,-14366000,-14625068,0,0,0,1,2.586,
1000315,64,1,4756479101210749386,-14328000,-14304000,-14625068,0,0,0,1,2.415,
1000316,64,1,4312605690734060930,-14388000,-14340000,-14625068,0,0,0,1,2.393,
1000317,64,1,2809895914713503290,-14366000,-14320000,-14625068,0,0,0,1,2.56,
1000318,64,1,7663219451528632147,-14448000,-14386000,-14625068,0,0,0,1,2.152,
1000319,64,1,4431284965095108147,-14410000,-14360000,-14625068,0,0,0,1,2.43,
1000320,64,1,2721718138873693091,-14418000,-14388000,-14625068,0,0,0,1,4.418,
1000321,64,1,12972121702518961143,-14388000,-14328000,-14625068,0,0,0,1,4.462,
1000322,64,1,16766139487367464919,-14320000,-14286000,-14625068,0,0,0,1,4.431,
1000323,64,1,8241202223383255619,-14360000,-14326000,-14625068,0,0,0,1,2.483,
1000324,64,1,15306166123892206476,-14430000,-14392000,-14625068,0,0,0,1,2.424,
1000325,64,1,13387558310540676669,-14424000,-14390000,-14625068,0,0,0,1,4.362,
1000326,64,1,15682088487745482235,-14402000,-14356000,-14625068,0,0,0,1,2.425,
1000327,64,1,3651208240869150621,-14394000,-14344000,-14625068,0,0,0,1,2.334,
1000328,64,1,11582889725236470197,-14426000,-14370000,-14625068,0,0,0,1,2.236,
1000329,64,1,15167615286308311224,-14332000,-14294000,-14625068,0,0,0,1,2.177,
1000330,64,1,7063259002211618482,-14322000,-14280000,-14625068,0,0,0,1,2.167,
1000331,64,1,11583197327822156139,-14326000,-14276000,-14625068,0,0,0,1,2.247,
1000332,64,1,9595338652450394672,-14466000,-14402000,-14625068,0,0,0,1,2.224,
1000333,64,1,16427689231913519418,-14360000,-14322000,-14625068,0,0,0,1,2.203,
1000334,64,1,16565173334338406954,-14412000,-14380000,-14625068,0,0,0,1,2.149,
1000335,64,1,14290759194038418140,-14466000,-14398000,-14625068,0,0,0,1,2.279,
1000336,64,1,4780992429035403951,-14348000,-14316000,-14625068,0,0,0,1,2.224,
1000337,64,1,13242512502119799173,-14388000,-14320000,-14625068,0,0,0,1,2.191,
1000338,64,1,294142363810813691,-14404000,-14372000,-14625068,0,0,0,1,2.181,
1000339,64,1,14407442139061888077,-14356000,-14330000,-14625068,0,0,0,1,2.248,
1000340,64,1,3212278225815223729,-14360000,-14306000,-14625068,0,0,0,1,2.203,
1000341,64,1,6244080081468134647,-14394000,-14360000,-14625068,0,0,0,1,2.382,
1000342,64,1,841068979739726226,-14368000,-14326000,-14625068,0,0,0,1,2.213,
1000343,64,1,10538227871048951563,-14332000,-14298000,-14625068,0,0,0,1,2.208,
1000344,64,1,9211796051543951147,-14384000,-14356000,-14625068,0,0,0,1,2.2,
1000345,64,1,8368960922978164921,-14346000,-14316000,-14625068,0,0,0,1,2.203,
1000346,64,1,4385853392913494881,-14334000,-14302000,-14625068,0,0,0,1,2.224,
1000347,64,1,18443671328905639668,-14322000,-14290000,-14625068,0,0,0,1,2.622,
1000348,64,1,11891386127624329395,-14326000,-14290000,-14625068,0,0,0,1,2.536,
1000349,64,1,14766962450842976346,-14370000,-14340000,-14625068,0,0,0,1,2.538,
1000350,64,1,2894226938363151786,-14466000,-14422000,-14625068,0,0,0,1,4.392,
1000351,64,1,14973180117071678536,-14482000,-14438000,-14625068,0,0,0,1,4.285,
1000352,64,1,9340189115781190740,-14398000,-14360000,-14625068,0,0,0,1,4.3,
1000353,64,1,16613191128189212944,-14422000,-14370000,-14625068,0,0,0,1,4.29,
1000354,64,1,15008950442450596756,-14404000,-14368000,-14625068,0,0,0,1,4.239,
1000355,64,1,258216018090327807,-14430000,-14392000,-14625068,0,0,0,1,2.207,
1000356,64,1,17136278034271162710,-14408000,-14360000,-14625068,0,0,0,1,2.277,
1000357,64,1,17229229427023215737,-14438000,-14396000,-14625068,0,0,0,1,2.14,
1000358,64,1,15975127219081450376,-14426000,-14386000,-14625068,0,0,0,1,2.54,
1000359,64,1,2526685050308849262,-14446000,-14388000,-14625068,0,0,0,1,4.599,
1000360,64,1,10725091251119332114,-14452000,-14420000,-14625068,0,0,0,1,4.426,
1000361,64,1,15713471022954767794,-14386000,-14330000,-14625068,0,0,0,1,4.458,
1000362,64,1,17037084780660661980,-14398000,-14354000,-14625068,0,0,0,1,4.498,
1000363,64,1,8267129168107918009,-14440000,-14398000,-14625068,0,0,0,1,2.359,
1000364,64,1,16890023134439728389,-14408000,-14372000,-14625068,0,0,0,1,4.369,
1000365,64,1,11835382215619760381,-14436000,-14398000,-14625068,0,0,0,1,4.336,
1000366,64,1,12761376057854478126,-14386000,-14338000,-14625068,0,0,0,1,2.136,
1000367,64,1,13335130335030192585,-14380000,-14334000,-14625068,0,0,0,1,2.2,
1000368,64,1,6731090785215126086,-14446000,-14406000,-14625068,0,0,0,1,2.513,
1000369,64,1,969317272831031711,-14344000,-14296000,-14625068,0,0,0,1,2.609,
1000370,64,1,15759771936691815107,-14460000,-14432000,-14625068,0,0,0,1,2.522,
1000371,64,1,11941180393055606692,-14320000,-14276000,-14625068,0,0,0,1,2.611,
1000372,64,1,11135409947874999015,-14324000,-14280000,-14625068,0,0,0,1,2.39,
1000373,64,1,8183562039015208779,-14350000,-14316000,-14625068,0,0,0,1,2.327,
1000374,64,1,17216189254081997400,-14486000,-14426000,-14625068,0,0,0,1,2.421,
1000375,64,1,18060059646113594191,-14410000,-14358000,-14625068,0,0,0,1,2.397,
1000376,64,1,6711308057004643906,-14360000,-14314000,-14625068,0,0,0,1,4.532,
1000377,64,1,10802731406906360429,-14362000,-14324000,-14625068,0,0,0,1,4.416,
1000378,64,1,18443232485595565359,-14416000,-14384000,-14625068,0,0,0,1,4.561,
1000379,64,1,2399170379436092093,-14372000,-14326000,-14625068,0,0,0,1,4.457,
1000380,64,1,12396374159902491298,-14404000,-14360000,-14625068,0,0,0,1,4.529,
1000381,64,1,163085108782336570,-14376000,-14324000,-14625068,0,0,0,1,4.437,
1000382,64,1,4931182243264845,-14436000,-14392000,-14625068,0,0,0,1,4.416,
1000383,64,1,8771740838331579943,-14432000,-14398000,-14625068,0,0,0,1,4.43,
1000384,64,1,501324780960752503,-14428000,-14384000,-14625068,0,0,0,1,2.544,
1000385,64,1,9440626936090300241,-14394000,-14338000,-14625068,0,0,0,1,2.731,
1000386,64,1,11785953653132747331,-14456000,-14408000,-14625068,0,0,0,1,2.485,
1000387,64,1,13091083713913786870,-14400000,-14352000,-14625068,0,0,0,1,2.413,
1000388,64,1,15585035544275096317,-14362000,-14326000,-14625068,0,0,0,1,2.479,
1000389,64,1,2515237670191462405,-14366000,-14320000,-14625068,0,0,0,1,2.529,
1000390,64,1,12168191711391806344,-14404000,-14364000,-14625068,0,0,0,1,2.343,
1000391,64,1,10486667133725765631,-14350000,-14298000,-14625068,0,0,0,1,2.394,
1000392,64,1,17487063585581827910,-14310000,-14276000,-14625068,0,0,0,1,2.545,
1000393,64,1,10285923183070696789,-14456000,-14422000,-14625068,0,0,0,1,2.546,
1000394,64,1,11164420697614559765,-14352000,-14304000,-14625068,0,0,0,1,2.583,
1000395,64,1,3833689623101255982,-14420000,-14378000,-14625068,0,0,0,1,2.533,
1000396,64,1,3755661876234577050,-14314000,-14262000,-14625068,0,0,0,1,2.385,
1000397,64,1,12058593051668542749,-14444000,-14398000,-14625068,0,0,0,1,2.489,
1000398,64,1,15793306729539672705,-14428000,-14396000,-14625068,0,0,0,1,2.28,
1000399,64,1,13681749319309349309,-14402000,-14354000,-14625068,0,0,0,1,2.223,
1000400,64,1,17452405106726413111,-14240000,-14202000,-14625068,0,0,0,1,2.741,
1000401,64,1,14880680755353888397,-14468000,-14426000,-14625068,0,0,0,1,2.531,
1000402,64,1,2116379118521016478,-14390000,-14352000,-14625068,0,0,0,1,2.581,
1000403,64,1,2114439606168338302,-14454000,-14408000,-14625068,0,0,0,1,2.428,
1000404,64,1,14283001068804887399,-14456000,-14402000,-14625068,0,0,0,1,2.467,
1000405,64,1,6889219519141774862,-14318000,-14276000,-14625068,0,0,0,1,2.512,
1000406,64,1,645074568836639741,-14306000,-14270000,-14625068,0,0,0,1,2.304,
1000407,64,1,2414752394214872871,-14342000,-14294000,-14625068,0,0,0,1,2.338,
1000408,64,1,16346090443025914060,-14358000,-14320000,-14625068,0,0,0,1,2.519,
1000409,64,1,10473644820552079636,-14250000,-14202000,-14625068,0,0,0,1,2.448,
1000410,64,1,3424307085335234659,-14388000,-14342000,-14625068,0,0,0,1,2.439,
1000411,64,1,16449271980982779553,-14380000,-14350000,-14625068,0,0,0,1,2.483,
1000412,64,1,16176612790065996107,-14380000,-14324000,-14625068,0,0,0,1,2.485,
1000413,64,1,7076335401532995598,-14344000,-14292000,-14625068,0,0,0,1,2.445,
1000414,64,1,5060608562676799590,-14404000,-14356000,-14625068,0,0,0,1,2.555,
1000415,64,1,7778217422317286881,-14414000,-14368000,-14625068,0,0,0,1,2.25,
1000416,64,1,11795757601032348091,-14412000,-14370000,-14625068,0,0,0,1,2.563,
1000417,64,1,597737014699400285,-14364000,-14320000,-14625068,0,0,0,1,2.495,
1000418,64,1,1044748298508754611,-14398000,-14360000,-14625068,0,0,0,1,2.603,
1000419,64,1,17159260169997993974,-14394000,-14360000,-14625068,0,0,0,1,2.42,
1000420,64,1,8300875053290436092,-14414000,-14380000,-14625068,0,0,0,1,2.463,
1000421,64,1,5788739371340126529,-14414000,-14368000,-14625068,0,0,0,1,2.324,
1000422,64,1,615993196719807936,-14402000,-14350000,-14625068,0,0,0,1,2.419,
1000423,64,1,8664217781422037155,-14488000,-14442000,-14625068,0,0,0,1,2.287,
1000424,64,1,12671822405531930113,-14346000,-14298000,-14625068,0,0,0,1,2.617,
1000425,64,1,10526475899176936330,-14356000,-14318000,-14625068,0,0,0,1,2.527,
1000426,64,1,130013474173398410,-14418000,-14370000,-14625068,0,0,0,1,2.528,
1000427,64,1,11799283799042645542,-14444000,-14394000,-14625068,0,0,0,1,2.496,
1000428,64,1,5713181310001573473,-14426000,-14374000,-14625068,0,0,0,1,2.571,
1000429,64,1,16402925807674505341,-14462000,-14422000,-14625068,0,0,0,1,2.333,
1000430,64,1,17733186945798765837,-14326000,-14282000,-14625068,0,0,0,1,2.318,
1000431,64,1,10690578841313672440,-14340000,-14300000,-14625068,0,0,0,1,2.276,
1000432,64,1,11490708924741535521,-14474000,-14436000,-14625068,0,0,0,1,2.886,
1000433,64,1,331733454143810966,-14460000,-14406000,-14625068,0,0,0,1,2.661,
1000434,64,1,994875335340974606,-14362000,-14316000,-14625068,0,0,0,1,2.59,
1000435,64,1,11538464857280414228,-14360000,-14298000,-14625068,0,0,0,1,2.545,
1000436,64,1,10719833300505173707,-14366000,-14330000,-14625068,0,0,0,1,2.341,
1000437,64,1,11834388662617854325,-14358000,-14332000,-14625068,0,0,0,1,2.366,
1000438,64,1,6921019424220019702,-14440000,-14390000,-14625068,0,0,0,1,2.323,
1000439,64,1,13517991830024412285,-14456000,-14420000,-14625068,0,0,0,1,2.343,
1000440,64,1,16234860007942269605,-14406000,-14360000,-14625068,0,0,0,1,4.492,
1000441,64,1,2463646112307382617,-14330000,-14300000,-14625068,0,0,0,1,2.453,
1000442,64,1,14686664938793918117,-14378000,-14340000,-14625068,0,0,0,1,2.422,
1000443,64,1,164612652189320433,-14424000,-14362000,-14625068,0,0,0,1,4.657,
1000444,64,1,14768807967426105318,-14390000,-14346000,-14625068,0,0,0,1,4.328,
1000445,64,1,14118098123571156630,-14368000,-14328000,-14625068,0,0,0,1,4.393,
1000446,64,1,328142734283728122,-14414000,-14362000,-14625068,0,0,0,1,4.312,
1000447,64,1,2373034482362911604,-14444000,-14388000,-14625068,0,0,0,1,4.121,
1000448,64,1,4233880541284905930,-14366000,-14324000,-14625068,0,0,0,1,2.179,
1000449,64,1,2761386972668376081,-14314000,-14268000,-14625068,0,0,0,1,2.112,
1000450,64,1,2905898127475107959,-14446000,-14408000,-14625068,0,0,0,1,2.578,
1000451,64,1,14692113405558201255,-14418000,-14374000,-14625068,0,0,0,1,2.473,
1000452,64,1,17969480421473980213,-14346000,-14312000,-14625068,0,0,0,1,2.433,
1000453,64,1,14434369363726552403,-14346000,-14308000,-14625068,0,0,0,1,2.7,
1000454,64,1,8689951259593228144,-14364000,-14326000,-14625068,0,0,0,1,2.399,
1000455,64,1,16348051192841493154,-14426000,-14378000,-14625068,0,0,0,1,2.373,
1000456,64,1,2242206693342906087,-14382000,-14324000,-14625068,0,0,0,1,2.352,
1000457,64,1,4240406336923867129,-14486000,-14456000,-14625068,0,0,0,1,2.412,
1000458,64,1,983821328504168087,-14422000,-14378000,-14625068,0,0,0,1,2.491,
1000459,64,1,3624580945526904838,-14426000,-14392000,-14625068,0,0,0,1,2.468,
1000460,64,1,9867545688702128962,-14378000,-14330000,-14625068,0,0,0,1,2.552,
1000461,64,1,10523180260808244491,-14334000,-14290000,-14625068,0,0,0,1,2.524,
1000462,64,1,2930063565659445287,-14342000,-14296000,-14625068,0,0,0,1,2.432,
1000463,64,1,3350472596498767832,-14392000,-14348000,-14625068,0,0,0,1,2.463,
1000464,64,1,7376183243583437101,-14438000,-14400000,-14625068,0,0,0,1,2.288,
1000465,64,1,12122788116834211495,-14324000,-14278000,-14625068,0,0,0,1,2.257,
1000466,64,1,3688416959091235199,-14352000,-14316000,-14625068,0,0,0,1,2.439,
1000467,64,1,5925386600188714412,-14362000,-14322000,-14625068,0,0,0,1,2.455,
1000468,64,1,5847923770011361378,-14468000,-14422000,-14625068,0,0,0,1,2.509,
1000469,64,1,8056754989308119520,-14344000,-14292000,-14625068,0,0,0,1,2.565,
1000470,64,1,4394272759884541422,-14398000,-14358000,-14625068,0,0,0,1,2.412,
1000471,64,1,12067680183545389040,-14414000,-14370000,-14625068,0,0,0,1,2.402,
1000472,64,1,15726150576993015533,-14292000,-14252000,-14625068,0,0,0,1,2.572,
1000473,64,1,4864703286181585833,-14350000,-14318000,-14625068,0,0,0,1,2.382,
1000474,64,1,59066837891391111,-14338000,-14298000,-14625068,0,0,0,1,2.571,
1000475,64,1,8574239426892207627,-14452000,-14414000,-14625068,0,0,0,1,2.552,
1000476,64,1,16463628936742307405,-14360000,-14304000,-14625068,0,0,0,1,2.531,
1000477,64,1,8756495690874597988,-14426000,-14388000,-14625068,0,0,0,1,2.447,
1000478,64,1,16973068459301216887,-14326000,-14288000,-14625068,0,0,0,1,2.396,
1000479,64,1,1225321859810920765,-14390000,-14358000,-14625068,0,0,0,1,2.335,
1000480,64,1,6380057895478037250,-14336000,-14300000,-14625068,0,0,0,1,2.357,
1000481,64,1,17503468330821819785,-14380000,-14352000,-14625068,0,0,0,1,2.262,
1000482,64,1,8483715115785064330,-14392000,-14342000,-14625068,0,0,0,1,2.604,
1000483,64,1,3642594101624041229,-14400000,-14364000,-14625068,0,0,0,1,2.598,
1000484,64,1,318472411156957161,-14398000,-14348000,-14625068,0,0,0,1,2.413,
1000485,64,1,14476973120816861549,-14484000,-14426000,-14625068,0,0,0,1,2.486,
1000486,64,1,6790679451220414073,-14362000,-14322000,-14625068,0,0,0,1,2.412,
1000487,64,1,16023887699873571951,-14468000,-14434000,-14625068,0,0,0,1,2.392,
1000488,64,1,5002672305592821372,-14380000,-14338000,-14625068,0,0,0,1,2.423,
1000489,64,1,12960696663373352759,-14316000,-14286000,-14625068,0,0,0,1,2.346,
1000490,64,1,2317633730604518861,-14370000,-14322000,-14625068,0,0,0,1,2.58,
1000491,64,1,4147959177644769789,-14414000,-14378000,-14625068,0,0,0,1,2.452,
1000492,64,1,15721473635795985035,-14398000,-14366000,-14625068,0,0,0,1,2.506,
1000493,64,1,8343438854673112376,-14392000,-14356000,-14625068,0,0,0,1,2.395,
1000494,64,1,401955275675772636,-14404000,-14360000,-14625068,0,0,0,1,2.498,
1000495,64,1,7470548904465447581,-14410000,-14370000,-14625068,0,0,0,1,2.535,
1000496,64,1,11130253802392367717,-14424000,-14390000,-14625068,0,0,0,1,2.324,
1000497,64,1,6843325271578320335,-14400000,-14354000,-14625068,0,0,0,1,2.364,
1000498,64,1,9777387283164290066,-14342000,-14298000,-14625068,0,0,0,1,2.577,
1000499,64,1,11370918589314838456,-14454000,-14412000,-14625068,0,0,0,1,2.507,
1000500,64,1,13158180133840609143,-14326000,-14290000,-14625068,0,0,0,1,2.456,
1000501,64,1,4349872866288956527,-14286000,-14230000,-14625068,0,0,0,1,2.557,
1000502,64,1,8250975465422229107,-14358000,-14320000,-14625068,0,0,0,1,2.431,
1000503,64,1,8544700457546224778,-14404000,-14352000,-14625068,0,0,0,1,2.337,
1000504,64,1,11528375337975701308,-14352000,-14306000,-14625068,0,0,0,1,2.277,
1000505,64,1,1347999243676425668,-14474000,-14408000,-14625068,0,0,0,1,2.411,
1000506,64,1,5186088502283720069,-14414000,-14372000,-14625068,0,0,0,1,2.898,
1000507,64,1,9600877610664841135,-14342000,-14304000,-14625068,0,0,0,1,4.409,
1000508,64,1,11002155826429610471,-14386000,-14344000,-14625068,0,0,0,1,2.439,
1000509,64,1,1297175750074002368,-14336000,-14298000,-14625068,0,0,0,1,2.453,
1000510,64,1,9362883141663781070,-14338000,-14294000,-14625068,0,0,0,1,4.361,
1000511,64,1,6071541989592382600,-14442000,-14398000,-14625068,0,0,0,1,2.308,
1000512,64,1,15810735544817287790,-14480000,-14420000,-14625068,0,0,0,1,2.334,
1000513,64,1,8519454429674532997,-14366000,-14328000,-14625068,0,0,0,1,2.295,
1000514,64,1,13078542725405847707,-14354000,-14314000,-14625068,0,0,0,1,2.311,
1000515,64,1,9502329340067019338,-14416000,-14374000,-14625068,0,0,0,1,2.278,
1000516,64,1,5671513407850851397,-14514000,-14464000,-14625068,0,0,0,1,2.326,
1000517,64,1,14849108483182641664,-14408000,-14364000,-14625068,0,0,0,1,4.44,
1000518,64,1,10698572950064488546,-14446000,-14388000,-14625068,0,0,0,1,2.208,
1000519,64,1,11304999375431452647,-14382000,-14342000,-14625068,0,0,0,1,4.489,
1000520,64,1,6618203953685029363,-14388000,-14326000,-14625068,0,0,0,1,4.38,
1000521,64,1,15987235596813093315,-14408000,-14378000,-14625068,0,0,0,1,4.151,
1000522,64,1,10670148751765958846,-14480000,-14418000,-14625068,0,0,0,1,4.66,
1000523,64,1,6368109171893404377,-14428000,-14396000,-14625068,0,0,0,1,4.481,
1000524,64,1,11830625850028721449,-14330000,-14290000,-14625068,0,0,0,1,4.59,
1000525,64,1,9643403079182851573,-14474000,-14434000,-14625068,0,0,0,1,4.482,
1000526,64,1,18336095768608441819,-14382000,-14338000,-14625068,0,0,0,1,2.782,
1000527,64,1,13770907990587758874,-14408000,-14370000,-14625068,0,0,0,1,2.59,
1000528,64,1,5555140943249999975,-14366000,-14324000,-14625068,0,0,0,1,4.857,
1000529,64,1,2280760710091335298,-14498000,-14458000,-14625068,0,0,0,1,2.848,
1000530,64,1,12613970205185929789,-14420000,-14380000,-14625068,0,0,0,1,2.419,
1000531,64,1,15438321500759708475,-14406000,-14364000,-14625068,0,0,0,1,2.425,
1000532,64,1,12266056885041456524,-14416000,-14370000,-14625068,0,0,0,1,4.774,
1000533,64,1,18255666035545030960,-14348000,-14310000,-14625068,0,0,0,1,2.361,
1000534,64,1,178084115807621366,-14476000,-14426000,-14625068,0,0,0,1,4.223,
1000535,64,1,4649574804481406809,-14472000,-14410000,-14625068,0,0,0,1,4.175,
1000536,64,1,5199120668202794086,-14336000,-14288000,-14625068,0,0,0,1,2.62,
1000537,64,1,13144670474988594416,-14368000,-14320000,-14625068,0,0,0,1,2.767,
1000538,64,1,12620745388311533775,-14474000,-14424000,-14625068,0,0,0,1,2.491,
1000539,64,1,3981619925513866054,-14470000,-14432000,-14625068,0,0,0,1,2.379,
1000540,64,1,18048696836173313919,-14390000,-14336000,-14625068,0,0,0,1,2.063,
1000541,64,1,8236936808244223088,-14432000,-14398000,-14625068,0,0,0,1,2.06,
1000542,64,1,1372263601711396270,-14360000,-14316000,-14625068,0,0,0,1,4.485,
1000543,64,1,1780248230329476711,-14332000,-14302000,-14625068,0,0,0,1,2.433,
1000544,64,1,8843090755445066498,-14414000,-14372000,-14625068,0,0,0,1,4.49,
1000545,64,1,17168369787930508487,-14400000,-14344000,-14625068,0,0,0,1,4.488,
1000546,64,1,16710480231873346987,-14342000,-14294000,-14625068,0,0,0,1,2.386,
1000547,64,1,2621373818475993839,-14380000,-14354000,-14625068,0,0,0,1,4.283,
1000548,64,1,16348114569101615218,-14288000,-14226000,-14625068,0,0,0,1,2.067,
1000549,64,1,11903794929479386158,-14394000,-14342000,-14625068,0,0,0,1,2.069,
1000550,64,1,8744177524026248002,-14288000,-14244000,-14625068,0,0,0,1,2.131,
1000551,64,1,15624754742807405007,-14366000,-14332000,-14625068,0,0,0,1,2.149,
1000552,64,1,7623986764561741440,-14384000,-14350000,-14625068,0,0,0,1,2.065,
1000553,64,1,18264971647238672330,-14402000,-14366000,-14625068,0,0,0,1,2.067,
1000554,64,1,12380048229522992594,-14366000,-14338000,-14625068,0,0,0,1,4.471,
1000555,64,1,14511258898309984781,-14380000,-14334000,-14625068,0,0,0,1,4.408,
1000556,64,1,13990066573659411197,-14364000,-14318000,-14625068,0,0,0,1,4.494,
1000557,64,1,9407849023293731398,-14386000,-14346000,-14625068,0,0,0,1,4.371,
1000558,64,1,7355911506847320863,-14394000,-14362000,-14625068,0,0,0,1,4.355,
1000559,64,1,12496175008637036583,-14406000,-14350000,-14625068,0,0,0,1,4.311,
1000560,64,1,9456296356214273924,-14478000,-14430000,-14625068,0,0,0,1,4.086,
1000561,64,1,9883223432476065945,-14440000,-14388000,-14625068,0,0,0,1,2.128,
1000562,64,1,12328383353772678814,-14398000,-14346000,-14625068,0,0,0,1,2.069,
1000563,64,1,4472719403228332707,-14456000,-14420000,-14625068,0,0,0,1,4.48,
1000564,64,1,3362029179549308641,-14386000,-14328000,-14625068,0,0,0,1,4.59,
1000565,64,1,9977254869124868140,-14376000,-14330000,-14625068,0,0,0,1,4.382,
1000566,64,1,17489520837206638443,-14380000,-14336000,-14625068,0,0,0,1,4.422,
1000567,64,1,13413904893657140573,-14396000,-14340000,-14625068,0,0,0,1,4.506,
1000568,64,1,2913280642092288396,-14402000,-14368000,-14625068,0,0,0,1,4.46,
1000569,64,1,12432313200998792100,-14340000,-14298000,-14625068,0,0,0,1,4.21,
1000570,64,1,4771983714146020116,-14486000,-14432000,-14625068,0,0,0,1,4.084,
1000571,64,1,2180401538482484667,-14412000,-14362000,-14625068,0,0,0,1,4.544,
1000572,64,1,17989651403718195320,-14472000,-14414000,-14625068,0,0,0,1,4.496,
1000573,64,1,7134247632634002393,-14430000,-14382000,-14625068,0,0,0,1,4.408,
1000574,64,1,12551086033175835836,-14472000,-14410000,-14625068,0,0,0,1,4.28,
1000575,64,1,7321778590219629614,-14348000,-14294000,-14625068,0,0,0,1,4.331,
1000576,64,1,5756996752298622564,-14476000,-14432000,-14625068,0,0,0,1,4.225,
1000577,64,1,4981755009691837686,-14348000,-14290000,-14625068,0,0,0,1,4.123,
1000578,64,1,16855228390207773405,-14430000,-14386000,-14625068,0,0,0,1,4.149,
1000579,64,1,6860403339752229128,-14348000,-14308000,-14625068,0,0,0,1,4.508,
1000580,64,1,17538864201120484716,-14322000,-14268000,-14625068,0,0,0,1,4.445,
1000581,64,1,7331509021067424640,-14410000,-14362000,-14625068,0,0,0,1,4.552,
1000582,64,1,2425381973330712782,-14436000,-14390000,-14625068,0,0,0,1,4.312,
1000583,64,1,4493890167273370413,-14308000,-14266000,-14625068,0,0,0,1,4.278,
1000584,64,1,6279214673818075934,-14328000,-14294000,-14625068,0,0,0,1,4.378,
1000585,64,1,6888295235959152535,-14448000,-14400000,-14625068,0,0,0,1,4.228,
1000586,64,1,15206519092453456504,-14400000,-14354000,-14625068,0,0,0,1,4.122,
1000587,64,1,6238006727313408835,-14346000,-14312000,-14625068,0,0,0,1,2.485,
1000588,64,1,2968174919645183524,-14418000,-14388000,-14625068,0,0,0,1,4.535,
1000589,64,1,15417453585502673115,-14398000,-14368000,-14625068,0,0,0,1,2.427,
1000590,64,1,6575657156013583381,-14368000,-14328000,-14625068,0,0,0,1,4.373,
1000591,64,1,12533901039009337774,-14390000,-14340000,-14625068,0,0,0,1,4.417,
1000592,64,1,15062714669817899538,-14390000,-14356000,-14625068,0,0,0,1,4.331,
1000593,64,1,17015875711790474045,-14436000,-14396000,-14625068,0,0,0,1,2.233,
1000594,64,1,16024431749975019284,-14346000,-14310000,-14625068,0,0,0,1,4.097,
1000595,64,1,1337688947146955079,-14312000,-14280000,-14625068,0,0,0,1,2.268,
1000596,64,1,8248486952572361898,-14390000,-14350000,-14625068,0,0,0,1,2.2,
1000597,64,1,7343905316738263497,-14332000,-14296000,-14625068,0,0,0,1,2.263,
1000598,64,1,5557787589023238429,-14380000,-14328000,-14625068,0,0,0,1,4.509,
1000599,64,1,5271922845917997559,-14412000,-14370000,-14625068,0,0,0,1,4.424,
1000600,64,1,11455753898788532753,-14330000,-14292000,-14625068,0,0,0,1,2.41,
1000601,64,1,9904871588817963872,-14376000,-14338000,-14625068,0,0,0,1,4.383,
1000602,64,1,8827374896003017201,-14392000,-14360000,-14625068,0,0,0,1,2.422,
1000603,64,1,11001022233135853942,-14344000,-14296000,-14625068,0,0,0,1,4.351,
1000604,64,1,8908897521153319567,-14454000,-14396000,-14625068,0,0,0,1,4.288,
1000605,64,1,12565480843238911762,-14406000,-14354000,-14625068,0,0,0,1,4.261,
1000606,64,1,1724531610901705155,-14346000,-14296000,-14625068,0,0,0,1,2.215,
1000607,64,1,7505632782553547129,-14328000,-14286000,-14625068,0,0,0,1,2.177,
1000608,64,1,8383045289860954865,-14300000,-14268000,-14625068,0,0,0,1,2.543,
1000609,64,1,13929149251249574602,-14318000,-14274000,-14625068,0,0,0,1,2.498,
1000610,64,1,7880571874459934753,-14406000,-14370000,-14625068,0,0,0,1,2.369,
1000611,64,1,11140562296580368552,-14398000,-14356000,-14625068,0,0,0,1,2.397,
1000612,64,1,5206407486793710187,-14396000,-14358000,-14625068,0,0,0,1,2.374,
1000613,64,1,3744564350728634454,-14262000,-14234000,-14625068,0,0,0,1,2.473,
1000614,64,1,18364821449038864713,-14366000,-14342000,-14625068,0,0,0,1,2.379,
1000615,64,1,2755143416073976426,-14466000,-14426000,-14625068,0,0,0,1,2.311,
1000616,64,1,7070193173716803763,-14486000,-14440000,-14625068,0,0,0,1,4.587,
1000617,64,1,11690324282176557723,-14416000,-14376000,-14625068,0,0,0,1,4.465,
1000618,64,1,17588369244168061902,-14350000,-14308000,-14625068,0,0,0,1,4.467,
1000619,64,1,2836572464105264151,-14392000,-14338000,-14625068,0,0,0,1,4.552,
1000620,64,1,9933797175039813067,-14398000,-14358000,-14625068,0,0,0,1,4.436,
1000621,64,1,5254739274516279244,-14420000,-14382000,-14625068,0,0,0,1,4.364,
1000622,64,1,3513959241106386712,-14374000,-14332000,-14625068,0,0,0,1,4.457,
1000623,64,1,14355233553385440926,-14432000,-14390000,-14625068,0,0,0,1,4.536,
1000624,64,1,3222467818075113794,-14458000,-14416000,-14625068,0,0,0,1,4.527,
1000625,64,1,16615459978783292534,-14366000,-14324000,-14625068,0,0,0,1,4.487,
1000626,64,1,973905007739663477,-14366000,-14332000,-14625068,0,0,0,1,4.437,
1000627,64,1,1826658194972249650,-14404000,-14364000,-14625068,0,0,0,1,4.509,
1000628,64,1,6178992468297982624,-14316000,-14268000,-14625068,0,0,0,1,4.615,
1000629,64,1,8218277485018328181,-14400000,-14336000,-14625068,0,0,0,1,4.492,
1000630,64,1,15520268066954568318,-14366000,-14324000,-14625068,0,0,0,1,4.441,
1000631,64,1,4654242561692762519,-14346000,-14304000,-14625068,0,0,0,1,4.37,
1000632,64,1,15694653373261242215,-14310000,-14268000,-14625068,0,0,0,1,4.542,
1000633,64,1,3904953378729971276,-14380000,-14344000,-14625068,0,0,0,1,4.488,
1000634,64,1,10245332639598379749,-14416000,-14380000,-14625068,0,0,0,1,2.479,
1000635,64,1,855048472765837216,-14478000,-14430000,-14625068,0,0,0,1,4.39,
1000636,64,1,11434813651106793383,-14384000,-14336000,-14625068,0,0,0,1,2.313,
1000637,64,1,10684871380646310640,-14444000,-14390000,-14625068,0,0,0,1,4.326,
1000638,64,1,8003388681075249382,-14466000,-14414000,-14625068,0,0,0,1,2.374,
1000639,64,1,11256090936406165245,-14364000,-14324000,-14625068,0,0,0,1,2.297,
1000640,64,1,12489680810811254613,-14338000,-14312000,-14625068,0,0,0,1,2.277,
1000641,64,1,11970487519339747650,-14432000,-14380000,-14625068,0,0,0,1,2.268,
1000642,64,1,10437874297931852164,-14304000,-14250000,-14625068,0,0,0,1,2.193,
1000643,64,1,7690545644488957251,-14330000,-14290000,-14625068,0,0,0,1,2.131,
1000644,64,1,16489824330833545716,-14420000,-14378000,-14625068,0,0,0,1,2.253,
1000645,64,1,11802214637618770563,-14420000,-14390000,-14625068,0,0,0,1,2.196,
1000646,64,1,6105769340754164445,-14422000,-14384000,-14625068,0,0,0,1,4.205,
1000647,64,1,16146620129105189221,-14370000,-14332000,-14625068,0,0,0,1,2.193,
1000648,64,1,16062544475293845078,-14432000,-14396000,-14625068,0,0,0,1,4.277,
1000649,64,1,11235179399831664457,-14432000,-14374000,-14625068,0,0,0,1,2.23,
1000650,64,1,13568239233927006299,-14418000,-14376000,-14625068,0,0,0,1,4.255,
1000651,64,1,3918767481894568911,-14322000,-14272000,-14625068,0,0,0,1,2.219,
1000652,64,1,13993167358834303194,-14388000,-14346000,-14625068,0,0,0,1,4.179,
1000653,64,1,4244523092454783505,-14290000,-14242000,-14625068,0,0,0,1,4.154,
1000654,64,1,7567691889834789803,-14436000,-14400000,-14625068,0,0,0,1,2.124,
1000655,64,1,6120456202422102590,-14376000,-14342000,-14625068,0,0,0,1,2.113,
1000656,64,1,13884261482979430822,-14362000,-14322000,-14625068,0,0,0,1,4.076,
1000657,64,1,10195260071632239892,-14394000,-14344000,-14625068,0,0,0,1,4.094,
1000658,64,1,11361413738279505229,-14410000,-14370000,-14625068,0,0,0,1,4.321,
1000659,64,1,3605448528711148198,-14346000,-14302000,-14625068,0,0,0,1,4.286,
1000660,64,1,17711231488048143962,-14344000,-14302000,-14625068,0,0,0,1,4.284,
1000661,64,1,3352182329018101010,-14288000,-14242000,-14625068,0,0,0,1,4.165,
1000662,64,1,146011652025961128,-14354000,-14324000,-14625068,0,0,0,1,2.111,
1000663,64,1,1648722844949491684,-14358000,-14310000,-14625068,0,0,0,1,2.078,
1000664,64,1,2423492919663875799,-14386000,-14344000,-14625068,0,0,0,1,2.066,
1000665,64,1,2442966387319035987,-14422000,-14382000,-14625068,0,0,0,1,4.082,
1000666,64,1,4401246903854820200,-14426000,-14402000,-14625068,0,0,0,1,4.128,
1000667,64,1,13800475717245874709,-14360000,-14324000,-14625068,0,0,0,1,4.083,
1000668,64,1,6346757944491271567,-14450000,-14412000,-14625068,0,0,0,1,4.071,
1000669,64,1,124027408567829253,-14370000,-14322000,-14625068,0,0,0,1,4.28,
1000670,64,1,3749035835689888425,-14492000,-14430000,-14625068,0,0,0,1,4.211,
1000671,64,1,7130506325789425802,-14334000,-14292000,-14625068,0,0,0,1,4.454,
1000672,64,1,4120137482950778854,-14338000,-14302000,-14625068,0,0,0,1,4.454,
1000673,64,1,3470700012188200936,-14356000,-14310000,-14625068,0,0,0,1,2.069,
1000674,64,1,5989501739630505940,-14472000,-14420000,-14625068,0,0,0,1,2.1,
1000675,64,1,7488167446721257603,-14412000,-14368000,-14625068,0,0,0,1,2.089,
1000676,64,1,4689817016162720250,-14392000,-14354000,-14625068,0,0,0,1,4.076,
1000677,64,1,11238203526071704344,-14416000,-14376000,-14625068,0,0,0,1,4.592,
1000678,64,1,18392727431518685331,-14358000,-14308000,-14625068,0,0,0,1,4.68,
1000679,64,1,17418152052669084068,-14382000,-14340000,-14625068,0,0,0,1,4.367,
1000680,64,1,11778749827075209260,-14394000,-14360000,-14625068,0,0,0,1,4.295,
1000681,64,1,9285127469829144891,-14388000,-14334000,-14625068,0,0,0,1,2.067,
1000682,64,1,6151070073538085041,-14382000,-14346000,-14625068,0,0,0,1,2.091,
1000683,64,1,13363387043463005288,-14388000,-14348000,-14625068,0,0,0,1,2.092,
1000684,64,1,13384619990720899098,-14394000,-14324000,-14625068,0,0,0,1,2.066,
1000685,64,1,12353648412289155939,-14448000,-14386000,-14625068,0,0,0,1,4.211,
1000686,64,1,6326337847394746477,-14400000,-14370000,-14625068,0,0,0,1,4.143,
1000687,64,1,11246828993887817073,-14362000,-14326000,-14625068,0,0,0,1,4.155,
1000688,64,1,2226977568366305437,-14394000,-14344000,-14625068,0,0,0,1,4.394,
1000689,64,1,4476559251957648042,-14438000,-14392000,-14625068,0,0,0,1,4.346,
1000690,64,1,8161214769629351116,-14370000,-14318000,-14625068,0,0,0,1,4.328,
1000691,64,1,10555210291433684659,-14394000,-14352000,-14625068,0,0,0,1,4.236,
1000692,64,1,6041417678506841580,-14390000,-14352000,-14625068,0,0,0,1,2.065,
1000693,64,1,3582037115893866726,-14374000,-14328000,-14625068,0,0,0,1,2.064,
1000694,64,1,8344280987834788085,-14384000,-14338000,-14625068,0,0,0,1,2.241,
1000695,64,1,13539816266300001686,-14414000,-14372000,-14625068,0,0,0,1,2.168,
1000696,64,1,7458802589417627462,-14388000,-14348000,-14625068,0,0,0,1,2.125,
1000697,64,1,1907488970809664420,-14338000,-14304000,-14625068,0,0,0,1,4.295,
1000698,64,1,11713838099877184545,-14476000,-14430000,-14625068,0,0,0,1,4.212,
1000699,64,1,8843136569650436084,-14390000,-14360000,-14625068,0,0,0,1,4.257,
1000700,64,1,11792386631719817797,-14364000,-14332000,-14625068,0,0,0,1,4.231,
1000701,64,1,11464196194675247097,-14436000,-14382000,-14625068,0,0,0,1,4.073,
1000702,64,1,8170729649439540249,-14342000,-14296000,-14625068,0,0,0,1,4.194,
1000703,64,1,8102845613168788484,-14384000,-14334000,-14625068,0,0,0,1,4.232,
1000704,64,1,6259109906128147051,-14362000,-14330000,-14625068,0,0,0,1,4.163,
1000705,64,1,10174117158170982596,-14344000,-14298000,-14625068,0,0,0,1,4.414,
1000706,64,1,5861927107973899534,-14286000,-14244000,-14625068,0,0,0,1,4.32,
1000707,64,1,2503284881629512175,-14494000,-14426000,-14625068,0,0,0,1,4.237,
1000708,64,1,5528243324072332384,-14460000,-14432000,-14625068,0,0,0,1,4.236,
1000709,64,1,16927253592782614419,-14324000,-14296000,-14625068,0,0,0,1,4.263,
1000710,64,1,11821183215499692753,-14382000,-14338000,-14625068,0,0,0,1,4.202,
1000711,64,1,10561708653802813751,-14324000,-14286000,-14625068,0,0,0,1,4.21,
1000712,64,1,8453034700102804869,-14442000,-14414000,-14625068,0,0,0,1,4.114,
1000713,64,1,8573892702459135592,-14366000,-14320000,-14625068,0,0,0,1,2.267,
1000714,64,1,11808135482415811919,-14348000,-14308000,-14625068,0,0,0,1,2.233,
1000715,64,1,9512419401540113532,-14436000,-14402000,-14625068,0,0,0,1,2.179,
1000716,64,1,10707295641789278958,-14472000,-14432000,-14625068,0,0,0,1,2.213,
1000717,64,1,11759382387359732960,-14278000,-14228000,-14625068,0,0,0,1,2.062,
1000718,64,1,14391876001885214960,-14432000,-14394000,-14625068,0,0,0,1,2.261,
1000719,64,1,3663473414749537847,-14446000,-14380000,-14625068,0,0,0,1,2.166,
1000720,64,1,2214831550832950803,-14440000,-14384000,-14625068,0,0,0,1,2.151,
1000721,64,1,3675875015445250848,-14420000,-14376000,-14625068,0,0,0,1,2.288,
1000722,64,1,4939665414362103587,-14442000,-14404000,-14625068,0,0,0,1,4.218,
1000723,64,1,12556627469111704850,-14440000,-14392000,-14625068,0,0,0,1,2.196,
1000724,64,1,4776786490168425257,-14300000,-14266000,-14625068,0,0,0,1,2.132,
1000725,64,1,146681296169042938,-14364000,-14322000,-14625068,0,0,0,1,4.068,
1000726,64,1,9964342671323125068,-14298000,-14264000,-14625068,0,0,0,1,4.19,
1000727,64,1,18126066567288093512,-14344000,-14306000,-14625068,0,0,0,1,4.189,
1000728,64,1,14605033553397849220,-14300000,-14256000,-14625068,0,0,0,1,4.148,
1000729,64,1,10094007081543030922,-14362000,-14328000,-14625068,0,0,0,1,2.25,
1000730,64,1,4249156935610490250,-14296000,-14250000,-14625068,0,0,0,1,2.208,
1000731,64,1,15775132012800420676,-14440000,-14386000,-14625068,0,0,0,1,2.145,
1000732,64,1,860436844449675240,-14452000,-14410000,-14625068,0,0,0,1,2.069,
1000733,64,1,13732130820128810742,-14414000,-14372000,-14625068,0,0,0,1,4.257,
1000734,64,1,10464571096784521333,-14398000,-14360000,-14625068,0,0,0,1,2.237,
1000735,64,1,17734801390532511651,-14294000,-14250000,-14625068,0,0,0,1,2.176,
1000736,64,1,17921531626067507613,-14374000,-14340000,-14625068,0,0,0,1,4.177,
1000737,64,1,238423134810637917,-14428000,-14364000,-14625068,0,0,0,1,4.295,
1000738,64,1,6482468974172057280,-14446000,-14386000,-14625068,0,0,0,1,2.238,
1000739,64,1,18446352123404745428,-14332000,-14288000,-14625068,0,0,0,1,2.259,
1000740,64,1,18331135281611107167,-14404000,-14348000,-14625068,0,0,0,1,2.065,
1000741,64,1,13661014738248650069,-14456000,-14400000,-14625068,0,0,0,1,2.312,
1000742,64,1,8736201326925896093,-14430000,-14396000,-14625068,0,0,0,1,2.168,
1000743,64,1,1910384437158588577,-14434000,-14376000,-14625068,0,0,0,1,2.123,
1000744,64,1,11089031191568449384,-14350000,-14302000,-14625068,0,0,0,1,2.102,
1000745,64,1,17992448811233995951,-14346000,-14296000,-14625068,0,0,0,1,2.072,
1000746,64,1,1316242499631395807,-14436000,-14396000,-14625068,0,0,0,1,2.104,
1000747,64,1,12216930767988556252,-14498000,-14452000,-14625068,0,0,0,1,2.084,
1000748,64,1,4658611164144073558,-14416000,-14364000,-14625068,0,0,0,1,2.093,
1000749,64,1,5729402008962388902,-14462000,-14410000,-14625068,0,0,0,1,2.099,
1000750,64,1,1133297459665721803,-14448000,-14414000,-14625068,0,0,0,1,2.063,
1000751,64,1,3402695749584835465,-14492000,-14444000,-14625068,0,0,0,1,2.1,
1000752,64,1,14569731896511006961,-14308000,-14270000,-14625068,0,0,0,1,2.084,
1000753,64,1,11248472755246036265,-14428000,-14390000,-14625068,0,0,0,1,2.067,
1000754,64,1,3494993016670032369,-14404000,-14358000,-14625068,0,0,0,1,2.097,
1000755,64,1,9178289493568707241,-14388000,-14334000,-14625068,0,0,0,1,2.114,
1000756,64,1,17472846233776404472,-14434000,-14400000,-14625068,0,0,0,1,2.097,
1000757,64,1,6504484511738884424,-14386000,-14340000,-14625068,0,0,0,1,2.081,
1000758,64,1,397623331820295064,-14470000,-14436000,-14625068,0,0,0,1,2.074,
1000759,64,1,1687417603073923669,-14458000,-14416000,-14625068,0,0,0,1,2.093,
1000760,64,1,18204919648355507477,-14392000,-14356000,-14625068,0,0,0,1,2.093,
1000761,64,1,1864494083868967204,-14378000,-14342000,-14625068,0,0,0,1,2.065,
1000762,64,1,6165708954688335705,-14404000,-14364000,-14625068,0,0,0,1,2.105,
1000763,64,1,1774145507671001899,-14420000,-14372000,-14625068,0,0,0,1,2.096,
1000764,64,1,254827955484819099,-14458000,-14396000,-14625068,0,0,0,1,2.128,
1000765,64,1,2402536665216498484,-14408000,-14370000,-14625068,0,0,0,1,2.076,
1000766,64,1,10112686559777449614,-14334000,-14296000,-14625068,0,0,0,1,2.069,
1000767,64,1,7936505131551580546,-14412000,-14364000,-14625068,0,0,0,1,2.101,
1000768,64,1,8253921264243374962,-14366000,-14332000,-14625068,0,0,0,1,2.085,
1000769,64,1,12755642123091094768,-14464000,-14426000,-14625068,0,0,0,1,2.072,
1000770,64,1,4870975052464140692,-14398000,-14336000,-14625068,0,0,0,1,2.105,
1000771,64,1,716243304170369942,-14422000,-14376000,-14625068,0,0,0,1,2.141,
1000772,64,1,17561948432560474051,-14312000,-14264000,-14625068,0,0,0,1,2.104,
1000773,64,1,17610555335510666407,-14436000,-14402000,-14625068,0,0,0,1,2.191,
1000774,64,1,5905970288160688008,-14428000,-14392000,-14625068,0,0,0,1,2.088,
1000775,64,1,9555924069401092438,-14346000,-14314000,-14625068,0,0,0,1,2.098,
1000776,64,1,10480260961662684823,-14372000,-14332000,-14625068,0,0,0,1,2.122,
1000777,64,1,5016686150326883932,-14444000,-14406000,-14625068,0,0,0,1,4.085,
1000778,64,1,12388607540284067989,-14386000,-14340000,-14625068,0,0,0,1,4.299,
1000779,64,1,7837249970856348503,-14362000,-14326000,-14625068,0,0,0,1,4.21,
1000780,64,1,5613785062641192254,-14388000,-14344000,-14625068,0,0,0,1,4.224,
1000781,64,1,12045626861122947527,-14426000,-14374000,-14625068,0,0,0,1,4.147,
1000782,64,1,13487910207967988073,-14316000,-14272000,-14625068,0,0,0,1,4.154,
1000783,64,1,10671412584444496003,-14366000,-14328000,-14625068,0,0,0,1,4.184,
1000784,64,1,1387111706769291784,-14338000,-14284000,-14625068,0,0,0,1,4.164,
1000785,64,1,3926557341277211971,-14332000,-14286000,-14625068,0,0,0,1,2.072,
1000786,64,1,3301635906044732627,-14416000,-14376000,-14625068,0,0,0,1,2.11,
1000787,64,1,8283984837918035452,-14386000,-14342000,-14625068,0,0,0,1,2.115,
1000788,64,1,3442202302143373855,-14406000,-14352000,-14625068,0,0,0,1,2.099,
1000789,64,1,17899107590848055104,-14470000,-14440000,-14625068,0,0,0,1,2.116,
1000790,64,1,2915048374479117513,-14364000,-14332000,-14625068,0,0,0,1,2.066,
1000791,64,1,10431338459893620544,-14396000,-14356000,-14625068,0,0,0,1,2.098,
1000792,64,1,16598311824833328035,-14432000,-14382000,-14625068,0,0,0,1,2.082,
1000793,64,1,1350355964258406131,-14394000,-14370000,-14625068,0,0,0,1,2.063,
1000794,64,1,15633674906020100164,-14354000,-14290000,-14625068,0,0,0,1,2.112,
1000795,64,1,10298583586966160137,-14418000,-14376000,-14625068,0,0,0,1,2.083,
1000796,64,1,17977571858197517059,-14374000,-14326000,-14625068,0,0,0,1,2.098,
1000797,64,1,4398057368109365559,-14468000,-14424000,-14625068,0,0,0,1,2.083,
1000798,64,1,8307946313339066548,-14386000,-14352000,-14625068,0,0,0,1,2.07,
1000799,64,1,17948013466005210459,-14362000,-14310000,-14625068,0,0,0,1,2.085,
