2026-09-21T19:07:45.749971Z DEBUG quip_miner_metal::combined: combined route assigned engine="ane" job_id=warmup:3250:20015:0 metal_eligible=true ane_eligible=true
2026-09-21T19:07:45.751975Z DEBUG quip_miner_metal::combined: combined route assigned engine="metal" job_id=warmup:3250:20015:1 metal_eligible=true ane_eligible=true
2026-09-21T19:07:46.817180Z DEBUG quip_miner_metal::combined: combined route completed engine="metal" job_id=warmup:3250:20015:1 outcome="completed" device_access_time_us=980964
2026-09-21T19:07:50.634893Z DEBUG quip_miner_metal::combined: combined route completed engine="ane" job_id=warmup:3250:20015:0 outcome="completed" device_access_time_us=4884297
2026-09-21T19:07:50.646821Z DEBUG quip_miner_metal::combined: combined route assigned engine="ane" job_id=study:3250:20015 metal_eligible=true ane_eligible=true
2026-09-21T19:07:50.648699Z DEBUG quip_miner_metal::combined: combined route assigned engine="metal" job_id=study:3250:20016 metal_eligible=true ane_eligible=true
2026-09-21T19:07:50.650498Z DEBUG quip_miner_metal::combined: combined route assigned engine="metal" job_id=study:3250:20017 metal_eligible=true ane_eligible=true
2026-09-21T19:07:50.652337Z DEBUG quip_miner_metal::combined: combined route assigned engine="metal" job_id=study:3250:20018 metal_eligible=true ane_eligible=true
2026-09-21T19:07:50.654335Z DEBUG quip_miner_metal::combined: combined route assigned engine="metal" job_id=study:3250:20019 metal_eligible=true ane_eligible=true
2026-09-21T19:07:50.656137Z DEBUG quip_miner_metal::combined: combined route assigned engine="metal" job_id=study:3249:20015 metal_eligible=true ane_eligible=true
2026-09-21T19:07:50.657869Z DEBUG quip_miner_metal::combined: combined route assigned engine="metal" job_id=study:3249:20016 metal_eligible=true ane_eligible=true
2026-09-21T19:07:50.659639Z DEBUG quip_miner_metal::combined: combined route assigned engine="metal" job_id=study:3249:20017 metal_eligible=true ane_eligible=true
2026-09-21T19:07:50.661317Z DEBUG quip_miner_metal::combined: combined route assigned engine="metal" job_id=study:3249:20018 metal_eligible=true ane_eligible=true
2026-09-21T19:07:50.663134Z DEBUG quip_miner_metal::combined: combined route assigned engine="metal" job_id=study:3249:20019 metal_eligible=true ane_eligible=true
2026-09-21T19:07:50.664822Z DEBUG quip_miner_metal::combined: combined route assigned engine="metal" job_id=study:3248:20015 metal_eligible=true ane_eligible=true
2026-09-21T19:07:50.666767Z DEBUG quip_miner_metal::combined: combined route assigned engine="metal" job_id=study:3248:20016 metal_eligible=true ane_eligible=true
2026-09-21T19:07:50.668558Z DEBUG quip_miner_metal::combined: combined route assigned engine="metal" job_id=study:3248:20017 metal_eligible=true ane_eligible=true
2026-09-21T19:07:50.670395Z DEBUG quip_miner_metal::combined: combined route assigned engine="metal" job_id=study:3248:20018 metal_eligible=true ane_eligible=true
2026-09-21T19:07:50.672171Z DEBUG quip_miner_metal::combined: combined route assigned engine="metal" job_id=study:3248:20019 metal_eligible=true ane_eligible=true
2026-09-21T19:07:50.673956Z DEBUG quip_miner_metal::combined: combined route assigned engine="metal" job_id=study:3247:20015 metal_eligible=true ane_eligible=true
2026-09-21T19:07:50.675901Z DEBUG quip_miner_metal::combined: combined route assigned engine="metal" job_id=study:3247:20016 metal_eligible=true ane_eligible=true
2026-09-21T19:07:50.677793Z DEBUG quip_miner_metal::combined: combined route assigned engine="metal" job_id=study:3247:20017 metal_eligible=true ane_eligible=true
2026-09-21T19:07:50.679551Z DEBUG quip_miner_metal::combined: combined route assigned engine="metal" job_id=study:3247:20018 metal_eligible=true ane_eligible=true
2026-09-21T19:07:50.681461Z DEBUG quip_miner_metal::combined: combined route assigned engine="metal" job_id=study:3247:20019 metal_eligible=true ane_eligible=true
2026-09-21T19:07:50.683308Z DEBUG quip_miner_metal::combined: combined route assigned engine="metal" job_id=study:3246:20015 metal_eligible=true ane_eligible=true
2026-09-21T19:07:50.685069Z DEBUG quip_miner_metal::combined: combined route assigned engine="metal" job_id=study:3246:20016 metal_eligible=true ane_eligible=true
2026-09-21T19:07:50.686990Z DEBUG quip_miner_metal::combined: combined route assigned engine="metal" job_id=study:3246:20017 metal_eligible=true ane_eligible=true
2026-09-21T19:07:50.688766Z DEBUG quip_miner_metal::combined: combined route assigned engine="metal" job_id=study:3246:20018 metal_eligible=true ane_eligible=true
2026-09-21T19:07:50.690571Z DEBUG quip_miner_metal::combined: combined route assigned engine="metal" job_id=study:3246:20019 metal_eligible=true ane_eligible=true
2026-09-21T19:07:50.692321Z DEBUG quip_miner_metal::combined: combined route assigned engine="metal" job_id=study:3245:20015 metal_eligible=true ane_eligible=true
2026-09-21T19:07:50.694092Z DEBUG quip_miner_metal::combined: combined route assigned engine="metal" job_id=study:3245:20016 metal_eligible=true ane_eligible=true
2026-09-21T19:07:50.695937Z DEBUG quip_miner_metal::combined: combined route assigned engine="metal" job_id=study:3245:20017 metal_eligible=true ane_eligible=true
2026-09-21T19:07:50.697739Z DEBUG quip_miner_metal::combined: combined route assigned engine="metal" job_id=study:3245:20018 metal_eligible=true ane_eligible=true
2026-09-21T19:07:50.699548Z DEBUG quip_miner_metal::combined: combined route assigned engine="metal" job_id=study:3245:20019 metal_eligible=true ane_eligible=true
2026-09-21T19:07:50.701255Z DEBUG quip_miner_metal::combined: combined route assigned engine="metal" job_id=study:3244:20015 metal_eligible=true ane_eligible=true
2026-09-21T19:07:50.703022Z DEBUG quip_miner_metal::combined: combined route assigned engine="metal" job_id=study:3244:20016 metal_eligible=true ane_eligible=true
2026-09-21T19:07:50.704739Z DEBUG quip_miner_metal::combined: combined route assigned engine="metal" job_id=study:3244:20017 metal_eligible=true ane_eligible=true
2026-09-21T19:07:50.706482Z DEBUG quip_miner_metal::combined: combined route assigned engine="metal" job_id=study:3244:20018 metal_eligible=true ane_eligible=true
2026-09-21T19:07:50.708469Z DEBUG quip_miner_metal::combined: combined route assigned engine="metal" job_id=study:3244:20019 metal_eligible=true ane_eligible=true
2026-09-21T19:07:50.710375Z DEBUG quip_miner_metal::combined: combined route assigned engine="metal" job_id=study:3243:20015 metal_eligible=true ane_eligible=true
2026-09-21T19:07:50.712280Z DEBUG quip_miner_metal::combined: combined route assigned engine="metal" job_id=study:3243:20016 metal_eligible=true ane_eligible=true
2026-09-21T19:07:50.714081Z DEBUG quip_miner_metal::combined: combined route assigned engine="metal" job_id=study:3243:20017 metal_eligible=true ane_eligible=true
2026-09-21T19:07:50.715929Z DEBUG quip_miner_metal::combined: combined route assigned engine="metal" job_id=study:3243:20018 metal_eligible=true ane_eligible=true
2026-09-21T19:07:50.717734Z DEBUG quip_miner_metal::combined: combined route assigned engine="metal" job_id=study:3243:20019 metal_eligible=true ane_eligible=true
2026-09-21T19:07:50.719574Z DEBUG quip_miner_metal::combined: combined route assigned engine="metal" job_id=study:3242:20015 metal_eligible=true ane_eligible=true
2026-09-21T19:07:53.567408Z DEBUG quip_miner_metal::combined: combined route completed engine="metal" job_id=study:3250:20016 outcome="completed" device_access_time_us=2692973
2026-09-21T19:07:53.567470Z DEBUG quip_miner_metal::combined: combined route completed engine="metal" job_id=study:3250:20017 outcome="completed" device_access_time_us=2692973
2026-09-21T19:07:53.567480Z DEBUG quip_miner_metal::combined: combined route completed engine="metal" job_id=study:3250:20018 outcome="completed" device_access_time_us=2692973
2026-09-21T19:07:53.567486Z DEBUG quip_miner_metal::combined: combined route completed engine="metal" job_id=study:3250:20019 outcome="completed" device_access_time_us=2692973
2026-09-21T19:07:53.567491Z DEBUG quip_miner_metal::combined: combined route completed engine="metal" job_id=study:3249:20015 outcome="completed" device_access_time_us=2692973
2026-09-21T19:07:53.567509Z DEBUG quip_miner_metal::combined: combined route completed engine="metal" job_id=study:3249:20016 outcome="completed" device_access_time_us=2692973
2026-09-21T19:07:53.567515Z DEBUG quip_miner_metal::combined: combined route completed engine="metal" job_id=study:3249:20017 outcome="completed" device_access_time_us=2692973
2026-09-21T19:07:53.567519Z DEBUG quip_miner_metal::combined: combined route completed engine="metal" job_id=study:3249:20018 outcome="completed" device_access_time_us=2692973
2026-09-21T19:07:53.567523Z DEBUG quip_miner_metal::combined: combined route completed engine="metal" job_id=study:3249:20019 outcome="completed" device_access_time_us=2692973
2026-09-21T19:07:53.567527Z DEBUG quip_miner_metal::combined: combined route completed engine="metal" job_id=study:3248:20015 outcome="completed" device_access_time_us=2692973
2026-09-21T19:07:53.567530Z DEBUG quip_miner_metal::combined: combined route completed engine="metal" job_id=study:3248:20016 outcome="completed" device_access_time_us=2692973
2026-09-21T19:07:53.567534Z DEBUG quip_miner_metal::combined: combined route completed engine="metal" job_id=study:3248:20017 outcome="completed" device_access_time_us=2692973
2026-09-21T19:07:53.567538Z DEBUG quip_miner_metal::combined: combined route completed engine="metal" job_id=study:3248:20018 outcome="completed" device_access_time_us=2692973
2026-09-21T19:07:53.567542Z DEBUG quip_miner_metal::combined: combined route completed engine="metal" job_id=study:3248:20019 outcome="completed" device_access_time_us=2692973
2026-09-21T19:07:53.567545Z DEBUG quip_miner_metal::combined: combined route completed engine="metal" job_id=study:3247:20015 outcome="completed" device_access_time_us=2692973
2026-09-21T19:07:53.567549Z DEBUG quip_miner_metal::combined: combined route completed engine="metal" job_id=study:3247:20016 outcome="completed" device_access_time_us=2692973
2026-09-21T19:07:53.567553Z DEBUG quip_miner_metal::combined: combined route completed engine="metal" job_id=study:3247:20017 outcome="completed" device_access_time_us=2692973
2026-09-21T19:07:53.567557Z DEBUG quip_miner_metal::combined: combined route completed engine="metal" job_id=study:3247:20018 outcome="completed" device_access_time_us=2692973
2026-09-21T19:07:53.567561Z DEBUG quip_miner_metal::combined: combined route completed engine="metal" job_id=study:3247:20019 outcome="completed" device_access_time_us=2692973
2026-09-21T19:07:53.567565Z DEBUG quip_miner_metal::combined: combined route completed engine="metal" job_id=study:3246:20015 outcome="completed" device_access_time_us=2692973
2026-09-21T19:07:53.570920Z DEBUG quip_miner_metal::combined: combined route assigned engine="metal" job_id=study:3242:20016 metal_eligible=true ane_eligible=true
2026-09-21T19:07:53.574184Z DEBUG quip_miner_metal::combined: combined route assigned engine="metal" job_id=study:3242:20017 metal_eligible=true ane_eligible=true
2026-09-21T19:07:53.577679Z DEBUG quip_miner_metal::combined: combined route assigned engine="metal" job_id=study:3242:20018 metal_eligible=true ane_eligible=true
2026-09-21T19:07:53.582134Z DEBUG quip_miner_metal::combined: combined route assigned engine="metal" job_id=study:3242:20019 metal_eligible=true ane_eligible=true
2026-09-21T19:07:53.585913Z DEBUG quip_miner_metal::combined: combined route assigned engine="metal" job_id=study:3241:20015 metal_eligible=true ane_eligible=true
2026-09-21T19:07:53.589262Z DEBUG quip_miner_metal::combined: combined route assigned engine="metal" job_id=study:3241:20016 metal_eligible=true ane_eligible=true
2026-09-21T19:07:53.593223Z DEBUG quip_miner_metal::combined: combined route assigned engine="metal" job_id=study:3241:20017 metal_eligible=true ane_eligible=true
2026-09-21T19:07:53.597168Z DEBUG quip_miner_metal::combined: combined route assigned engine="metal" job_id=study:3241:20018 metal_eligible=true ane_eligible=true
2026-09-21T19:07:53.604055Z DEBUG quip_miner_metal::combined: combined route assigned engine="metal" job_id=study:3241:20019 metal_eligible=true ane_eligible=true
2026-09-21T19:07:53.610130Z DEBUG quip_miner_metal::combined: combined route assigned engine="metal" job_id=study:3240:20015 metal_eligible=true ane_eligible=true
2026-09-21T19:07:53.614060Z DEBUG quip_miner_metal::combined: combined route assigned engine="metal" job_id=study:3240:20016 metal_eligible=true ane_eligible=true
2026-09-21T19:07:53.638936Z DEBUG quip_miner_metal::combined: combined route assigned engine="metal" job_id=study:3240:20017 metal_eligible=true ane_eligible=true
2026-09-21T19:07:53.670735Z DEBUG quip_miner_metal::combined: combined route assigned engine="metal" job_id=study:3240:20018 metal_eligible=true ane_eligible=true
2026-09-21T19:07:53.676043Z DEBUG quip_miner_metal::combined: combined route assigned engine="metal" job_id=study:3240:20019 metal_eligible=true ane_eligible=true
2026-09-21T19:07:53.679767Z DEBUG quip_miner_metal::combined: combined route assigned engine="metal" job_id=study:3239:20015 metal_eligible=true ane_eligible=true
2026-09-21T19:07:53.679812Z DEBUG quip_miner_metal::combined: combined route completed engine="metal" job_id=study:3246:20016 outcome="completed" device_access_time_us=2537331
2026-09-21T19:07:53.679973Z DEBUG quip_miner_metal::combined: combined route completed engine="metal" job_id=study:3246:20017 outcome="completed" device_access_time_us=2537331
2026-09-21T19:07:53.679991Z DEBUG quip_miner_metal::combined: combined route completed engine="metal" job_id=study:3246:20018 outcome="completed" device_access_time_us=2537331
2026-09-21T19:07:53.679998Z DEBUG quip_miner_metal::combined: combined route completed engine="metal" job_id=study:3246:20019 outcome="completed" device_access_time_us=2537331
2026-09-21T19:07:53.680141Z DEBUG quip_miner_metal::combined: combined route completed engine="metal" job_id=study:3245:20015 outcome="completed" device_access_time_us=2537331
2026-09-21T19:07:53.680168Z DEBUG quip_miner_metal::combined: combined route completed engine="metal" job_id=study:3245:20016 outcome="completed" device_access_time_us=2537331
2026-09-21T19:07:53.680175Z DEBUG quip_miner_metal::combined: combined route completed engine="metal" job_id=study:3245:20017 outcome="completed" device_access_time_us=2537331
2026-09-21T19:07:53.680180Z DEBUG quip_miner_metal::combined: combined route completed engine="metal" job_id=study:3245:20018 outcome="completed" device_access_time_us=2537331
2026-09-21T19:07:53.680185Z DEBUG quip_miner_metal::combined: combined route completed engine="metal" job_id=study:3245:20019 outcome="completed" device_access_time_us=2537331
2026-09-21T19:07:53.680189Z DEBUG quip_miner_metal::combined: combined route completed engine="metal" job_id=study:3244:20015 outcome="completed" device_access_time_us=2537331
2026-09-21T19:07:53.680193Z DEBUG quip_miner_metal::combined: combined route completed engine="metal" job_id=study:3244:20016 outcome="completed" device_access_time_us=2537331
2026-09-21T19:07:53.680203Z DEBUG quip_miner_metal::combined: combined route completed engine="metal" job_id=study:3244:20017 outcome="completed" device_access_time_us=2537331
2026-09-21T19:07:53.680209Z DEBUG quip_miner_metal::combined: combined route completed engine="metal" job_id=study:3244:20018 outcome="completed" device_access_time_us=2537331
2026-09-21T19:07:53.680213Z DEBUG quip_miner_metal::combined: combined route completed engine="metal" job_id=study:3244:20019 outcome="completed" device_access_time_us=2537331
2026-09-21T19:07:53.680217Z DEBUG quip_miner_metal::combined: combined route completed engine="metal" job_id=study:3243:20015 outcome="completed" device_access_time_us=2537331
2026-09-21T19:07:53.680221Z DEBUG quip_miner_metal::combined: combined route completed engine="metal" job_id=study:3243:20016 outcome="completed" device_access_time_us=2537331
2026-09-21T19:07:53.680225Z DEBUG quip_miner_metal::combined: combined route completed engine="metal" job_id=study:3243:20017 outcome="completed" device_access_time_us=2537331
2026-09-21T19:07:53.680228Z DEBUG quip_miner_metal::combined: combined route completed engine="metal" job_id=study:3243:20018 outcome="completed" device_access_time_us=2537331
2026-09-21T19:07:53.680249Z DEBUG quip_miner_metal::combined: combined route completed engine="metal" job_id=study:3243:20019 outcome="completed" device_access_time_us=2537331
2026-09-21T19:07:53.680253Z DEBUG quip_miner_metal::combined: combined route completed engine="metal" job_id=study:3242:20015 outcome="completed" device_access_time_us=2537331
2026-09-21T19:07:53.684706Z DEBUG quip_miner_metal::combined: combined route assigned engine="metal" job_id=study:3239:20016 metal_eligible=true ane_eligible=true
2026-09-21T19:07:53.687951Z DEBUG quip_miner_metal::combined: combined route assigned engine="metal" job_id=study:3239:20017 metal_eligible=true ane_eligible=true
2026-09-21T19:07:53.691270Z DEBUG quip_miner_metal::combined: combined route assigned engine="metal" job_id=study:3239:20018 metal_eligible=true ane_eligible=true
2026-09-21T19:07:53.694558Z DEBUG quip_miner_metal::combined: combined route assigned engine="metal" job_id=study:3239:20019 metal_eligible=true ane_eligible=true
2026-09-21T19:07:53.697951Z DEBUG quip_miner_metal::combined: combined route assigned engine="metal" job_id=study:3238:20015 metal_eligible=true ane_eligible=true
2026-09-21T19:07:53.701423Z DEBUG quip_miner_metal::combined: combined route assigned engine="metal" job_id=study:3238:20016 metal_eligible=true ane_eligible=true
2026-09-21T19:07:53.704971Z DEBUG quip_miner_metal::combined: combined route assigned engine="metal" job_id=study:3238:20017 metal_eligible=true ane_eligible=true
2026-09-21T19:07:53.709170Z DEBUG quip_miner_metal::combined: combined route assigned engine="metal" job_id=study:3238:20018 metal_eligible=true ane_eligible=true
2026-09-21T19:07:53.712431Z DEBUG quip_miner_metal::combined: combined route assigned engine="metal" job_id=study:3238:20019 metal_eligible=true ane_eligible=true
2026-09-21T19:07:53.715606Z DEBUG quip_miner_metal::combined: combined route assigned engine="metal" job_id=study:3237:20015 metal_eligible=true ane_eligible=true
2026-09-21T19:07:53.718677Z DEBUG quip_miner_metal::combined: combined route assigned engine="metal" job_id=study:3237:20016 metal_eligible=true ane_eligible=true
2026-09-21T19:07:53.721693Z DEBUG quip_miner_metal::combined: combined route assigned engine="metal" job_id=study:3237:20017 metal_eligible=true ane_eligible=true
2026-09-21T19:07:53.724691Z DEBUG quip_miner_metal::combined: combined route assigned engine="metal" job_id=study:3237:20018 metal_eligible=true ane_eligible=true
2026-09-21T19:07:53.727827Z DEBUG quip_miner_metal::combined: combined route assigned engine="metal" job_id=study:3237:20019 metal_eligible=true ane_eligible=true
2026-09-21T19:07:53.730887Z DEBUG quip_miner_metal::combined: combined route assigned engine="metal" job_id=study:3236:20015 metal_eligible=true ane_eligible=true
2026-09-21T19:07:53.733960Z DEBUG quip_miner_metal::combined: combined route assigned engine="metal" job_id=study:3236:20016 metal_eligible=true ane_eligible=true
2026-09-21T19:07:53.737079Z DEBUG quip_miner_metal::combined: combined route assigned engine="metal" job_id=study:3236:20017 metal_eligible=true ane_eligible=true
2026-09-21T19:07:53.739970Z DEBUG quip_miner_metal::combined: combined route assigned engine="metal" job_id=study:3236:20018 metal_eligible=true ane_eligible=true
2026-09-21T19:07:53.743339Z DEBUG quip_miner_metal::combined: combined route assigned engine="metal" job_id=study:3236:20019 metal_eligible=true ane_eligible=true
2026-09-21T19:07:53.746549Z DEBUG quip_miner_metal::combined: combined route assigned engine="metal" job_id=study:3235:20015 metal_eligible=true ane_eligible=true
2026-09-21T19:07:53.749599Z DEBUG quip_miner_metal::combined: combined route assigned engine="metal" job_id=study:3235:20016 metal_eligible=true ane_eligible=true
2026-09-21T19:07:53.752753Z DEBUG quip_miner_metal::combined: combined route assigned engine="metal" job_id=study:3235:20017 metal_eligible=true ane_eligible=true
2026-09-21T19:07:53.755902Z DEBUG quip_miner_metal::combined: combined route assigned engine="metal" job_id=study:3235:20018 metal_eligible=true ane_eligible=true
2026-09-21T19:07:53.759159Z DEBUG quip_miner_metal::combined: combined route assigned engine="metal" job_id=study:3235:20019 metal_eligible=true ane_eligible=true
2026-09-21T19:07:53.763062Z DEBUG quip_miner_metal::combined: combined route assigned engine="metal" job_id=study:3234:20015 metal_eligible=true ane_eligible=true
2026-09-21T19:07:57.787761Z DEBUG quip_miner_metal::combined: combined route completed engine="ane" job_id=study:3250:20015 outcome="completed" device_access_time_us=7139753
2026-09-21T19:07:57.790982Z DEBUG quip_miner_metal::combined: combined route assigned engine="ane" job_id=study:3234:20016 metal_eligible=true ane_eligible=true
2026-09-21T19:07:58.802544Z DEBUG quip_miner_metal::combined: combined route completed engine="metal" job_id=study:3242:20016 outcome="completed" device_access_time_us=4633917
2026-09-21T19:07:58.802581Z DEBUG quip_miner_metal::combined: combined route completed engine="metal" job_id=study:3242:20017 outcome="completed" device_access_time_us=4633917
2026-09-21T19:07:58.802587Z DEBUG quip_miner_metal::combined: combined route completed engine="metal" job_id=study:3242:20018 outcome="completed" device_access_time_us=4633917
2026-09-21T19:07:58.802591Z DEBUG quip_miner_metal::combined: combined route completed engine="metal" job_id=study:3242:20019 outcome="completed" device_access_time_us=4633917
2026-09-21T19:07:58.802593Z DEBUG quip_miner_metal::combined: combined route completed engine="metal" job_id=study:3241:20015 outcome="completed" device_access_time_us=4633917
2026-09-21T19:07:58.802597Z DEBUG quip_miner_metal::combined: combined route completed engine="metal" job_id=study:3241:20016 outcome="completed" device_access_time_us=4633917
2026-09-21T19:07:58.802600Z DEBUG quip_miner_metal::combined: combined route completed engine="metal" job_id=study:3241:20017 outcome="completed" device_access_time_us=4633917
2026-09-21T19:07:58.802602Z DEBUG quip_miner_metal::combined: combined route completed engine="metal" job_id=study:3241:20018 outcome="completed" device_access_time_us=4633917
2026-09-21T19:07:58.802605Z DEBUG quip_miner_metal::combined: combined route completed engine="metal" job_id=study:3241:20019 outcome="completed" device_access_time_us=4633917
2026-09-21T19:07:58.802607Z DEBUG quip_miner_metal::combined: combined route completed engine="metal" job_id=study:3240:20015 outcome="completed" device_access_time_us=4633917
2026-09-21T19:07:58.802610Z DEBUG quip_miner_metal::combined: combined route completed engine="metal" job_id=study:3240:20016 outcome="completed" device_access_time_us=4633917
2026-09-21T19:07:58.802613Z DEBUG quip_miner_metal::combined: combined route completed engine="metal" job_id=study:3240:20017 outcome="completed" device_access_time_us=4633917
2026-09-21T19:07:58.802615Z DEBUG quip_miner_metal::combined: combined route completed engine="metal" job_id=study:3240:20018 outcome="completed" device_access_time_us=4633917
2026-09-21T19:07:58.802618Z DEBUG quip_miner_metal::combined: combined route completed engine="metal" job_id=study:3240:20019 outcome="completed" device_access_time_us=4633917
2026-09-21T19:07:58.802620Z DEBUG quip_miner_metal::combined: combined route completed engine="metal" job_id=study:3239:20015 outcome="completed" device_access_time_us=4633917
2026-09-21T19:07:58.802622Z DEBUG quip_miner_metal::combined: combined route completed engine="metal" job_id=study:3239:20016 outcome="completed" device_access_time_us=4633917
2026-09-21T19:07:58.802625Z DEBUG quip_miner_metal::combined: combined route completed engine="metal" job_id=study:3239:20017 outcome="completed" device_access_time_us=4633917
2026-09-21T19:07:58.802627Z DEBUG quip_miner_metal::combined: combined route completed engine="metal" job_id=study:3239:20018 outcome="completed" device_access_time_us=4633917
2026-09-21T19:07:58.802629Z DEBUG quip_miner_metal::combined: combined route completed engine="metal" job_id=study:3239:20019 outcome="completed" device_access_time_us=4633917
2026-09-21T19:07:58.802642Z DEBUG quip_miner_metal::combined: combined route completed engine="metal" job_id=study:3238:20015 outcome="completed" device_access_time_us=4633917
2026-09-21T19:07:58.804540Z DEBUG quip_miner_metal::combined: combined route assigned engine="metal" job_id=study:3234:20017 metal_eligible=true ane_eligible=true
2026-09-21T19:07:58.806506Z DEBUG quip_miner_metal::combined: combined route assigned engine="metal" job_id=study:3234:20018 metal_eligible=true ane_eligible=true
2026-09-21T19:07:58.808360Z DEBUG quip_miner_metal::combined: combined route assigned engine="metal" job_id=study:3234:20019 metal_eligible=true ane_eligible=true
2026-09-21T19:07:58.810265Z DEBUG quip_miner_metal::combined: combined route assigned engine="metal" job_id=study:3233:20015 metal_eligible=true ane_eligible=true
2026-09-21T19:07:58.812182Z DEBUG quip_miner_metal::combined: combined route assigned engine="metal" job_id=study:3233:20016 metal_eligible=true ane_eligible=true
2026-09-21T19:07:58.814169Z DEBUG quip_miner_metal::combined: combined route assigned engine="metal" job_id=study:3233:20017 metal_eligible=true ane_eligible=true
2026-09-21T19:07:58.815990Z DEBUG quip_miner_metal::combined: combined route assigned engine="metal" job_id=study:3233:20018 metal_eligible=true ane_eligible=true
2026-09-21T19:07:58.817919Z DEBUG quip_miner_metal::combined: combined route assigned engine="metal" job_id=study:3233:20019 metal_eligible=true ane_eligible=true
2026-09-21T19:07:58.819851Z DEBUG quip_miner_metal::combined: combined route assigned engine="metal" job_id=study:3232:20015 metal_eligible=true ane_eligible=true
2026-09-21T19:07:58.821759Z DEBUG quip_miner_metal::combined: combined route assigned engine="metal" job_id=study:3232:20016 metal_eligible=true ane_eligible=true
2026-09-21T19:07:58.823646Z DEBUG quip_miner_metal::combined: combined route assigned engine="metal" job_id=study:3232:20017 metal_eligible=true ane_eligible=true
2026-09-21T19:07:58.825754Z DEBUG quip_miner_metal::combined: combined route assigned engine="metal" job_id=study:3232:20018 metal_eligible=true ane_eligible=true
2026-09-21T19:07:58.827797Z DEBUG quip_miner_metal::combined: combined route assigned engine="metal" job_id=study:3232:20019 metal_eligible=true ane_eligible=true
2026-09-21T19:07:58.829855Z DEBUG quip_miner_metal::combined: combined route assigned engine="metal" job_id=study:3231:20015 metal_eligible=true ane_eligible=true
2026-09-21T19:07:58.829862Z DEBUG quip_miner_metal::combined: combined route completed engine="metal" job_id=study:3238:20016 outcome="completed" device_access_time_us=4822247
2026-09-21T19:07:58.829867Z DEBUG quip_miner_metal::combined: combined route completed engine="metal" job_id=study:3238:20017 outcome="completed" device_access_time_us=4822247
2026-09-21T19:07:58.829871Z DEBUG quip_miner_metal::combined: combined route completed engine="metal" job_id=study:3238:20018 outcome="completed" device_access_time_us=4822247
2026-09-21T19:07:58.829873Z DEBUG quip_miner_metal::combined: combined route completed engine="metal" job_id=study:3238:20019 outcome="completed" device_access_time_us=4822247
2026-09-21T19:07:58.829876Z DEBUG quip_miner_metal::combined: combined route completed engine="metal" job_id=study:3237:20015 outcome="completed" device_access_time_us=4822247
2026-09-21T19:07:58.829880Z DEBUG quip_miner_metal::combined: combined route completed engine="metal" job_id=study:3237:20016 outcome="completed" device_access_time_us=4822247
2026-09-21T19:07:58.829883Z DEBUG quip_miner_metal::combined: combined route completed engine="metal" job_id=study:3237:20017 outcome="completed" device_access_time_us=4822247
2026-09-21T19:07:58.829885Z DEBUG quip_miner_metal::combined: combined route completed engine="metal" job_id=study:3237:20018 outcome="completed" device_access_time_us=4822247
2026-09-21T19:07:58.829888Z DEBUG quip_miner_metal::combined: combined route completed engine="metal" job_id=study:3237:20019 outcome="completed" device_access_time_us=4822247
2026-09-21T19:07:58.829891Z DEBUG quip_miner_metal::combined: combined route completed engine="metal" job_id=study:3236:20015 outcome="completed" device_access_time_us=4822247
2026-09-21T19:07:58.829907Z DEBUG quip_miner_metal::combined: combined route completed engine="metal" job_id=study:3236:20016 outcome="completed" device_access_time_us=4822247
2026-09-21T19:07:58.829910Z DEBUG quip_miner_metal::combined: combined route completed engine="metal" job_id=study:3236:20017 outcome="completed" device_access_time_us=4822247
2026-09-21T19:07:58.829913Z DEBUG quip_miner_metal::combined: combined route completed engine="metal" job_id=study:3236:20018 outcome="completed" device_access_time_us=4822247
2026-09-21T19:07:58.829915Z DEBUG quip_miner_metal::combined: combined route completed engine="metal" job_id=study:3236:20019 outcome="completed" device_access_time_us=4822247
2026-09-21T19:07:58.829918Z DEBUG quip_miner_metal::combined: combined route completed engine="metal" job_id=study:3235:20015 outcome="completed" device_access_time_us=4822247
2026-09-21T19:07:58.829921Z DEBUG quip_miner_metal::combined: combined route completed engine="metal" job_id=study:3235:20016 outcome="completed" device_access_time_us=4822247
2026-09-21T19:07:58.829924Z DEBUG quip_miner_metal::combined: combined route completed engine="metal" job_id=study:3235:20017 outcome="completed" device_access_time_us=4822247
2026-09-21T19:07:58.829926Z DEBUG quip_miner_metal::combined: combined route completed engine="metal" job_id=study:3235:20018 outcome="completed" device_access_time_us=4822247
2026-09-21T19:07:58.829929Z DEBUG quip_miner_metal::combined: combined route completed engine="metal" job_id=study:3235:20019 outcome="completed" device_access_time_us=4822247
2026-09-21T19:07:58.829932Z DEBUG quip_miner_metal::combined: combined route completed engine="metal" job_id=study:3234:20015 outcome="completed" device_access_time_us=4822247
2026-09-21T19:07:58.831881Z DEBUG quip_miner_metal::combined: combined route assigned engine="metal" job_id=study:3231:20016 metal_eligible=true ane_eligible=true
2026-09-21T19:07:58.833880Z DEBUG quip_miner_metal::combined: combined route assigned engine="metal" job_id=study:3231:20017 metal_eligible=true ane_eligible=true
2026-09-21T19:07:58.835905Z DEBUG quip_miner_metal::combined: combined route assigned engine="metal" job_id=study:3231:20018 metal_eligible=true ane_eligible=true
2026-09-21T19:07:58.838435Z DEBUG quip_miner_metal::combined: combined route assigned engine="metal" job_id=study:3231:20019 metal_eligible=true ane_eligible=true
2026-09-21T19:07:58.840964Z DEBUG quip_miner_metal::combined: combined route assigned engine="metal" job_id=study:3230:20015 metal_eligible=true ane_eligible=true
2026-09-21T19:07:58.843506Z DEBUG quip_miner_metal::combined: combined route assigned engine="metal" job_id=study:3230:20016 metal_eligible=true ane_eligible=true
2026-09-21T19:07:58.845845Z DEBUG quip_miner_metal::combined: combined route assigned engine="metal" job_id=study:3230:20017 metal_eligible=true ane_eligible=true
2026-09-21T19:07:58.848401Z DEBUG quip_miner_metal::combined: combined route assigned engine="metal" job_id=study:3230:20018 metal_eligible=true ane_eligible=true
2026-09-21T19:07:58.851550Z DEBUG quip_miner_metal::combined: combined route assigned engine="metal" job_id=study:3230:20019 metal_eligible=true ane_eligible=true
2026-09-21T19:07:58.854564Z DEBUG quip_miner_metal::combined: combined route assigned engine="metal" job_id=study:3229:20015 metal_eligible=true ane_eligible=true
2026-09-21T19:07:58.857535Z DEBUG quip_miner_metal::combined: combined route assigned engine="metal" job_id=study:3229:20016 metal_eligible=true ane_eligible=true
2026-09-21T19:07:58.860531Z DEBUG quip_miner_metal::combined: combined route assigned engine="metal" job_id=study:3229:20017 metal_eligible=true ane_eligible=true
2026-09-21T19:07:58.863452Z DEBUG quip_miner_metal::combined: combined route assigned engine="metal" job_id=study:3229:20018 metal_eligible=true ane_eligible=true
2026-09-21T19:07:58.866581Z DEBUG quip_miner_metal::combined: combined route assigned engine="metal" job_id=study:3229:20019 metal_eligible=true ane_eligible=true
2026-09-21T19:07:58.869752Z DEBUG quip_miner_metal::combined: combined route assigned engine="metal" job_id=study:3228:20015 metal_eligible=true ane_eligible=true
2026-09-21T19:07:58.873949Z DEBUG quip_miner_metal::combined: combined route assigned engine="metal" job_id=study:3228:20016 metal_eligible=true ane_eligible=true
2026-09-21T19:07:58.877863Z DEBUG quip_miner_metal::combined: combined route assigned engine="metal" job_id=study:3228:20017 metal_eligible=true ane_eligible=true
2026-09-21T19:07:58.881405Z DEBUG quip_miner_metal::combined: combined route assigned engine="metal" job_id=study:3228:20018 metal_eligible=true ane_eligible=true
2026-09-21T19:07:58.888055Z DEBUG quip_miner_metal::combined: combined route assigned engine="metal" job_id=study:3228:20019 metal_eligible=true ane_eligible=true
2026-09-21T19:07:58.894560Z DEBUG quip_miner_metal::combined: combined route assigned engine="metal" job_id=study:3227:20015 metal_eligible=true ane_eligible=true
2026-09-21T19:07:58.911678Z DEBUG quip_miner_metal::combined: combined route assigned engine="metal" job_id=study:3227:20016 metal_eligible=true ane_eligible=true
2026-09-21T19:07:58.921327Z DEBUG quip_miner_metal::combined: combined route assigned engine="metal" job_id=study:3227:20017 metal_eligible=true ane_eligible=true
2026-09-21T19:07:58.934367Z DEBUG quip_miner_metal::combined: combined route assigned engine="metal" job_id=study:3227:20018 metal_eligible=true ane_eligible=true
2026-09-21T19:07:58.937814Z DEBUG quip_miner_metal::combined: combined route assigned engine="metal" job_id=study:3227:20019 metal_eligible=true ane_eligible=true
2026-09-21T19:07:58.942581Z DEBUG quip_miner_metal::combined: combined route assigned engine="metal" job_id=study:3226:20015 metal_eligible=true ane_eligible=true
2026-09-21T19:07:58.946213Z DEBUG quip_miner_metal::combined: combined route assigned engine="metal" job_id=study:3226:20016 metal_eligible=true ane_eligible=true
2026-09-21T19:08:03.267022Z DEBUG quip_miner_metal::combined: combined route completed engine="metal" job_id=study:3234:20017 outcome="completed" device_access_time_us=4197517
2026-09-21T19:08:03.267139Z DEBUG quip_miner_metal::combined: combined route completed engine="metal" job_id=study:3234:20018 outcome="completed" device_access_time_us=4197517
2026-09-21T19:08:03.267166Z DEBUG quip_miner_metal::combined: combined route completed engine="metal" job_id=study:3234:20019 outcome="completed" device_access_time_us=4197517
2026-09-21T19:08:03.267175Z DEBUG quip_miner_metal::combined: combined route completed engine="metal" job_id=study:3233:20015 outcome="completed" device_access_time_us=4197517
2026-09-21T19:08:03.267182Z DEBUG quip_miner_metal::combined: combined route completed engine="metal" job_id=study:3233:20016 outcome="completed" device_access_time_us=4197517
2026-09-21T19:08:03.267187Z DEBUG quip_miner_metal::combined: combined route completed engine="metal" job_id=study:3233:20017 outcome="completed" device_access_time_us=4197517
2026-09-21T19:08:03.267193Z DEBUG quip_miner_metal::combined: combined route completed engine="metal" job_id=study:3233:20018 outcome="completed" device_access_time_us=4197517
2026-09-21T19:08:03.267198Z DEBUG quip_miner_metal::combined: combined route completed engine="metal" job_id=study:3233:20019 outcome="completed" device_access_time_us=4197517
2026-09-21T19:08:03.267203Z DEBUG quip_miner_metal::combined: combined route completed engine="metal" job_id=study:3232:20015 outcome="completed" device_access_time_us=4197517
2026-09-21T19:08:03.267208Z DEBUG quip_miner_metal::combined: combined route completed engine="metal" job_id=study:3232:20016 outcome="completed" device_access_time_us=4197517
2026-09-21T19:08:03.267212Z DEBUG quip_miner_metal::combined: combined route completed engine="metal" job_id=study:3232:20017 outcome="completed" device_access_time_us=4197517
2026-09-21T19:08:03.267217Z DEBUG quip_miner_metal::combined: combined route completed engine="metal" job_id=study:3232:20018 outcome="completed" device_access_time_us=4197517
2026-09-21T19:08:03.267233Z DEBUG quip_miner_metal::combined: combined route completed engine="metal" job_id=study:3232:20019 outcome="completed" device_access_time_us=4197517
2026-09-21T19:08:03.267238Z DEBUG quip_miner_metal::combined: combined route completed engine="metal" job_id=study:3231:20015 outcome="completed" device_access_time_us=4197517
2026-09-21T19:08:03.267242Z DEBUG quip_miner_metal::combined: combined route completed engine="metal" job_id=study:3231:20016 outcome="completed" device_access_time_us=4197517
2026-09-21T19:08:03.267246Z DEBUG quip_miner_metal::combined: combined route completed engine="metal" job_id=study:3231:20017 outcome="completed" device_access_time_us=4197517
2026-09-21T19:08:03.267430Z DEBUG quip_miner_metal::combined: combined route completed engine="metal" job_id=study:3231:20018 outcome="completed" device_access_time_us=4197517
2026-09-21T19:08:03.267439Z DEBUG quip_miner_metal::combined: combined route completed engine="metal" job_id=study:3231:20019 outcome="completed" device_access_time_us=4197517
2026-09-21T19:08:03.267443Z DEBUG quip_miner_metal::combined: combined route completed engine="metal" job_id=study:3230:20015 outcome="completed" device_access_time_us=4197517
2026-09-21T19:08:03.267447Z DEBUG quip_miner_metal::combined: combined route completed engine="metal" job_id=study:3230:20016 outcome="completed" device_access_time_us=4197517
2026-09-21T19:08:03.279175Z DEBUG quip_miner_metal::combined: combined route assigned engine="metal" job_id=study:3226:20017 metal_eligible=true ane_eligible=true
2026-09-21T19:08:03.322155Z DEBUG quip_miner_metal::combined: combined route assigned engine="metal" job_id=study:3226:20018 metal_eligible=true ane_eligible=true
2026-09-21T19:08:03.326237Z DEBUG quip_miner_metal::combined: combined route assigned engine="metal" job_id=study:3226:20019 metal_eligible=true ane_eligible=true
2026-09-21T19:08:03.329394Z DEBUG quip_miner_metal::combined: combined route assigned engine="metal" job_id=study:3225:20015 metal_eligible=true ane_eligible=true
2026-09-21T19:08:03.335369Z DEBUG quip_miner_metal::combined: combined route assigned engine="metal" job_id=study:3225:20016 metal_eligible=true ane_eligible=true
2026-09-21T19:08:03.338778Z DEBUG quip_miner_metal::combined: combined route assigned engine="metal" job_id=study:3225:20017 metal_eligible=true ane_eligible=true
2026-09-21T19:08:03.338826Z DEBUG quip_miner_metal::combined: combined route completed engine="metal" job_id=study:3230:20017 outcome="completed" device_access_time_us=3870522
2026-09-21T19:08:03.338837Z DEBUG quip_miner_metal::combined: combined route completed engine="metal" job_id=study:3230:20018 outcome="completed" device_access_time_us=3870522
2026-09-21T19:08:03.338842Z DEBUG quip_miner_metal::combined: combined route completed engine="metal" job_id=study:3230:20019 outcome="completed" device_access_time_us=3870522
2026-09-21T19:08:03.338847Z DEBUG quip_miner_metal::combined: combined route completed engine="metal" job_id=study:3229:20015 outcome="completed" device_access_time_us=3870522
2026-09-21T19:08:03.338851Z DEBUG quip_miner_metal::combined: combined route completed engine="metal" job_id=study:3229:20016 outcome="completed" device_access_time_us=3870522
2026-09-21T19:08:03.338855Z DEBUG quip_miner_metal::combined: combined route completed engine="metal" job_id=study:3229:20017 outcome="completed" device_access_time_us=3870522
2026-09-21T19:08:03.338858Z DEBUG quip_miner_metal::combined: combined route completed engine="metal" job_id=study:3229:20018 outcome="completed" device_access_time_us=3870522
2026-09-21T19:08:03.338862Z DEBUG quip_miner_metal::combined: combined route completed engine="metal" job_id=study:3229:20019 outcome="completed" device_access_time_us=3870522
2026-09-21T19:08:03.338866Z DEBUG quip_miner_metal::combined: combined route completed engine="metal" job_id=study:3228:20015 outcome="completed" device_access_time_us=3870522
2026-09-21T19:08:03.338870Z DEBUG quip_miner_metal::combined: combined route completed engine="metal" job_id=study:3228:20016 outcome="completed" device_access_time_us=3870522
2026-09-21T19:08:03.338888Z DEBUG quip_miner_metal::combined: combined route completed engine="metal" job_id=study:3228:20017 outcome="completed" device_access_time_us=3870522
2026-09-21T19:08:03.338893Z DEBUG quip_miner_metal::combined: combined route completed engine="metal" job_id=study:3228:20018 outcome="completed" device_access_time_us=3870522
2026-09-21T19:08:03.338897Z DEBUG quip_miner_metal::combined: combined route completed engine="metal" job_id=study:3228:20019 outcome="completed" device_access_time_us=3870522
2026-09-21T19:08:03.338900Z DEBUG quip_miner_metal::combined: combined route completed engine="metal" job_id=study:3227:20015 outcome="completed" device_access_time_us=3870522
2026-09-21T19:08:03.338904Z DEBUG quip_miner_metal::combined: combined route completed engine="metal" job_id=study:3227:20016 outcome="completed" device_access_time_us=3870522
2026-09-21T19:08:03.338907Z DEBUG quip_miner_metal::combined: combined route completed engine="metal" job_id=study:3227:20017 outcome="completed" device_access_time_us=3870522
2026-09-21T19:08:03.338911Z DEBUG quip_miner_metal::combined: combined route completed engine="metal" job_id=study:3227:20018 outcome="completed" device_access_time_us=3870522
2026-09-21T19:08:03.338914Z DEBUG quip_miner_metal::combined: combined route completed engine="metal" job_id=study:3227:20019 outcome="completed" device_access_time_us=3870522
2026-09-21T19:08:03.338918Z DEBUG quip_miner_metal::combined: combined route completed engine="metal" job_id=study:3226:20015 outcome="completed" device_access_time_us=3870522
2026-09-21T19:08:03.338921Z DEBUG quip_miner_metal::combined: combined route completed engine="metal" job_id=study:3226:20016 outcome="completed" device_access_time_us=3870522
2026-09-21T19:08:03.343094Z DEBUG quip_miner_metal::combined: combined route assigned engine="metal" job_id=study:3225:20018 metal_eligible=true ane_eligible=true
2026-09-21T19:08:03.347553Z DEBUG quip_miner_metal::combined: combined route assigned engine="metal" job_id=study:3225:20019 metal_eligible=true ane_eligible=true
2026-09-21T19:08:03.351348Z DEBUG quip_miner_metal::combined: combined route assigned engine="metal" job_id=study:3224:20015 metal_eligible=true ane_eligible=true
2026-09-21T19:08:03.354731Z DEBUG quip_miner_metal::combined: combined route assigned engine="metal" job_id=study:3224:20016 metal_eligible=true ane_eligible=true
2026-09-21T19:08:03.359817Z DEBUG quip_miner_metal::combined: combined route assigned engine="metal" job_id=study:3224:20017 metal_eligible=true ane_eligible=true
2026-09-21T19:08:03.365194Z DEBUG quip_miner_metal::combined: combined route assigned engine="metal" job_id=study:3224:20018 metal_eligible=true ane_eligible=true
2026-09-21T19:08:03.368844Z DEBUG quip_miner_metal::combined: combined route assigned engine="metal" job_id=study:3224:20019 metal_eligible=true ane_eligible=true
2026-09-21T19:08:03.372315Z DEBUG quip_miner_metal::combined: combined route assigned engine="metal" job_id=study:3223:20015 metal_eligible=true ane_eligible=true
2026-09-21T19:08:03.375814Z DEBUG quip_miner_metal::combined: combined route assigned engine="metal" job_id=study:3223:20016 metal_eligible=true ane_eligible=true
2026-09-21T19:08:03.379495Z DEBUG quip_miner_metal::combined: combined route assigned engine="metal" job_id=study:3223:20017 metal_eligible=true ane_eligible=true
2026-09-21T19:08:03.382815Z DEBUG quip_miner_metal::combined: combined route assigned engine="metal" job_id=study:3223:20018 metal_eligible=true ane_eligible=true
2026-09-21T19:08:03.386322Z DEBUG quip_miner_metal::combined: combined route assigned engine="metal" job_id=study:3223:20019 metal_eligible=true ane_eligible=true
2026-09-21T19:08:03.391240Z DEBUG quip_miner_metal::combined: combined route assigned engine="metal" job_id=study:3222:20015 metal_eligible=true ane_eligible=true
2026-09-21T19:08:03.394787Z DEBUG quip_miner_metal::combined: combined route assigned engine="metal" job_id=study:3222:20016 metal_eligible=true ane_eligible=true
2026-09-21T19:08:03.398511Z DEBUG quip_miner_metal::combined: combined route assigned engine="metal" job_id=study:3222:20017 metal_eligible=true ane_eligible=true
2026-09-21T19:08:03.402918Z DEBUG quip_miner_metal::combined: combined route assigned engine="metal" job_id=study:3222:20018 metal_eligible=true ane_eligible=true
2026-09-21T19:08:03.406087Z DEBUG quip_miner_metal::combined: combined route assigned engine="metal" job_id=study:3222:20019 metal_eligible=true ane_eligible=true
2026-09-21T19:08:03.410414Z DEBUG quip_miner_metal::combined: combined route assigned engine="metal" job_id=study:3221:20015 metal_eligible=true ane_eligible=true
2026-09-21T19:08:03.413645Z DEBUG quip_miner_metal::combined: combined route assigned engine="metal" job_id=study:3221:20016 metal_eligible=true ane_eligible=true
2026-09-21T19:08:03.417301Z DEBUG quip_miner_metal::combined: combined route assigned engine="metal" job_id=study:3221:20017 metal_eligible=true ane_eligible=true
2026-09-21T19:08:03.420652Z DEBUG quip_miner_metal::combined: combined route assigned engine="metal" job_id=study:3221:20018 metal_eligible=true ane_eligible=true
2026-09-21T19:08:03.424269Z DEBUG quip_miner_metal::combined: combined route assigned engine="metal" job_id=study:3221:20019 metal_eligible=true ane_eligible=true
2026-09-21T19:08:03.427669Z DEBUG quip_miner_metal::combined: combined route assigned engine="metal" job_id=study:3220:20015 metal_eligible=true ane_eligible=true
2026-09-21T19:08:03.430983Z DEBUG quip_miner_metal::combined: combined route assigned engine="metal" job_id=study:3220:20016 metal_eligible=true ane_eligible=true
2026-09-21T19:08:03.434472Z DEBUG quip_miner_metal::combined: combined route assigned engine="metal" job_id=study:3220:20017 metal_eligible=true ane_eligible=true
2026-09-21T19:08:03.437705Z DEBUG quip_miner_metal::combined: combined route assigned engine="metal" job_id=study:3220:20018 metal_eligible=true ane_eligible=true
2026-09-21T19:08:03.441052Z DEBUG quip_miner_metal::combined: combined route assigned engine="metal" job_id=study:3220:20019 metal_eligible=true ane_eligible=true
2026-09-21T19:08:03.444024Z DEBUG quip_miner_metal::combined: combined route assigned engine="metal" job_id=study:3219:20015 metal_eligible=true ane_eligible=true
2026-09-21T19:08:03.447516Z DEBUG quip_miner_metal::combined: combined route assigned engine="metal" job_id=study:3219:20016 metal_eligible=true ane_eligible=true
2026-09-21T19:08:03.450990Z DEBUG quip_miner_metal::combined: combined route assigned engine="metal" job_id=study:3219:20017 metal_eligible=true ane_eligible=true
2026-09-21T19:08:03.454176Z DEBUG quip_miner_metal::combined: combined route assigned engine="metal" job_id=study:3219:20018 metal_eligible=true ane_eligible=true
2026-09-21T19:08:03.457380Z DEBUG quip_miner_metal::combined: combined route assigned engine="metal" job_id=study:3219:20019 metal_eligible=true ane_eligible=true
2026-09-21T19:08:03.460840Z DEBUG quip_miner_metal::combined: combined route assigned engine="metal" job_id=study:3218:20015 metal_eligible=true ane_eligible=true
2026-09-21T19:08:03.464110Z DEBUG quip_miner_metal::combined: combined route assigned engine="metal" job_id=study:3218:20016 metal_eligible=true ane_eligible=true
2026-09-21T19:08:06.294823Z DEBUG quip_miner_metal::combined: combined route completed engine="ane" job_id=study:3234:20016 outcome="completed" device_access_time_us=8502585
2026-09-21T19:08:06.297238Z DEBUG quip_miner_metal::combined: combined route assigned engine="ane" job_id=study:3218:20017 metal_eligible=true ane_eligible=true
2026-09-21T19:08:07.321799Z DEBUG quip_miner_metal::combined: combined route completed engine="metal" job_id=study:3226:20017 outcome="completed" device_access_time_us=3677390
2026-09-21T19:08:07.321849Z DEBUG quip_miner_metal::combined: combined route completed engine="metal" job_id=study:3226:20018 outcome="completed" device_access_time_us=3677390
2026-09-21T19:08:07.321857Z DEBUG quip_miner_metal::combined: combined route completed engine="metal" job_id=study:3226:20019 outcome="completed" device_access_time_us=3677390
2026-09-21T19:08:07.321881Z DEBUG quip_miner_metal::combined: combined route completed engine="metal" job_id=study:3225:20015 outcome="completed" device_access_time_us=3677390
2026-09-21T19:08:07.321888Z DEBUG quip_miner_metal::combined: combined route completed engine="metal" job_id=study:3225:20016 outcome="completed" device_access_time_us=3677390
2026-09-21T19:08:07.321893Z DEBUG quip_miner_metal::combined: combined route completed engine="metal" job_id=study:3225:20017 outcome="completed" device_access_time_us=3677390
2026-09-21T19:08:07.321899Z DEBUG quip_miner_metal::combined: combined route completed engine="metal" job_id=study:3225:20018 outcome="completed" device_access_time_us=3677390
2026-09-21T19:08:07.321904Z DEBUG quip_miner_metal::combined: combined route completed engine="metal" job_id=study:3225:20019 outcome="completed" device_access_time_us=3677390
2026-09-21T19:08:07.321909Z DEBUG quip_miner_metal::combined: combined route completed engine="metal" job_id=study:3224:20015 outcome="completed" device_access_time_us=3677390
2026-09-21T19:08:07.321914Z DEBUG quip_miner_metal::combined: combined route completed engine="metal" job_id=study:3224:20016 outcome="completed" device_access_time_us=3677390
2026-09-21T19:08:07.321918Z DEBUG quip_miner_metal::combined: combined route completed engine="metal" job_id=study:3224:20017 outcome="completed" device_access_time_us=3677390
2026-09-21T19:08:07.321923Z DEBUG quip_miner_metal::combined: combined route completed engine="metal" job_id=study:3224:20018 outcome="completed" device_access_time_us=3677390
2026-09-21T19:08:07.321928Z DEBUG quip_miner_metal::combined: combined route completed engine="metal" job_id=study:3224:20019 outcome="completed" device_access_time_us=3677390
2026-09-21T19:08:07.321933Z DEBUG quip_miner_metal::combined: combined route completed engine="metal" job_id=study:3223:20015 outcome="completed" device_access_time_us=3677390
2026-09-21T19:08:07.321937Z DEBUG quip_miner_metal::combined: combined route completed engine="metal" job_id=study:3223:20016 outcome="completed" device_access_time_us=3677390
2026-09-21T19:08:07.321942Z DEBUG quip_miner_metal::combined: combined route completed engine="metal" job_id=study:3223:20017 outcome="completed" device_access_time_us=3677390
2026-09-21T19:08:07.321947Z DEBUG quip_miner_metal::combined: combined route completed engine="metal" job_id=study:3223:20018 outcome="completed" device_access_time_us=3677390
2026-09-21T19:08:07.321951Z DEBUG quip_miner_metal::combined: combined route completed engine="metal" job_id=study:3223:20019 outcome="completed" device_access_time_us=3677390
2026-09-21T19:08:07.321956Z DEBUG quip_miner_metal::combined: combined route completed engine="metal" job_id=study:3222:20015 outcome="completed" device_access_time_us=3677390
2026-09-21T19:08:07.321960Z DEBUG quip_miner_metal::combined: combined route completed engine="metal" job_id=study:3222:20016 outcome="completed" device_access_time_us=3677390
2026-09-21T19:08:07.332816Z DEBUG quip_miner_metal::combined: combined route assigned engine="metal" job_id=study:3218:20018 metal_eligible=true ane_eligible=true
2026-09-21T19:08:07.348991Z DEBUG quip_miner_metal::combined: combined route assigned engine="metal" job_id=study:3218:20019 metal_eligible=true ane_eligible=true
2026-09-21T19:08:07.359307Z DEBUG quip_miner_metal::combined: combined route assigned engine="metal" job_id=study:3217:20015 metal_eligible=true ane_eligible=true
2026-09-21T19:08:07.372201Z DEBUG quip_miner_metal::combined: combined route assigned engine="metal" job_id=study:3217:20016 metal_eligible=true ane_eligible=true
2026-09-21T19:08:07.380047Z DEBUG quip_miner_metal::combined: combined route assigned engine="metal" job_id=study:3217:20017 metal_eligible=true ane_eligible=true
2026-09-21T19:08:07.385872Z DEBUG quip_miner_metal::combined: combined route assigned engine="metal" job_id=study:3217:20018 metal_eligible=true ane_eligible=true
2026-09-21T19:08:07.390111Z DEBUG quip_miner_metal::combined: combined route assigned engine="metal" job_id=study:3217:20019 metal_eligible=true ane_eligible=true
2026-09-21T19:08:07.393208Z DEBUG quip_miner_metal::combined: combined route assigned engine="metal" job_id=study:3216:20015 metal_eligible=true ane_eligible=true
2026-09-21T19:08:07.403448Z DEBUG quip_miner_metal::combined: combined route assigned engine="metal" job_id=study:3216:20016 metal_eligible=true ane_eligible=true
2026-09-21T19:08:07.408471Z DEBUG quip_miner_metal::combined: combined route assigned engine="metal" job_id=study:3216:20017 metal_eligible=true ane_eligible=true
2026-09-21T19:08:07.408496Z DEBUG quip_miner_metal::combined: combined route completed engine="metal" job_id=study:3222:20017 outcome="completed" device_access_time_us=3505089
2026-09-21T19:08:07.408504Z DEBUG quip_miner_metal::combined: combined route completed engine="metal" job_id=study:3222:20018 outcome="completed" device_access_time_us=3505089
2026-09-21T19:08:07.408511Z DEBUG quip_miner_metal::combined: combined route completed engine="metal" job_id=study:3222:20019 outcome="completed" device_access_time_us=3505089
2026-09-21T19:08:07.408516Z DEBUG quip_miner_metal::combined: combined route completed engine="metal" job_id=study:3221:20015 outcome="completed" device_access_time_us=3505089
2026-09-21T19:08:07.408521Z DEBUG quip_miner_metal::combined: combined route completed engine="metal" job_id=study:3221:20016 outcome="completed" device_access_time_us=3505089
2026-09-21T19:08:07.408527Z DEBUG quip_miner_metal::combined: combined route completed engine="metal" job_id=study:3221:20017 outcome="completed" device_access_time_us=3505089
2026-09-21T19:08:07.408531Z DEBUG quip_miner_metal::combined: combined route completed engine="metal" job_id=study:3221:20018 outcome="completed" device_access_time_us=3505089
2026-09-21T19:08:07.408536Z DEBUG quip_miner_metal::combined: combined route completed engine="metal" job_id=study:3221:20019 outcome="completed" device_access_time_us=3505089
2026-09-21T19:08:07.408540Z DEBUG quip_miner_metal::combined: combined route completed engine="metal" job_id=study:3220:20015 outcome="completed" device_access_time_us=3505089
2026-09-21T19:08:07.408545Z DEBUG quip_miner_metal::combined: combined route completed engine="metal" job_id=study:3220:20016 outcome="completed" device_access_time_us=3505089
2026-09-21T19:08:07.408549Z DEBUG quip_miner_metal::combined: combined route completed engine="metal" job_id=study:3220:20017 outcome="completed" device_access_time_us=3505089
2026-09-21T19:08:07.408554Z DEBUG quip_miner_metal::combined: combined route completed engine="metal" job_id=study:3220:20018 outcome="completed" device_access_time_us=3505089
2026-09-21T19:08:07.408559Z DEBUG quip_miner_metal::combined: combined route completed engine="metal" job_id=study:3220:20019 outcome="completed" device_access_time_us=3505089
2026-09-21T19:08:07.408564Z DEBUG quip_miner_metal::combined: combined route completed engine="metal" job_id=study:3219:20015 outcome="completed" device_access_time_us=3505089
2026-09-21T19:08:07.408568Z DEBUG quip_miner_metal::combined: combined route completed engine="metal" job_id=study:3219:20016 outcome="completed" device_access_time_us=3505089
2026-09-21T19:08:07.408573Z DEBUG quip_miner_metal::combined: combined route completed engine="metal" job_id=study:3219:20017 outcome="completed" device_access_time_us=3505089
2026-09-21T19:08:07.408577Z DEBUG quip_miner_metal::combined: combined route completed engine="metal" job_id=study:3219:20018 outcome="completed" device_access_time_us=3505089
2026-09-21T19:08:07.408582Z DEBUG quip_miner_metal::combined: combined route completed engine="metal" job_id=study:3219:20019 outcome="completed" device_access_time_us=3505089
2026-09-21T19:08:07.408587Z DEBUG quip_miner_metal::combined: combined route completed engine="metal" job_id=study:3218:20015 outcome="completed" device_access_time_us=3505089
2026-09-21T19:08:07.408592Z DEBUG quip_miner_metal::combined: combined route completed engine="metal" job_id=study:3218:20016 outcome="completed" device_access_time_us=3505089
2026-09-21T19:08:07.413648Z DEBUG quip_miner_metal::combined: combined route assigned engine="metal" job_id=study:3216:20018 metal_eligible=true ane_eligible=true
2026-09-21T19:08:07.417011Z DEBUG quip_miner_metal::combined: combined route assigned engine="metal" job_id=study:3216:20019 metal_eligible=true ane_eligible=true
2026-09-21T19:08:07.420710Z DEBUG quip_miner_metal::combined: combined route assigned engine="metal" job_id=study:3215:20015 metal_eligible=true ane_eligible=true
2026-09-21T19:08:07.424125Z DEBUG quip_miner_metal::combined: combined route assigned engine="metal" job_id=study:3215:20016 metal_eligible=true ane_eligible=true
2026-09-21T19:08:07.427387Z DEBUG quip_miner_metal::combined: combined route assigned engine="metal" job_id=study:3215:20017 metal_eligible=true ane_eligible=true
2026-09-21T19:08:07.430553Z DEBUG quip_miner_metal::combined: combined route assigned engine="metal" job_id=study:3215:20018 metal_eligible=true ane_eligible=true
2026-09-21T19:08:07.433722Z DEBUG quip_miner_metal::combined: combined route assigned engine="metal" job_id=study:3215:20019 metal_eligible=true ane_eligible=true
2026-09-21T19:08:07.436694Z DEBUG quip_miner_metal::combined: combined route assigned engine="metal" job_id=study:3214:20015 metal_eligible=true ane_eligible=true
2026-09-21T19:08:07.439615Z DEBUG quip_miner_metal::combined: combined route assigned engine="metal" job_id=study:3214:20016 metal_eligible=true ane_eligible=true
2026-09-21T19:08:07.443013Z DEBUG quip_miner_metal::combined: combined route assigned engine="metal" job_id=study:3214:20017 metal_eligible=true ane_eligible=true
2026-09-21T19:08:07.445813Z DEBUG quip_miner_metal::combined: combined route assigned engine="metal" job_id=study:3214:20018 metal_eligible=true ane_eligible=true
2026-09-21T19:08:07.450316Z DEBUG quip_miner_metal::combined: combined route assigned engine="metal" job_id=study:3214:20019 metal_eligible=true ane_eligible=true
2026-09-21T19:08:07.453345Z DEBUG quip_miner_metal::combined: combined route assigned engine="metal" job_id=study:3213:20015 metal_eligible=true ane_eligible=true
2026-09-21T19:08:07.456568Z DEBUG quip_miner_metal::combined: combined route assigned engine="metal" job_id=study:3213:20016 metal_eligible=true ane_eligible=true
2026-09-21T19:08:07.459980Z DEBUG quip_miner_metal::combined: combined route assigned engine="metal" job_id=study:3213:20017 metal_eligible=true ane_eligible=true
2026-09-21T19:08:07.463009Z DEBUG quip_miner_metal::combined: combined route assigned engine="metal" job_id=study:3213:20018 metal_eligible=true ane_eligible=true
2026-09-21T19:08:07.466140Z DEBUG quip_miner_metal::combined: combined route assigned engine="metal" job_id=study:3213:20019 metal_eligible=true ane_eligible=true
2026-09-21T19:08:07.469015Z DEBUG quip_miner_metal::combined: combined route assigned engine="metal" job_id=study:3212:20015 metal_eligible=true ane_eligible=true
2026-09-21T19:08:07.472059Z DEBUG quip_miner_metal::combined: combined route assigned engine="metal" job_id=study:3212:20016 metal_eligible=true ane_eligible=true
2026-09-21T19:08:07.475011Z DEBUG quip_miner_metal::combined: combined route assigned engine="metal" job_id=study:3212:20017 metal_eligible=true ane_eligible=true
2026-09-21T19:08:07.477993Z DEBUG quip_miner_metal::combined: combined route assigned engine="metal" job_id=study:3212:20018 metal_eligible=true ane_eligible=true
2026-09-21T19:08:07.482779Z DEBUG quip_miner_metal::combined: combined route assigned engine="metal" job_id=study:3212:20019 metal_eligible=true ane_eligible=true
2026-09-21T19:08:07.487463Z DEBUG quip_miner_metal::combined: combined route assigned engine="metal" job_id=study:3211:20015 metal_eligible=true ane_eligible=true
2026-09-21T19:08:07.492523Z DEBUG quip_miner_metal::combined: combined route assigned engine="metal" job_id=study:3211:20016 metal_eligible=true ane_eligible=true
2026-09-21T19:08:07.496187Z DEBUG quip_miner_metal::combined: combined route assigned engine="metal" job_id=study:3211:20017 metal_eligible=true ane_eligible=true
2026-09-21T19:08:07.500003Z DEBUG quip_miner_metal::combined: combined route assigned engine="metal" job_id=study:3211:20018 metal_eligible=true ane_eligible=true
2026-09-21T19:08:07.503768Z DEBUG quip_miner_metal::combined: combined route assigned engine="metal" job_id=study:3211:20019 metal_eligible=true ane_eligible=true
2026-09-21T19:08:07.507414Z DEBUG quip_miner_metal::combined: combined route assigned engine="metal" job_id=study:3210:20015 metal_eligible=true ane_eligible=true
2026-09-21T19:08:07.511479Z DEBUG quip_miner_metal::combined: combined route assigned engine="metal" job_id=study:3210:20016 metal_eligible=true ane_eligible=true
2026-09-21T19:08:07.515310Z DEBUG quip_miner_metal::combined: combined route assigned engine="metal" job_id=study:3210:20017 metal_eligible=true ane_eligible=true
2026-09-21T19:08:10.748212Z DEBUG quip_miner_metal::combined: combined route completed engine="metal" job_id=study:3218:20018 outcome="completed" device_access_time_us=2980926
2026-09-21T19:08:10.748258Z DEBUG quip_miner_metal::combined: combined route completed engine="metal" job_id=study:3218:20019 outcome="completed" device_access_time_us=2980926
2026-09-21T19:08:10.748267Z DEBUG quip_miner_metal::combined: combined route completed engine="metal" job_id=study:3217:20015 outcome="completed" device_access_time_us=2980926
2026-09-21T19:08:10.748273Z DEBUG quip_miner_metal::combined: combined route completed engine="metal" job_id=study:3217:20016 outcome="completed" device_access_time_us=2980926
2026-09-21T19:08:10.748278Z DEBUG quip_miner_metal::combined: combined route completed engine="metal" job_id=study:3217:20017 outcome="completed" device_access_time_us=2980926
2026-09-21T19:08:10.748282Z DEBUG quip_miner_metal::combined: combined route completed engine="metal" job_id=study:3217:20018 outcome="completed" device_access_time_us=2980926
2026-09-21T19:08:10.748286Z DEBUG quip_miner_metal::combined: combined route completed engine="metal" job_id=study:3217:20019 outcome="completed" device_access_time_us=2980926
2026-09-21T19:08:10.748290Z DEBUG quip_miner_metal::combined: combined route completed engine="metal" job_id=study:3216:20015 outcome="completed" device_access_time_us=2980926
2026-09-21T19:08:10.748294Z DEBUG quip_miner_metal::combined: combined route completed engine="metal" job_id=study:3216:20016 outcome="completed" device_access_time_us=2980926
2026-09-21T19:08:10.748298Z DEBUG quip_miner_metal::combined: combined route completed engine="metal" job_id=study:3216:20017 outcome="completed" device_access_time_us=2980926
2026-09-21T19:08:10.748302Z DEBUG quip_miner_metal::combined: combined route completed engine="metal" job_id=study:3216:20018 outcome="completed" device_access_time_us=2980926
2026-09-21T19:08:10.748306Z DEBUG quip_miner_metal::combined: combined route completed engine="metal" job_id=study:3216:20019 outcome="completed" device_access_time_us=2980926
2026-09-21T19:08:10.748310Z DEBUG quip_miner_metal::combined: combined route completed engine="metal" job_id=study:3215:20015 outcome="completed" device_access_time_us=2980926
2026-09-21T19:08:10.748313Z DEBUG quip_miner_metal::combined: combined route completed engine="metal" job_id=study:3215:20016 outcome="completed" device_access_time_us=2980926
2026-09-21T19:08:10.748317Z DEBUG quip_miner_metal::combined: combined route completed engine="metal" job_id=study:3215:20017 outcome="completed" device_access_time_us=2980926
2026-09-21T19:08:10.748321Z DEBUG quip_miner_metal::combined: combined route completed engine="metal" job_id=study:3215:20018 outcome="completed" device_access_time_us=2980926
2026-09-21T19:08:10.748325Z DEBUG quip_miner_metal::combined: combined route completed engine="metal" job_id=study:3215:20019 outcome="completed" device_access_time_us=2980926
2026-09-21T19:08:10.748329Z DEBUG quip_miner_metal::combined: combined route completed engine="metal" job_id=study:3214:20015 outcome="completed" device_access_time_us=2980926
2026-09-21T19:08:10.748333Z DEBUG quip_miner_metal::combined: combined route completed engine="metal" job_id=study:3214:20016 outcome="completed" device_access_time_us=2980926
2026-09-21T19:08:10.748355Z DEBUG quip_miner_metal::combined: combined route completed engine="metal" job_id=study:3214:20017 outcome="completed" device_access_time_us=2980926
2026-09-21T19:08:10.754960Z DEBUG quip_miner_metal::combined: combined route assigned engine="metal" job_id=study:3210:20018 metal_eligible=true ane_eligible=true
2026-09-21T19:08:10.775239Z DEBUG quip_miner_metal::combined: combined route assigned engine="metal" job_id=study:3210:20019 metal_eligible=true ane_eligible=true
2026-09-21T19:08:10.778514Z DEBUG quip_miner_metal::combined: combined route assigned engine="metal" job_id=study:3209:20015 metal_eligible=true ane_eligible=true
2026-09-21T19:08:10.801759Z DEBUG quip_miner_metal::combined: combined route assigned engine="metal" job_id=study:3209:20016 metal_eligible=true ane_eligible=true
2026-09-21T19:08:10.804774Z DEBUG quip_miner_metal::combined: combined route assigned engine="metal" job_id=study:3209:20017 metal_eligible=true ane_eligible=true
2026-09-21T19:08:10.808320Z DEBUG quip_miner_metal::combined: combined route assigned engine="metal" job_id=study:3209:20018 metal_eligible=true ane_eligible=true
2026-09-21T19:08:10.825292Z DEBUG quip_miner_metal::combined: combined route assigned engine="metal" job_id=study:3209:20019 metal_eligible=true ane_eligible=true
2026-09-21T19:08:10.828151Z DEBUG quip_miner_metal::combined: combined route assigned engine="metal" job_id=study:3208:20015 metal_eligible=true ane_eligible=true
2026-09-21T19:08:10.831617Z DEBUG quip_miner_metal::combined: combined route assigned engine="metal" job_id=study:3208:20016 metal_eligible=true ane_eligible=true
2026-09-21T19:08:10.835691Z DEBUG quip_miner_metal::combined: combined route assigned engine="metal" job_id=study:3208:20017 metal_eligible=true ane_eligible=true
2026-09-21T19:08:10.835719Z DEBUG quip_miner_metal::combined: combined route completed engine="metal" job_id=study:3214:20018 outcome="completed" device_access_time_us=2921808
2026-09-21T19:08:10.835727Z DEBUG quip_miner_metal::combined: combined route completed engine="metal" job_id=study:3214:20019 outcome="completed" device_access_time_us=2921808
2026-09-21T19:08:10.835733Z DEBUG quip_miner_metal::combined: combined route completed engine="metal" job_id=study:3213:20015 outcome="completed" device_access_time_us=2921808
2026-09-21T19:08:10.835737Z DEBUG quip_miner_metal::combined: combined route completed engine="metal" job_id=study:3213:20016 outcome="completed" device_access_time_us=2921808
2026-09-21T19:08:10.835742Z DEBUG quip_miner_metal::combined: combined route completed engine="metal" job_id=study:3213:20017 outcome="completed" device_access_time_us=2921808
2026-09-21T19:08:10.835747Z DEBUG quip_miner_metal::combined: combined route completed engine="metal" job_id=study:3213:20018 outcome="completed" device_access_time_us=2921808
2026-09-21T19:08:10.835751Z DEBUG quip_miner_metal::combined: combined route completed engine="metal" job_id=study:3213:20019 outcome="completed" device_access_time_us=2921808
2026-09-21T19:08:10.835755Z DEBUG quip_miner_metal::combined: combined route completed engine="metal" job_id=study:3212:20015 outcome="completed" device_access_time_us=2921808
2026-09-21T19:08:10.835759Z DEBUG quip_miner_metal::combined: combined route completed engine="metal" job_id=study:3212:20016 outcome="completed" device_access_time_us=2921808
2026-09-21T19:08:10.835763Z DEBUG quip_miner_metal::combined: combined route completed engine="metal" job_id=study:3212:20017 outcome="completed" device_access_time_us=2921808
2026-09-21T19:08:10.835767Z DEBUG quip_miner_metal::combined: combined route completed engine="metal" job_id=study:3212:20018 outcome="completed" device_access_time_us=2921808
2026-09-21T19:08:10.835772Z DEBUG quip_miner_metal::combined: combined route completed engine="metal" job_id=study:3212:20019 outcome="completed" device_access_time_us=2921808
2026-09-21T19:08:10.835776Z DEBUG quip_miner_metal::combined: combined route completed engine="metal" job_id=study:3211:20015 outcome="completed" device_access_time_us=2921808
2026-09-21T19:08:10.835795Z DEBUG quip_miner_metal::combined: combined route completed engine="metal" job_id=study:3211:20016 outcome="completed" device_access_time_us=2921808
2026-09-21T19:08:10.835799Z DEBUG quip_miner_metal::combined: combined route completed engine="metal" job_id=study:3211:20017 outcome="completed" device_access_time_us=2921808
2026-09-21T19:08:10.835802Z DEBUG quip_miner_metal::combined: combined route completed engine="metal" job_id=study:3211:20018 outcome="completed" device_access_time_us=2921808
2026-09-21T19:08:10.835806Z DEBUG quip_miner_metal::combined: combined route completed engine="metal" job_id=study:3211:20019 outcome="completed" device_access_time_us=2921808
2026-09-21T19:08:10.835809Z DEBUG quip_miner_metal::combined: combined route completed engine="metal" job_id=study:3210:20015 outcome="completed" device_access_time_us=2921808
2026-09-21T19:08:10.835812Z DEBUG quip_miner_metal::combined: combined route completed engine="metal" job_id=study:3210:20016 outcome="completed" device_access_time_us=2921808
2026-09-21T19:08:10.835816Z DEBUG quip_miner_metal::combined: combined route completed engine="metal" job_id=study:3210:20017 outcome="completed" device_access_time_us=2921808
2026-09-21T19:08:10.838585Z DEBUG quip_miner_metal::combined: combined route assigned engine="metal" job_id=study:3208:20018 metal_eligible=true ane_eligible=true
2026-09-21T19:08:10.842296Z DEBUG quip_miner_metal::combined: combined route assigned engine="metal" job_id=study:3208:20019 metal_eligible=true ane_eligible=true
2026-09-21T19:08:10.848012Z DEBUG quip_miner_metal::combined: combined route assigned engine="metal" job_id=study:3207:20015 metal_eligible=true ane_eligible=true
2026-09-21T19:08:10.851874Z DEBUG quip_miner_metal::combined: combined route assigned engine="metal" job_id=study:3207:20016 metal_eligible=true ane_eligible=true
2026-09-21T19:08:10.855109Z DEBUG quip_miner_metal::combined: combined route assigned engine="metal" job_id=study:3207:20017 metal_eligible=true ane_eligible=true
2026-09-21T19:08:10.860268Z DEBUG quip_miner_metal::combined: combined route assigned engine="metal" job_id=study:3207:20018 metal_eligible=true ane_eligible=true
2026-09-21T19:08:10.864720Z DEBUG quip_miner_metal::combined: combined route assigned engine="metal" job_id=study:3207:20019 metal_eligible=true ane_eligible=true
2026-09-21T19:08:10.868609Z DEBUG quip_miner_metal::combined: combined route assigned engine="metal" job_id=study:3206:20015 metal_eligible=true ane_eligible=true
2026-09-21T19:08:10.872254Z DEBUG quip_miner_metal::combined: combined route assigned engine="metal" job_id=study:3206:20016 metal_eligible=true ane_eligible=true
2026-09-21T19:08:10.876204Z DEBUG quip_miner_metal::combined: combined route assigned engine="metal" job_id=study:3206:20017 metal_eligible=true ane_eligible=true
2026-09-21T19:08:10.891227Z DEBUG quip_miner_metal::combined: combined route assigned engine="metal" job_id=study:3206:20018 metal_eligible=true ane_eligible=true
2026-09-21T19:08:10.895994Z DEBUG quip_miner_metal::combined: combined route assigned engine="metal" job_id=study:3206:20019 metal_eligible=true ane_eligible=true
2026-09-21T19:08:10.899203Z DEBUG quip_miner_metal::combined: combined route assigned engine="metal" job_id=study:3205:20015 metal_eligible=true ane_eligible=true
2026-09-21T19:08:10.902163Z DEBUG quip_miner_metal::combined: combined route assigned engine="metal" job_id=study:3205:20016 metal_eligible=true ane_eligible=true
2026-09-21T19:08:10.905031Z DEBUG quip_miner_metal::combined: combined route assigned engine="metal" job_id=study:3205:20017 metal_eligible=true ane_eligible=true
2026-09-21T19:08:10.907976Z DEBUG quip_miner_metal::combined: combined route assigned engine="metal" job_id=study:3205:20018 metal_eligible=true ane_eligible=true
2026-09-21T19:08:10.912358Z DEBUG quip_miner_metal::combined: combined route assigned engine="metal" job_id=study:3205:20019 metal_eligible=true ane_eligible=true
2026-09-21T19:08:10.916603Z DEBUG quip_miner_metal::combined: combined route assigned engine="metal" job_id=study:3204:20015 metal_eligible=true ane_eligible=true
2026-09-21T19:08:10.920002Z DEBUG quip_miner_metal::combined: combined route assigned engine="metal" job_id=study:3204:20016 metal_eligible=true ane_eligible=true
2026-09-21T19:08:10.924364Z DEBUG quip_miner_metal::combined: combined route assigned engine="metal" job_id=study:3204:20017 metal_eligible=true ane_eligible=true
2026-09-21T19:08:10.927893Z DEBUG quip_miner_metal::combined: combined route assigned engine="metal" job_id=study:3204:20018 metal_eligible=true ane_eligible=true
2026-09-21T19:08:10.931892Z DEBUG quip_miner_metal::combined: combined route assigned engine="metal" job_id=study:3204:20019 metal_eligible=true ane_eligible=true
2026-09-21T19:08:10.936071Z DEBUG quip_miner_metal::combined: combined route assigned engine="metal" job_id=study:3203:20015 metal_eligible=true ane_eligible=true
2026-09-21T19:08:10.939412Z DEBUG quip_miner_metal::combined: combined route assigned engine="metal" job_id=study:3203:20016 metal_eligible=true ane_eligible=true
2026-09-21T19:08:10.943088Z DEBUG quip_miner_metal::combined: combined route assigned engine="metal" job_id=study:3203:20017 metal_eligible=true ane_eligible=true
2026-09-21T19:08:10.946151Z DEBUG quip_miner_metal::combined: combined route assigned engine="metal" job_id=study:3203:20018 metal_eligible=true ane_eligible=true
2026-09-21T19:08:10.950219Z DEBUG quip_miner_metal::combined: combined route assigned engine="metal" job_id=study:3203:20019 metal_eligible=true ane_eligible=true
2026-09-21T19:08:10.953844Z DEBUG quip_miner_metal::combined: combined route assigned engine="metal" job_id=study:3202:20015 metal_eligible=true ane_eligible=true
2026-09-21T19:08:10.957916Z DEBUG quip_miner_metal::combined: combined route assigned engine="metal" job_id=study:3202:20016 metal_eligible=true ane_eligible=true
2026-09-21T19:08:10.961432Z DEBUG quip_miner_metal::combined: combined route assigned engine="metal" job_id=study:3202:20017 metal_eligible=true ane_eligible=true
2026-09-21T19:08:13.939638Z DEBUG quip_miner_metal::combined: combined route completed engine="metal" job_id=study:3210:20018 outcome="completed" device_access_time_us=2546624
2026-09-21T19:08:13.939762Z DEBUG quip_miner_metal::combined: combined route completed engine="metal" job_id=study:3210:20019 outcome="completed" device_access_time_us=2546624
2026-09-21T19:08:13.939773Z DEBUG quip_miner_metal::combined: combined route completed engine="metal" job_id=study:3209:20015 outcome="completed" device_access_time_us=2546624
2026-09-21T19:08:13.939829Z DEBUG quip_miner_metal::combined: combined route completed engine="metal" job_id=study:3209:20016 outcome="completed" device_access_time_us=2546624
2026-09-21T19:08:13.939842Z DEBUG quip_miner_metal::combined: combined route completed engine="metal" job_id=study:3209:20017 outcome="completed" device_access_time_us=2546624
2026-09-21T19:08:13.939848Z DEBUG quip_miner_metal::combined: combined route completed engine="metal" job_id=study:3209:20018 outcome="completed" device_access_time_us=2546624
2026-09-21T19:08:13.939856Z DEBUG quip_miner_metal::combined: combined route completed engine="metal" job_id=study:3209:20019 outcome="completed" device_access_time_us=2546624
2026-09-21T19:08:13.939862Z DEBUG quip_miner_metal::combined: combined route completed engine="metal" job_id=study:3208:20015 outcome="completed" device_access_time_us=2546624
2026-09-21T19:08:13.939868Z DEBUG quip_miner_metal::combined: combined route completed engine="metal" job_id=study:3208:20016 outcome="completed" device_access_time_us=2546624
2026-09-21T19:08:13.939872Z DEBUG quip_miner_metal::combined: combined route completed engine="metal" job_id=study:3208:20017 outcome="completed" device_access_time_us=2546624
2026-09-21T19:08:13.939877Z DEBUG quip_miner_metal::combined: combined route completed engine="metal" job_id=study:3208:20018 outcome="completed" device_access_time_us=2546624
2026-09-21T19:08:13.939882Z DEBUG quip_miner_metal::combined: combined route completed engine="metal" job_id=study:3208:20019 outcome="completed" device_access_time_us=2546624
2026-09-21T19:08:13.939887Z DEBUG quip_miner_metal::combined: combined route completed engine="metal" job_id=study:3207:20015 outcome="completed" device_access_time_us=2546624
2026-09-21T19:08:13.939892Z DEBUG quip_miner_metal::combined: combined route completed engine="metal" job_id=study:3207:20016 outcome="completed" device_access_time_us=2546624
2026-09-21T19:08:13.939897Z DEBUG quip_miner_metal::combined: combined route completed engine="metal" job_id=study:3207:20017 outcome="completed" device_access_time_us=2546624
2026-09-21T19:08:13.939902Z DEBUG quip_miner_metal::combined: combined route completed engine="metal" job_id=study:3207:20018 outcome="completed" device_access_time_us=2546624
2026-09-21T19:08:13.939907Z DEBUG quip_miner_metal::combined: combined route completed engine="metal" job_id=study:3207:20019 outcome="completed" device_access_time_us=2546624
2026-09-21T19:08:13.939911Z DEBUG quip_miner_metal::combined: combined route completed engine="metal" job_id=study:3206:20015 outcome="completed" device_access_time_us=2546624
2026-09-21T19:08:13.939998Z DEBUG quip_miner_metal::combined: combined route completed engine="metal" job_id=study:3206:20016 outcome="completed" device_access_time_us=2546624
2026-09-21T19:08:13.940028Z DEBUG quip_miner_metal::combined: combined route completed engine="metal" job_id=study:3206:20017 outcome="completed" device_access_time_us=2546624
2026-09-21T19:08:13.943574Z DEBUG quip_miner_metal::combined: combined route assigned engine="metal" job_id=study:3202:20018 metal_eligible=true ane_eligible=true
2026-09-21T19:08:13.946526Z DEBUG quip_miner_metal::combined: combined route assigned engine="metal" job_id=study:3202:20019 metal_eligible=true ane_eligible=true
2026-09-21T19:08:13.951925Z DEBUG quip_miner_metal::combined: combined route assigned engine="metal" job_id=study:3201:20015 metal_eligible=true ane_eligible=true
2026-09-21T19:08:13.955060Z DEBUG quip_miner_metal::combined: combined route assigned engine="metal" job_id=study:3201:20016 metal_eligible=true ane_eligible=true
2026-09-21T19:08:13.958180Z DEBUG quip_miner_metal::combined: combined route assigned engine="metal" job_id=study:3201:20017 metal_eligible=true ane_eligible=true
2026-09-21T19:08:13.961380Z DEBUG quip_miner_metal::combined: combined route assigned engine="metal" job_id=study:3201:20018 metal_eligible=true ane_eligible=true
2026-09-21T19:08:13.965920Z DEBUG quip_miner_metal::combined: combined route assigned engine="metal" job_id=study:3201:20019 metal_eligible=true ane_eligible=true
2026-09-21T19:08:13.969242Z DEBUG quip_miner_metal::combined: combined route assigned engine="metal" job_id=study:3200:20015 metal_eligible=true ane_eligible=true
2026-09-21T19:08:13.973023Z DEBUG quip_miner_metal::combined: combined route assigned engine="metal" job_id=study:3200:20016 metal_eligible=true ane_eligible=true
2026-09-21T19:08:13.976341Z DEBUG quip_miner_metal::combined: combined route assigned engine="metal" job_id=study:3200:20017 metal_eligible=true ane_eligible=true
2026-09-21T19:08:13.979926Z DEBUG quip_miner_metal::combined: combined route assigned engine="metal" job_id=study:3200:20018 metal_eligible=true ane_eligible=true
2026-09-21T19:08:13.987398Z DEBUG quip_miner_metal::combined: combined route assigned engine="metal" job_id=study:3200:20019 metal_eligible=true ane_eligible=true
2026-09-21T19:08:14.003063Z DEBUG quip_miner_metal::combined: combined route assigned engine="metal" job_id=study:3199:20015 metal_eligible=true ane_eligible=true
2026-09-21T19:08:14.035256Z DEBUG quip_miner_metal::combined: combined route assigned engine="metal" job_id=study:3199:20016 metal_eligible=true ane_eligible=true
2026-09-21T19:08:14.038976Z DEBUG quip_miner_metal::combined: combined route assigned engine="metal" job_id=study:3199:20017 metal_eligible=true ane_eligible=true
2026-09-21T19:08:14.042877Z DEBUG quip_miner_metal::combined: combined route assigned engine="metal" job_id=study:3199:20018 metal_eligible=true ane_eligible=true
2026-09-21T19:08:14.048370Z DEBUG quip_miner_metal::combined: combined route assigned engine="metal" job_id=study:3199:20019 metal_eligible=true ane_eligible=true
2026-09-21T19:08:14.051868Z DEBUG quip_miner_metal::combined: combined route assigned engine="metal" job_id=study:3198:20015 metal_eligible=true ane_eligible=true
2026-09-21T19:08:14.055306Z DEBUG quip_miner_metal::combined: combined route assigned engine="metal" job_id=study:3198:20016 metal_eligible=true ane_eligible=true
2026-09-21T19:08:14.059234Z DEBUG quip_miner_metal::combined: combined route assigned engine="metal" job_id=study:3198:20017 metal_eligible=true ane_eligible=true
2026-09-21T19:08:14.060755Z DEBUG quip_miner_metal::combined: combined route completed engine="metal" job_id=study:3206:20018 outcome="completed" device_access_time_us=2580716
2026-09-21T19:08:14.062114Z DEBUG quip_miner_metal::combined: combined route completed engine="metal" job_id=study:3206:20019 outcome="completed" device_access_time_us=2580716
2026-09-21T19:08:14.062129Z DEBUG quip_miner_metal::combined: combined route completed engine="metal" job_id=study:3205:20015 outcome="completed" device_access_time_us=2580716
2026-09-21T19:08:14.062135Z DEBUG quip_miner_metal::combined: combined route completed engine="metal" job_id=study:3205:20016 outcome="completed" device_access_time_us=2580716
2026-09-21T19:08:14.062140Z DEBUG quip_miner_metal::combined: combined route completed engine="metal" job_id=study:3205:20017 outcome="completed" device_access_time_us=2580716
2026-09-21T19:08:14.062144Z DEBUG quip_miner_metal::combined: combined route completed engine="metal" job_id=study:3205:20018 outcome="completed" device_access_time_us=2580716
2026-09-21T19:08:14.062149Z DEBUG quip_miner_metal::combined: combined route completed engine="metal" job_id=study:3205:20019 outcome="completed" device_access_time_us=2580716
2026-09-21T19:08:14.062153Z DEBUG quip_miner_metal::combined: combined route completed engine="metal" job_id=study:3204:20015 outcome="completed" device_access_time_us=2580716
2026-09-21T19:08:14.062157Z DEBUG quip_miner_metal::combined: combined route completed engine="metal" job_id=study:3204:20016 outcome="completed" device_access_time_us=2580716
2026-09-21T19:08:14.062161Z DEBUG quip_miner_metal::combined: combined route completed engine="metal" job_id=study:3204:20017 outcome="completed" device_access_time_us=2580716
2026-09-21T19:08:14.062165Z DEBUG quip_miner_metal::combined: combined route completed engine="metal" job_id=study:3204:20018 outcome="completed" device_access_time_us=2580716
2026-09-21T19:08:14.062168Z DEBUG quip_miner_metal::combined: combined route completed engine="metal" job_id=study:3204:20019 outcome="completed" device_access_time_us=2580716
2026-09-21T19:08:14.062172Z DEBUG quip_miner_metal::combined: combined route completed engine="metal" job_id=study:3203:20015 outcome="completed" device_access_time_us=2580716
2026-09-21T19:08:14.062175Z DEBUG quip_miner_metal::combined: combined route completed engine="metal" job_id=study:3203:20016 outcome="completed" device_access_time_us=2580716
2026-09-21T19:08:14.062179Z DEBUG quip_miner_metal::combined: combined route completed engine="metal" job_id=study:3203:20017 outcome="completed" device_access_time_us=2580716
2026-09-21T19:08:14.062183Z DEBUG quip_miner_metal::combined: combined route completed engine="metal" job_id=study:3203:20018 outcome="completed" device_access_time_us=2580716
2026-09-21T19:08:14.062186Z DEBUG quip_miner_metal::combined: combined route completed engine="metal" job_id=study:3203:20019 outcome="completed" device_access_time_us=2580716
2026-09-21T19:08:14.062190Z DEBUG quip_miner_metal::combined: combined route completed engine="metal" job_id=study:3202:20015 outcome="completed" device_access_time_us=2580716
2026-09-21T19:08:14.062194Z DEBUG quip_miner_metal::combined: combined route completed engine="metal" job_id=study:3202:20016 outcome="completed" device_access_time_us=2580716
2026-09-21T19:08:14.062197Z DEBUG quip_miner_metal::combined: combined route completed engine="metal" job_id=study:3202:20017 outcome="completed" device_access_time_us=2580716
2026-09-21T19:08:14.065750Z DEBUG quip_miner_metal::combined: combined route assigned engine="metal" job_id=study:3198:20018 metal_eligible=true ane_eligible=true
2026-09-21T19:08:14.069988Z DEBUG quip_miner_metal::combined: combined route assigned engine="metal" job_id=study:3198:20019 metal_eligible=true ane_eligible=true
2026-09-21T19:08:14.073724Z DEBUG quip_miner_metal::combined: combined route assigned engine="metal" job_id=study:3197:20015 metal_eligible=true ane_eligible=true
2026-09-21T19:08:14.077263Z DEBUG quip_miner_metal::combined: combined route assigned engine="metal" job_id=study:3197:20016 metal_eligible=true ane_eligible=true
2026-09-21T19:08:14.081012Z DEBUG quip_miner_metal::combined: combined route assigned engine="metal" job_id=study:3197:20017 metal_eligible=true ane_eligible=true
2026-09-21T19:08:14.085801Z DEBUG quip_miner_metal::combined: combined route assigned engine="metal" job_id=study:3197:20018 metal_eligible=true ane_eligible=true
2026-09-21T19:08:14.089766Z DEBUG quip_miner_metal::combined: combined route assigned engine="metal" job_id=study:3197:20019 metal_eligible=true ane_eligible=true
2026-09-21T19:08:14.092929Z DEBUG quip_miner_metal::combined: combined route assigned engine="metal" job_id=study:3196:20015 metal_eligible=true ane_eligible=true
2026-09-21T19:08:14.095654Z DEBUG quip_miner_metal::combined: combined route assigned engine="metal" job_id=study:3196:20016 metal_eligible=true ane_eligible=true
2026-09-21T19:08:14.098905Z DEBUG quip_miner_metal::combined: combined route assigned engine="metal" job_id=study:3196:20017 metal_eligible=true ane_eligible=true
2026-09-21T19:08:14.102944Z DEBUG quip_miner_metal::combined: combined route assigned engine="metal" job_id=study:3196:20018 metal_eligible=true ane_eligible=true
2026-09-21T19:08:14.107686Z DEBUG quip_miner_metal::combined: combined route assigned engine="metal" job_id=study:3196:20019 metal_eligible=true ane_eligible=true
2026-09-21T19:08:14.111055Z DEBUG quip_miner_metal::combined: combined route assigned engine="metal" job_id=study:3195:20015 metal_eligible=true ane_eligible=true
2026-09-21T19:08:14.115053Z DEBUG quip_miner_metal::combined: combined route assigned engine="metal" job_id=study:3195:20016 metal_eligible=true ane_eligible=true
2026-09-21T19:08:14.121887Z DEBUG quip_miner_metal::combined: combined route assigned engine="metal" job_id=study:3195:20017 metal_eligible=true ane_eligible=true
2026-09-21T19:08:14.125174Z DEBUG quip_miner_metal::combined: combined route assigned engine="metal" job_id=study:3195:20018 metal_eligible=true ane_eligible=true
2026-09-21T19:08:14.128058Z DEBUG quip_miner_metal::combined: combined route assigned engine="metal" job_id=study:3195:20019 metal_eligible=true ane_eligible=true
2026-09-21T19:08:14.132248Z DEBUG quip_miner_metal::combined: combined route assigned engine="metal" job_id=study:3194:20015 metal_eligible=true ane_eligible=true
2026-09-21T19:08:14.136760Z DEBUG quip_miner_metal::combined: combined route assigned engine="metal" job_id=study:3194:20016 metal_eligible=true ane_eligible=true
2026-09-21T19:08:14.140306Z DEBUG quip_miner_metal::combined: combined route assigned engine="metal" job_id=study:3194:20017 metal_eligible=true ane_eligible=true
2026-09-21T19:08:16.922247Z DEBUG quip_miner_metal::combined: combined route completed engine="metal" job_id=study:3202:20018 outcome="completed" device_access_time_us=2489543
2026-09-21T19:08:16.922312Z DEBUG quip_miner_metal::combined: combined route completed engine="metal" job_id=study:3202:20019 outcome="completed" device_access_time_us=2489543
2026-09-21T19:08:16.922321Z DEBUG quip_miner_metal::combined: combined route completed engine="metal" job_id=study:3201:20015 outcome="completed" device_access_time_us=2489543
2026-09-21T19:08:16.922327Z DEBUG quip_miner_metal::combined: combined route completed engine="metal" job_id=study:3201:20016 outcome="completed" device_access_time_us=2489543
2026-09-21T19:08:16.922333Z DEBUG quip_miner_metal::combined: combined route completed engine="metal" job_id=study:3201:20017 outcome="completed" device_access_time_us=2489543
2026-09-21T19:08:16.922338Z DEBUG quip_miner_metal::combined: combined route completed engine="metal" job_id=study:3201:20018 outcome="completed" device_access_time_us=2489543
2026-09-21T19:08:16.922342Z DEBUG quip_miner_metal::combined: combined route completed engine="metal" job_id=study:3201:20019 outcome="completed" device_access_time_us=2489543
2026-09-21T19:08:16.922347Z DEBUG quip_miner_metal::combined: combined route completed engine="metal" job_id=study:3200:20015 outcome="completed" device_access_time_us=2489543
2026-09-21T19:08:16.922351Z DEBUG quip_miner_metal::combined: combined route completed engine="metal" job_id=study:3200:20016 outcome="completed" device_access_time_us=2489543
2026-09-21T19:08:16.922355Z DEBUG quip_miner_metal::combined: combined route completed engine="metal" job_id=study:3200:20017 outcome="completed" device_access_time_us=2489543
2026-09-21T19:08:16.922359Z DEBUG quip_miner_metal::combined: combined route completed engine="metal" job_id=study:3200:20018 outcome="completed" device_access_time_us=2489543
2026-09-21T19:08:16.922362Z DEBUG quip_miner_metal::combined: combined route completed engine="metal" job_id=study:3200:20019 outcome="completed" device_access_time_us=2489543
2026-09-21T19:08:16.922366Z DEBUG quip_miner_metal::combined: combined route completed engine="metal" job_id=study:3199:20015 outcome="completed" device_access_time_us=2489543
2026-09-21T19:08:16.922370Z DEBUG quip_miner_metal::combined: combined route completed engine="metal" job_id=study:3199:20016 outcome="completed" device_access_time_us=2489543
2026-09-21T19:08:16.922374Z DEBUG quip_miner_metal::combined: combined route completed engine="metal" job_id=study:3199:20017 outcome="completed" device_access_time_us=2489543
2026-09-21T19:08:16.922378Z DEBUG quip_miner_metal::combined: combined route completed engine="metal" job_id=study:3199:20018 outcome="completed" device_access_time_us=2489543
2026-09-21T19:08:16.922382Z DEBUG quip_miner_metal::combined: combined route completed engine="metal" job_id=study:3199:20019 outcome="completed" device_access_time_us=2489543
2026-09-21T19:08:16.922386Z DEBUG quip_miner_metal::combined: combined route completed engine="metal" job_id=study:3198:20015 outcome="completed" device_access_time_us=2489543
2026-09-21T19:08:16.922389Z DEBUG quip_miner_metal::combined: combined route completed engine="metal" job_id=study:3198:20016 outcome="completed" device_access_time_us=2489543
2026-09-21T19:08:16.922393Z DEBUG quip_miner_metal::combined: combined route completed engine="metal" job_id=study:3198:20017 outcome="completed" device_access_time_us=2489543
2026-09-21T19:08:16.930905Z DEBUG quip_miner_metal::combined: combined route assigned engine="metal" job_id=study:3194:20018 metal_eligible=true ane_eligible=true
2026-09-21T19:08:16.934730Z DEBUG quip_miner_metal::combined: combined route assigned engine="metal" job_id=study:3194:20019 metal_eligible=true ane_eligible=true
2026-09-21T19:08:16.937845Z DEBUG quip_miner_metal::combined: combined route assigned engine="metal" job_id=study:3193:20015 metal_eligible=true ane_eligible=true
2026-09-21T19:08:16.946933Z DEBUG quip_miner_metal::combined: combined route assigned engine="metal" job_id=study:3193:20016 metal_eligible=true ane_eligible=true
2026-09-21T19:08:16.952835Z DEBUG quip_miner_metal::combined: combined route assigned engine="metal" job_id=study:3193:20017 metal_eligible=true ane_eligible=true
2026-09-21T19:08:16.957226Z DEBUG quip_miner_metal::combined: combined route assigned engine="metal" job_id=study:3193:20018 metal_eligible=true ane_eligible=true
2026-09-21T19:08:16.962158Z DEBUG quip_miner_metal::combined: combined route assigned engine="metal" job_id=study:3193:20019 metal_eligible=true ane_eligible=true
2026-09-21T19:08:16.966155Z DEBUG quip_miner_metal::combined: combined route assigned engine="metal" job_id=study:3192:20015 metal_eligible=true ane_eligible=true
2026-09-21T19:08:16.969721Z DEBUG quip_miner_metal::combined: combined route assigned engine="metal" job_id=study:3192:20016 metal_eligible=true ane_eligible=true
2026-09-21T19:08:16.969748Z DEBUG quip_miner_metal::combined: combined route completed engine="metal" job_id=study:3198:20018 outcome="completed" device_access_time_us=2488661
2026-09-21T19:08:16.969757Z DEBUG quip_miner_metal::combined: combined route completed engine="metal" job_id=study:3198:20019 outcome="completed" device_access_time_us=2488661
2026-09-21T19:08:16.969763Z DEBUG quip_miner_metal::combined: combined route completed engine="metal" job_id=study:3197:20015 outcome="completed" device_access_time_us=2488661
2026-09-21T19:08:16.969768Z DEBUG quip_miner_metal::combined: combined route completed engine="metal" job_id=study:3197:20016 outcome="completed" device_access_time_us=2488661
2026-09-21T19:08:16.969774Z DEBUG quip_miner_metal::combined: combined route completed engine="metal" job_id=study:3197:20017 outcome="completed" device_access_time_us=2488661
2026-09-21T19:08:16.969779Z DEBUG quip_miner_metal::combined: combined route completed engine="metal" job_id=study:3197:20018 outcome="completed" device_access_time_us=2488661
2026-09-21T19:08:16.969784Z DEBUG quip_miner_metal::combined: combined route completed engine="metal" job_id=study:3197:20019 outcome="completed" device_access_time_us=2488661
2026-09-21T19:08:16.969789Z DEBUG quip_miner_metal::combined: combined route completed engine="metal" job_id=study:3196:20015 outcome="completed" device_access_time_us=2488661
2026-09-21T19:08:16.969793Z DEBUG quip_miner_metal::combined: combined route completed engine="metal" job_id=study:3196:20016 outcome="completed" device_access_time_us=2488661
2026-09-21T19:08:16.969798Z DEBUG quip_miner_metal::combined: combined route completed engine="metal" job_id=study:3196:20017 outcome="completed" device_access_time_us=2488661
2026-09-21T19:08:16.969802Z DEBUG quip_miner_metal::combined: combined route completed engine="metal" job_id=study:3196:20018 outcome="completed" device_access_time_us=2488661
2026-09-21T19:08:16.969807Z DEBUG quip_miner_metal::combined: combined route completed engine="metal" job_id=study:3196:20019 outcome="completed" device_access_time_us=2488661
2026-09-21T19:08:16.969811Z DEBUG quip_miner_metal::combined: combined route completed engine="metal" job_id=study:3195:20015 outcome="completed" device_access_time_us=2488661
2026-09-21T19:08:16.969816Z DEBUG quip_miner_metal::combined: combined route completed engine="metal" job_id=study:3195:20016 outcome="completed" device_access_time_us=2488661
2026-09-21T19:08:16.969828Z DEBUG quip_miner_metal::combined: combined route completed engine="metal" job_id=study:3195:20017 outcome="completed" device_access_time_us=2488661
2026-09-21T19:08:16.969834Z DEBUG quip_miner_metal::combined: combined route completed engine="metal" job_id=study:3195:20018 outcome="completed" device_access_time_us=2488661
2026-09-21T19:08:16.969839Z DEBUG quip_miner_metal::combined: combined route completed engine="metal" job_id=study:3195:20019 outcome="completed" device_access_time_us=2488661
2026-09-21T19:08:16.969844Z DEBUG quip_miner_metal::combined: combined route completed engine="metal" job_id=study:3194:20015 outcome="completed" device_access_time_us=2488661
2026-09-21T19:08:16.969848Z DEBUG quip_miner_metal::combined: combined route completed engine="metal" job_id=study:3194:20016 outcome="completed" device_access_time_us=2488661
2026-09-21T19:08:16.969853Z DEBUG quip_miner_metal::combined: combined route completed engine="metal" job_id=study:3194:20017 outcome="completed" device_access_time_us=2488661
2026-09-21T19:08:16.974078Z DEBUG quip_miner_metal::combined: combined route assigned engine="metal" job_id=study:3192:20017 metal_eligible=true ane_eligible=true
2026-09-21T19:08:16.977399Z DEBUG quip_miner_metal::combined: combined route assigned engine="metal" job_id=study:3192:20018 metal_eligible=true ane_eligible=true
2026-09-21T19:08:16.980830Z DEBUG quip_miner_metal::combined: combined route assigned engine="metal" job_id=study:3192:20019 metal_eligible=true ane_eligible=true
2026-09-21T19:08:16.984530Z DEBUG quip_miner_metal::combined: combined route assigned engine="metal" job_id=study:3191:20015 metal_eligible=true ane_eligible=true
2026-09-21T19:08:16.987609Z DEBUG quip_miner_metal::combined: combined route assigned engine="metal" job_id=study:3191:20016 metal_eligible=true ane_eligible=true
2026-09-21T19:08:16.990834Z DEBUG quip_miner_metal::combined: combined route assigned engine="metal" job_id=study:3191:20017 metal_eligible=true ane_eligible=true
2026-09-21T19:08:16.994156Z DEBUG quip_miner_metal::combined: combined route assigned engine="metal" job_id=study:3191:20018 metal_eligible=true ane_eligible=true
2026-09-21T19:08:16.996938Z DEBUG quip_miner_metal::combined: combined route assigned engine="metal" job_id=study:3191:20019 metal_eligible=true ane_eligible=true
2026-09-21T19:08:18.709448Z DEBUG quip_miner_metal::combined: combined route completed engine="metal" job_id=study:3194:20018 outcome="completed" device_access_time_us=1471109
2026-09-21T19:08:18.709492Z DEBUG quip_miner_metal::combined: combined route completed engine="metal" job_id=study:3194:20019 outcome="completed" device_access_time_us=1471109
2026-09-21T19:08:18.709502Z DEBUG quip_miner_metal::combined: combined route completed engine="metal" job_id=study:3193:20015 outcome="completed" device_access_time_us=1471109
2026-09-21T19:08:18.709563Z DEBUG quip_miner_metal::combined: combined route completed engine="metal" job_id=study:3193:20016 outcome="completed" device_access_time_us=1471109
2026-09-21T19:08:18.709572Z DEBUG quip_miner_metal::combined: combined route completed engine="metal" job_id=study:3193:20017 outcome="completed" device_access_time_us=1471109
2026-09-21T19:08:18.709579Z DEBUG quip_miner_metal::combined: combined route completed engine="metal" job_id=study:3193:20018 outcome="completed" device_access_time_us=1471109
2026-09-21T19:08:18.709584Z DEBUG quip_miner_metal::combined: combined route completed engine="metal" job_id=study:3193:20019 outcome="completed" device_access_time_us=1471109
2026-09-21T19:08:18.709590Z DEBUG quip_miner_metal::combined: combined route completed engine="metal" job_id=study:3192:20015 outcome="completed" device_access_time_us=1471109
2026-09-21T19:08:18.709596Z DEBUG quip_miner_metal::combined: combined route completed engine="metal" job_id=study:3192:20016 outcome="completed" device_access_time_us=1471109
2026-09-21T19:08:18.709602Z DEBUG quip_miner_metal::combined: combined route completed engine="metal" job_id=study:3192:20017 outcome="completed" device_access_time_us=1471109
2026-09-21T19:08:18.709607Z DEBUG quip_miner_metal::combined: combined route completed engine="metal" job_id=study:3192:20018 outcome="completed" device_access_time_us=1471109
2026-09-21T19:08:18.709612Z DEBUG quip_miner_metal::combined: combined route completed engine="metal" job_id=study:3192:20019 outcome="completed" device_access_time_us=1471109
2026-09-21T19:08:18.709616Z DEBUG quip_miner_metal::combined: combined route completed engine="metal" job_id=study:3191:20015 outcome="completed" device_access_time_us=1471109
2026-09-21T19:08:18.709621Z DEBUG quip_miner_metal::combined: combined route completed engine="metal" job_id=study:3191:20016 outcome="completed" device_access_time_us=1471109
2026-09-21T19:08:18.709626Z DEBUG quip_miner_metal::combined: combined route completed engine="metal" job_id=study:3191:20017 outcome="completed" device_access_time_us=1471109
2026-09-21T19:08:18.709631Z DEBUG quip_miner_metal::combined: combined route completed engine="metal" job_id=study:3191:20018 outcome="completed" device_access_time_us=1471109
2026-09-21T19:08:18.709635Z DEBUG quip_miner_metal::combined: combined route completed engine="metal" job_id=study:3191:20019 outcome="completed" device_access_time_us=1471109
2026-09-21T19:08:19.892970Z DEBUG quip_miner_metal::combined: combined route completed engine="ane" job_id=study:3218:20017 outcome="completed" device_access_time_us=13595259
