2026-09-21T19:05:24.332762Z DEBUG quip_miner_metal::combined: combined route assigned engine="ane" job_id=warmup:3250:20005:0 metal_eligible=true ane_eligible=true
2026-09-21T19:05:24.334628Z DEBUG quip_miner_metal::combined: combined route assigned engine="metal" job_id=warmup:3250:20005:1 metal_eligible=true ane_eligible=true
2026-09-21T19:05:25.397004Z DEBUG quip_miner_metal::combined: combined route completed engine="metal" job_id=warmup:3250:20005:1 outcome="completed" device_access_time_us=978023
2026-09-21T19:05:29.263999Z DEBUG quip_miner_metal::combined: combined route completed engine="ane" job_id=warmup:3250:20005:0 outcome="completed" device_access_time_us=4931087
2026-09-21T19:05:29.275971Z DEBUG quip_miner_metal::combined: combined route assigned engine="ane" job_id=study:3250:20005 metal_eligible=true ane_eligible=true
2026-09-21T19:05:29.277761Z DEBUG quip_miner_metal::combined: combined route assigned engine="metal" job_id=study:3250:20006 metal_eligible=true ane_eligible=true
2026-09-21T19:05:29.279733Z DEBUG quip_miner_metal::combined: combined route assigned engine="metal" job_id=study:3250:20007 metal_eligible=true ane_eligible=true
2026-09-21T19:05:29.281668Z DEBUG quip_miner_metal::combined: combined route assigned engine="metal" job_id=study:3250:20008 metal_eligible=true ane_eligible=true
2026-09-21T19:05:29.283544Z DEBUG quip_miner_metal::combined: combined route assigned engine="metal" job_id=study:3250:20009 metal_eligible=true ane_eligible=true
2026-09-21T19:05:29.285278Z DEBUG quip_miner_metal::combined: combined route assigned engine="metal" job_id=study:3249:20005 metal_eligible=true ane_eligible=true
2026-09-21T19:05:29.287147Z DEBUG quip_miner_metal::combined: combined route assigned engine="metal" job_id=study:3249:20006 metal_eligible=true ane_eligible=true
2026-09-21T19:05:29.289008Z DEBUG quip_miner_metal::combined: combined route assigned engine="metal" job_id=study:3249:20007 metal_eligible=true ane_eligible=true
2026-09-21T19:05:29.290789Z DEBUG quip_miner_metal::combined: combined route assigned engine="metal" job_id=study:3249:20008 metal_eligible=true ane_eligible=true
2026-09-21T19:05:29.292618Z DEBUG quip_miner_metal::combined: combined route assigned engine="metal" job_id=study:3249:20009 metal_eligible=true ane_eligible=true
2026-09-21T19:05:29.294551Z DEBUG quip_miner_metal::combined: combined route assigned engine="metal" job_id=study:3248:20005 metal_eligible=true ane_eligible=true
2026-09-21T19:05:29.296430Z DEBUG quip_miner_metal::combined: combined route assigned engine="metal" job_id=study:3248:20006 metal_eligible=true ane_eligible=true
2026-09-21T19:05:29.298256Z DEBUG quip_miner_metal::combined: combined route assigned engine="metal" job_id=study:3248:20007 metal_eligible=true ane_eligible=true
2026-09-21T19:05:29.300166Z DEBUG quip_miner_metal::combined: combined route assigned engine="metal" job_id=study:3248:20008 metal_eligible=true ane_eligible=true
2026-09-21T19:05:29.301978Z DEBUG quip_miner_metal::combined: combined route assigned engine="metal" job_id=study:3248:20009 metal_eligible=true ane_eligible=true
2026-09-21T19:05:29.303826Z DEBUG quip_miner_metal::combined: combined route assigned engine="metal" job_id=study:3247:20005 metal_eligible=true ane_eligible=true
2026-09-21T19:05:29.305736Z DEBUG quip_miner_metal::combined: combined route assigned engine="metal" job_id=study:3247:20006 metal_eligible=true ane_eligible=true
2026-09-21T19:05:29.307524Z DEBUG quip_miner_metal::combined: combined route assigned engine="metal" job_id=study:3247:20007 metal_eligible=true ane_eligible=true
2026-09-21T19:05:29.309429Z DEBUG quip_miner_metal::combined: combined route assigned engine="metal" job_id=study:3247:20008 metal_eligible=true ane_eligible=true
2026-09-21T19:05:29.311248Z DEBUG quip_miner_metal::combined: combined route assigned engine="metal" job_id=study:3247:20009 metal_eligible=true ane_eligible=true
2026-09-21T19:05:29.313127Z DEBUG quip_miner_metal::combined: combined route assigned engine="metal" job_id=study:3246:20005 metal_eligible=true ane_eligible=true
2026-09-21T19:05:29.315064Z DEBUG quip_miner_metal::combined: combined route assigned engine="metal" job_id=study:3246:20006 metal_eligible=true ane_eligible=true
2026-09-21T19:05:29.316946Z DEBUG quip_miner_metal::combined: combined route assigned engine="metal" job_id=study:3246:20007 metal_eligible=true ane_eligible=true
2026-09-21T19:05:29.318619Z DEBUG quip_miner_metal::combined: combined route assigned engine="metal" job_id=study:3246:20008 metal_eligible=true ane_eligible=true
2026-09-21T19:05:29.320478Z DEBUG quip_miner_metal::combined: combined route assigned engine="metal" job_id=study:3246:20009 metal_eligible=true ane_eligible=true
2026-09-21T19:05:29.322314Z DEBUG quip_miner_metal::combined: combined route assigned engine="metal" job_id=study:3245:20005 metal_eligible=true ane_eligible=true
2026-09-21T19:05:29.324214Z DEBUG quip_miner_metal::combined: combined route assigned engine="metal" job_id=study:3245:20006 metal_eligible=true ane_eligible=true
2026-09-21T19:05:29.326061Z DEBUG quip_miner_metal::combined: combined route assigned engine="metal" job_id=study:3245:20007 metal_eligible=true ane_eligible=true
2026-09-21T19:05:29.328082Z DEBUG quip_miner_metal::combined: combined route assigned engine="metal" job_id=study:3245:20008 metal_eligible=true ane_eligible=true
2026-09-21T19:05:29.329997Z DEBUG quip_miner_metal::combined: combined route assigned engine="metal" job_id=study:3245:20009 metal_eligible=true ane_eligible=true
2026-09-21T19:05:29.331973Z DEBUG quip_miner_metal::combined: combined route assigned engine="metal" job_id=study:3244:20005 metal_eligible=true ane_eligible=true
2026-09-21T19:05:29.333789Z DEBUG quip_miner_metal::combined: combined route assigned engine="metal" job_id=study:3244:20006 metal_eligible=true ane_eligible=true
2026-09-21T19:05:29.335630Z DEBUG quip_miner_metal::combined: combined route assigned engine="metal" job_id=study:3244:20007 metal_eligible=true ane_eligible=true
2026-09-21T19:05:29.337566Z DEBUG quip_miner_metal::combined: combined route assigned engine="metal" job_id=study:3244:20008 metal_eligible=true ane_eligible=true
2026-09-21T19:05:29.339430Z DEBUG quip_miner_metal::combined: combined route assigned engine="metal" job_id=study:3244:20009 metal_eligible=true ane_eligible=true
2026-09-21T19:05:29.341199Z DEBUG quip_miner_metal::combined: combined route assigned engine="metal" job_id=study:3243:20005 metal_eligible=true ane_eligible=true
2026-09-21T19:05:29.342954Z DEBUG quip_miner_metal::combined: combined route assigned engine="metal" job_id=study:3243:20006 metal_eligible=true ane_eligible=true
2026-09-21T19:05:29.344703Z DEBUG quip_miner_metal::combined: combined route assigned engine="metal" job_id=study:3243:20007 metal_eligible=true ane_eligible=true
2026-09-21T19:05:29.346585Z DEBUG quip_miner_metal::combined: combined route assigned engine="metal" job_id=study:3243:20008 metal_eligible=true ane_eligible=true
2026-09-21T19:05:29.348551Z DEBUG quip_miner_metal::combined: combined route assigned engine="metal" job_id=study:3243:20009 metal_eligible=true ane_eligible=true
2026-09-21T19:05:29.350325Z DEBUG quip_miner_metal::combined: combined route assigned engine="metal" job_id=study:3242:20005 metal_eligible=true ane_eligible=true
2026-09-21T19:05:31.826816Z DEBUG quip_miner_metal::combined: combined route completed engine="metal" job_id=study:3250:20006 outcome="completed" device_access_time_us=2304011
2026-09-21T19:05:31.826873Z DEBUG quip_miner_metal::combined: combined route completed engine="metal" job_id=study:3250:20007 outcome="completed" device_access_time_us=2304011
2026-09-21T19:05:31.826885Z DEBUG quip_miner_metal::combined: combined route completed engine="metal" job_id=study:3250:20008 outcome="completed" device_access_time_us=2304011
2026-09-21T19:05:31.826893Z DEBUG quip_miner_metal::combined: combined route completed engine="metal" job_id=study:3250:20009 outcome="completed" device_access_time_us=2304011
2026-09-21T19:05:31.826899Z DEBUG quip_miner_metal::combined: combined route completed engine="metal" job_id=study:3249:20005 outcome="completed" device_access_time_us=2304011
2026-09-21T19:05:31.826916Z DEBUG quip_miner_metal::combined: combined route completed engine="metal" job_id=study:3249:20006 outcome="completed" device_access_time_us=2304011
2026-09-21T19:05:31.826921Z DEBUG quip_miner_metal::combined: combined route completed engine="metal" job_id=study:3249:20007 outcome="completed" device_access_time_us=2304011
2026-09-21T19:05:31.826926Z DEBUG quip_miner_metal::combined: combined route completed engine="metal" job_id=study:3249:20008 outcome="completed" device_access_time_us=2304011
2026-09-21T19:05:31.826930Z DEBUG quip_miner_metal::combined: combined route completed engine="metal" job_id=study:3249:20009 outcome="completed" device_access_time_us=2304011
2026-09-21T19:05:31.826934Z DEBUG quip_miner_metal::combined: combined route completed engine="metal" job_id=study:3248:20005 outcome="completed" device_access_time_us=2304011
2026-09-21T19:05:31.826938Z DEBUG quip_miner_metal::combined: combined route completed engine="metal" job_id=study:3248:20006 outcome="completed" device_access_time_us=2304011
2026-09-21T19:05:31.826942Z DEBUG quip_miner_metal::combined: combined route completed engine="metal" job_id=study:3248:20007 outcome="completed" device_access_time_us=2304011
2026-09-21T19:05:31.827008Z DEBUG quip_miner_metal::combined: combined route completed engine="metal" job_id=study:3248:20008 outcome="completed" device_access_time_us=2304011
2026-09-21T19:05:31.827022Z DEBUG quip_miner_metal::combined: combined route completed engine="metal" job_id=study:3248:20009 outcome="completed" device_access_time_us=2304011
2026-09-21T19:05:31.827029Z DEBUG quip_miner_metal::combined: combined route completed engine="metal" job_id=study:3247:20005 outcome="completed" device_access_time_us=2304011
2026-09-21T19:05:31.827035Z DEBUG quip_miner_metal::combined: combined route completed engine="metal" job_id=study:3247:20006 outcome="completed" device_access_time_us=2304011
2026-09-21T19:05:31.827041Z DEBUG quip_miner_metal::combined: combined route completed engine="metal" job_id=study:3247:20007 outcome="completed" device_access_time_us=2304011
2026-09-21T19:05:31.827046Z DEBUG quip_miner_metal::combined: combined route completed engine="metal" job_id=study:3247:20008 outcome="completed" device_access_time_us=2304011
2026-09-21T19:05:31.827051Z DEBUG quip_miner_metal::combined: combined route completed engine="metal" job_id=study:3247:20009 outcome="completed" device_access_time_us=2304011
2026-09-21T19:05:31.827056Z DEBUG quip_miner_metal::combined: combined route completed engine="metal" job_id=study:3246:20005 outcome="completed" device_access_time_us=2304011
2026-09-21T19:05:31.831248Z DEBUG quip_miner_metal::combined: combined route assigned engine="metal" job_id=study:3242:20006 metal_eligible=true ane_eligible=true
2026-09-21T19:05:31.834594Z DEBUG quip_miner_metal::combined: combined route assigned engine="metal" job_id=study:3242:20007 metal_eligible=true ane_eligible=true
2026-09-21T19:05:31.838633Z DEBUG quip_miner_metal::combined: combined route assigned engine="metal" job_id=study:3242:20008 metal_eligible=true ane_eligible=true
2026-09-21T19:05:31.842077Z DEBUG quip_miner_metal::combined: combined route assigned engine="metal" job_id=study:3242:20009 metal_eligible=true ane_eligible=true
2026-09-21T19:05:31.845673Z DEBUG quip_miner_metal::combined: combined route assigned engine="metal" job_id=study:3241:20005 metal_eligible=true ane_eligible=true
2026-09-21T19:05:31.850486Z DEBUG quip_miner_metal::combined: combined route assigned engine="metal" job_id=study:3241:20006 metal_eligible=true ane_eligible=true
2026-09-21T19:05:31.866138Z DEBUG quip_miner_metal::combined: combined route assigned engine="metal" job_id=study:3241:20007 metal_eligible=true ane_eligible=true
2026-09-21T19:05:31.875298Z DEBUG quip_miner_metal::combined: combined route assigned engine="metal" job_id=study:3241:20008 metal_eligible=true ane_eligible=true
2026-09-21T19:05:31.882432Z DEBUG quip_miner_metal::combined: combined route assigned engine="metal" job_id=study:3241:20009 metal_eligible=true ane_eligible=true
2026-09-21T19:05:31.888035Z DEBUG quip_miner_metal::combined: combined route assigned engine="metal" job_id=study:3240:20005 metal_eligible=true ane_eligible=true
2026-09-21T19:05:31.891619Z DEBUG quip_miner_metal::combined: combined route assigned engine="metal" job_id=study:3240:20006 metal_eligible=true ane_eligible=true
2026-09-21T19:05:31.895517Z DEBUG quip_miner_metal::combined: combined route assigned engine="metal" job_id=study:3240:20007 metal_eligible=true ane_eligible=true
2026-09-21T19:05:31.898736Z DEBUG quip_miner_metal::combined: combined route assigned engine="metal" job_id=study:3240:20008 metal_eligible=true ane_eligible=true
2026-09-21T19:05:31.898791Z DEBUG quip_miner_metal::combined: combined route completed engine="metal" job_id=study:3246:20006 outcome="completed" device_access_time_us=2130507
2026-09-21T19:05:31.898802Z DEBUG quip_miner_metal::combined: combined route completed engine="metal" job_id=study:3246:20007 outcome="completed" device_access_time_us=2130507
2026-09-21T19:05:31.898808Z DEBUG quip_miner_metal::combined: combined route completed engine="metal" job_id=study:3246:20008 outcome="completed" device_access_time_us=2130507
2026-09-21T19:05:31.898814Z DEBUG quip_miner_metal::combined: combined route completed engine="metal" job_id=study:3246:20009 outcome="completed" device_access_time_us=2130507
2026-09-21T19:05:31.898818Z DEBUG quip_miner_metal::combined: combined route completed engine="metal" job_id=study:3245:20005 outcome="completed" device_access_time_us=2130507
2026-09-21T19:05:31.898822Z DEBUG quip_miner_metal::combined: combined route completed engine="metal" job_id=study:3245:20006 outcome="completed" device_access_time_us=2130507
2026-09-21T19:05:31.898826Z DEBUG quip_miner_metal::combined: combined route completed engine="metal" job_id=study:3245:20007 outcome="completed" device_access_time_us=2130507
2026-09-21T19:05:31.898830Z DEBUG quip_miner_metal::combined: combined route completed engine="metal" job_id=study:3245:20008 outcome="completed" device_access_time_us=2130507
2026-09-21T19:05:31.898834Z DEBUG quip_miner_metal::combined: combined route completed engine="metal" job_id=study:3245:20009 outcome="completed" device_access_time_us=2130507
2026-09-21T19:05:31.898837Z DEBUG quip_miner_metal::combined: combined route completed engine="metal" job_id=study:3244:20005 outcome="completed" device_access_time_us=2130507
2026-09-21T19:05:31.898841Z DEBUG quip_miner_metal::combined: combined route completed engine="metal" job_id=study:3244:20006 outcome="completed" device_access_time_us=2130507
2026-09-21T19:05:31.898845Z DEBUG quip_miner_metal::combined: combined route completed engine="metal" job_id=study:3244:20007 outcome="completed" device_access_time_us=2130507
2026-09-21T19:05:31.898849Z DEBUG quip_miner_metal::combined: combined route completed engine="metal" job_id=study:3244:20008 outcome="completed" device_access_time_us=2130507
2026-09-21T19:05:31.898853Z DEBUG quip_miner_metal::combined: combined route completed engine="metal" job_id=study:3244:20009 outcome="completed" device_access_time_us=2130507
2026-09-21T19:05:31.898857Z DEBUG quip_miner_metal::combined: combined route completed engine="metal" job_id=study:3243:20005 outcome="completed" device_access_time_us=2130507
2026-09-21T19:05:31.898860Z DEBUG quip_miner_metal::combined: combined route completed engine="metal" job_id=study:3243:20006 outcome="completed" device_access_time_us=2130507
2026-09-21T19:05:31.898864Z DEBUG quip_miner_metal::combined: combined route completed engine="metal" job_id=study:3243:20007 outcome="completed" device_access_time_us=2130507
2026-09-21T19:05:31.898867Z DEBUG quip_miner_metal::combined: combined route completed engine="metal" job_id=study:3243:20008 outcome="completed" device_access_time_us=2130507
2026-09-21T19:05:31.898897Z DEBUG quip_miner_metal::combined: combined route completed engine="metal" job_id=study:3243:20009 outcome="completed" device_access_time_us=2130507
2026-09-21T19:05:31.898904Z DEBUG quip_miner_metal::combined: combined route completed engine="metal" job_id=study:3242:20005 outcome="completed" device_access_time_us=2130507
2026-09-21T19:05:31.902754Z DEBUG quip_miner_metal::combined: combined route assigned engine="metal" job_id=study:3240:20009 metal_eligible=true ane_eligible=true
2026-09-21T19:05:31.906584Z DEBUG quip_miner_metal::combined: combined route assigned engine="metal" job_id=study:3239:20005 metal_eligible=true ane_eligible=true
2026-09-21T19:05:31.910026Z DEBUG quip_miner_metal::combined: combined route assigned engine="metal" job_id=study:3239:20006 metal_eligible=true ane_eligible=true
2026-09-21T19:05:31.913984Z DEBUG quip_miner_metal::combined: combined route assigned engine="metal" job_id=study:3239:20007 metal_eligible=true ane_eligible=true
2026-09-21T19:05:31.917151Z DEBUG quip_miner_metal::combined: combined route assigned engine="metal" job_id=study:3239:20008 metal_eligible=true ane_eligible=true
2026-09-21T19:05:31.920507Z DEBUG quip_miner_metal::combined: combined route assigned engine="metal" job_id=study:3239:20009 metal_eligible=true ane_eligible=true
2026-09-21T19:05:31.924055Z DEBUG quip_miner_metal::combined: combined route assigned engine="metal" job_id=study:3238:20005 metal_eligible=true ane_eligible=true
2026-09-21T19:05:31.927846Z DEBUG quip_miner_metal::combined: combined route assigned engine="metal" job_id=study:3238:20006 metal_eligible=true ane_eligible=true
2026-09-21T19:05:31.931617Z DEBUG quip_miner_metal::combined: combined route assigned engine="metal" job_id=study:3238:20007 metal_eligible=true ane_eligible=true
2026-09-21T19:05:31.935249Z DEBUG quip_miner_metal::combined: combined route assigned engine="metal" job_id=study:3238:20008 metal_eligible=true ane_eligible=true
2026-09-21T19:05:31.938510Z DEBUG quip_miner_metal::combined: combined route assigned engine="metal" job_id=study:3238:20009 metal_eligible=true ane_eligible=true
2026-09-21T19:05:31.941566Z DEBUG quip_miner_metal::combined: combined route assigned engine="metal" job_id=study:3237:20005 metal_eligible=true ane_eligible=true
2026-09-21T19:05:31.944854Z DEBUG quip_miner_metal::combined: combined route assigned engine="metal" job_id=study:3237:20006 metal_eligible=true ane_eligible=true
2026-09-21T19:05:31.948134Z DEBUG quip_miner_metal::combined: combined route assigned engine="metal" job_id=study:3237:20007 metal_eligible=true ane_eligible=true
2026-09-21T19:05:31.951308Z DEBUG quip_miner_metal::combined: combined route assigned engine="metal" job_id=study:3237:20008 metal_eligible=true ane_eligible=true
2026-09-21T19:05:31.954270Z DEBUG quip_miner_metal::combined: combined route assigned engine="metal" job_id=study:3237:20009 metal_eligible=true ane_eligible=true
2026-09-21T19:05:31.957491Z DEBUG quip_miner_metal::combined: combined route assigned engine="metal" job_id=study:3236:20005 metal_eligible=true ane_eligible=true
2026-09-21T19:05:31.960716Z DEBUG quip_miner_metal::combined: combined route assigned engine="metal" job_id=study:3236:20006 metal_eligible=true ane_eligible=true
2026-09-21T19:05:31.964254Z DEBUG quip_miner_metal::combined: combined route assigned engine="metal" job_id=study:3236:20007 metal_eligible=true ane_eligible=true
2026-09-21T19:05:31.967148Z DEBUG quip_miner_metal::combined: combined route assigned engine="metal" job_id=study:3236:20008 metal_eligible=true ane_eligible=true
2026-09-21T19:05:31.970627Z DEBUG quip_miner_metal::combined: combined route assigned engine="metal" job_id=study:3236:20009 metal_eligible=true ane_eligible=true
2026-09-21T19:05:31.974149Z DEBUG quip_miner_metal::combined: combined route assigned engine="metal" job_id=study:3235:20005 metal_eligible=true ane_eligible=true
2026-09-21T19:05:31.978081Z DEBUG quip_miner_metal::combined: combined route assigned engine="metal" job_id=study:3235:20006 metal_eligible=true ane_eligible=true
2026-09-21T19:05:31.982081Z DEBUG quip_miner_metal::combined: combined route assigned engine="metal" job_id=study:3235:20007 metal_eligible=true ane_eligible=true
2026-09-21T19:05:31.985124Z DEBUG quip_miner_metal::combined: combined route assigned engine="metal" job_id=study:3235:20008 metal_eligible=true ane_eligible=true
2026-09-21T19:05:31.988025Z DEBUG quip_miner_metal::combined: combined route assigned engine="metal" job_id=study:3235:20009 metal_eligible=true ane_eligible=true
2026-09-21T19:05:31.991020Z DEBUG quip_miner_metal::combined: combined route assigned engine="metal" job_id=study:3234:20005 metal_eligible=true ane_eligible=true
2026-09-21T19:05:35.714812Z DEBUG quip_miner_metal::combined: combined route completed engine="metal" job_id=study:3242:20006 outcome="completed" device_access_time_us=3641341
2026-09-21T19:05:35.714860Z DEBUG quip_miner_metal::combined: combined route completed engine="metal" job_id=study:3242:20007 outcome="completed" device_access_time_us=3641341
2026-09-21T19:05:35.714868Z DEBUG quip_miner_metal::combined: combined route completed engine="metal" job_id=study:3242:20008 outcome="completed" device_access_time_us=3641341
2026-09-21T19:05:35.714873Z DEBUG quip_miner_metal::combined: combined route completed engine="metal" job_id=study:3242:20009 outcome="completed" device_access_time_us=3641341
2026-09-21T19:05:35.714878Z DEBUG quip_miner_metal::combined: combined route completed engine="metal" job_id=study:3241:20005 outcome="completed" device_access_time_us=3641341
2026-09-21T19:05:35.714881Z DEBUG quip_miner_metal::combined: combined route completed engine="metal" job_id=study:3241:20006 outcome="completed" device_access_time_us=3641341
2026-09-21T19:05:35.714885Z DEBUG quip_miner_metal::combined: combined route completed engine="metal" job_id=study:3241:20007 outcome="completed" device_access_time_us=3641341
2026-09-21T19:05:35.714888Z DEBUG quip_miner_metal::combined: combined route completed engine="metal" job_id=study:3241:20008 outcome="completed" device_access_time_us=3641341
2026-09-21T19:05:35.714892Z DEBUG quip_miner_metal::combined: combined route completed engine="metal" job_id=study:3241:20009 outcome="completed" device_access_time_us=3641341
2026-09-21T19:05:35.714895Z DEBUG quip_miner_metal::combined: combined route completed engine="metal" job_id=study:3240:20005 outcome="completed" device_access_time_us=3641341
2026-09-21T19:05:35.714899Z DEBUG quip_miner_metal::combined: combined route completed engine="metal" job_id=study:3240:20006 outcome="completed" device_access_time_us=3641341
2026-09-21T19:05:35.714902Z DEBUG quip_miner_metal::combined: combined route completed engine="metal" job_id=study:3240:20007 outcome="completed" device_access_time_us=3641341
2026-09-21T19:05:35.714906Z DEBUG quip_miner_metal::combined: combined route completed engine="metal" job_id=study:3240:20008 outcome="completed" device_access_time_us=3641341
2026-09-21T19:05:35.714909Z DEBUG quip_miner_metal::combined: combined route completed engine="metal" job_id=study:3240:20009 outcome="completed" device_access_time_us=3641341
2026-09-21T19:05:35.714912Z DEBUG quip_miner_metal::combined: combined route completed engine="metal" job_id=study:3239:20005 outcome="completed" device_access_time_us=3641341
2026-09-21T19:05:35.714915Z DEBUG quip_miner_metal::combined: combined route completed engine="metal" job_id=study:3239:20006 outcome="completed" device_access_time_us=3641341
2026-09-21T19:05:35.714919Z DEBUG quip_miner_metal::combined: combined route completed engine="metal" job_id=study:3239:20007 outcome="completed" device_access_time_us=3641341
2026-09-21T19:05:35.714922Z DEBUG quip_miner_metal::combined: combined route completed engine="metal" job_id=study:3239:20008 outcome="completed" device_access_time_us=3641341
2026-09-21T19:05:35.714925Z DEBUG quip_miner_metal::combined: combined route completed engine="metal" job_id=study:3239:20009 outcome="completed" device_access_time_us=3641341
2026-09-21T19:05:35.714928Z DEBUG quip_miner_metal::combined: combined route completed engine="metal" job_id=study:3238:20005 outcome="completed" device_access_time_us=3641341
2026-09-21T19:05:35.717402Z DEBUG quip_miner_metal::combined: combined route assigned engine="metal" job_id=study:3234:20006 metal_eligible=true ane_eligible=true
2026-09-21T19:05:35.720049Z DEBUG quip_miner_metal::combined: combined route assigned engine="metal" job_id=study:3234:20007 metal_eligible=true ane_eligible=true
2026-09-21T19:05:35.722910Z DEBUG quip_miner_metal::combined: combined route assigned engine="metal" job_id=study:3234:20008 metal_eligible=true ane_eligible=true
2026-09-21T19:05:35.725732Z DEBUG quip_miner_metal::combined: combined route assigned engine="metal" job_id=study:3234:20009 metal_eligible=true ane_eligible=true
2026-09-21T19:05:35.728652Z DEBUG quip_miner_metal::combined: combined route assigned engine="metal" job_id=study:3233:20005 metal_eligible=true ane_eligible=true
2026-09-21T19:05:35.731587Z DEBUG quip_miner_metal::combined: combined route assigned engine="metal" job_id=study:3233:20006 metal_eligible=true ane_eligible=true
2026-09-21T19:05:35.734237Z DEBUG quip_miner_metal::combined: combined route assigned engine="metal" job_id=study:3233:20007 metal_eligible=true ane_eligible=true
2026-09-21T19:05:35.737282Z DEBUG quip_miner_metal::combined: combined route assigned engine="metal" job_id=study:3233:20008 metal_eligible=true ane_eligible=true
2026-09-21T19:05:35.740340Z DEBUG quip_miner_metal::combined: combined route assigned engine="metal" job_id=study:3233:20009 metal_eligible=true ane_eligible=true
2026-09-21T19:05:35.743467Z DEBUG quip_miner_metal::combined: combined route assigned engine="metal" job_id=study:3232:20005 metal_eligible=true ane_eligible=true
2026-09-21T19:05:35.746614Z DEBUG quip_miner_metal::combined: combined route assigned engine="metal" job_id=study:3232:20006 metal_eligible=true ane_eligible=true
2026-09-21T19:05:35.749623Z DEBUG quip_miner_metal::combined: combined route assigned engine="metal" job_id=study:3232:20007 metal_eligible=true ane_eligible=true
2026-09-21T19:05:35.752521Z DEBUG quip_miner_metal::combined: combined route assigned engine="metal" job_id=study:3232:20008 metal_eligible=true ane_eligible=true
2026-09-21T19:05:35.756074Z DEBUG quip_miner_metal::combined: combined route assigned engine="metal" job_id=study:3232:20009 metal_eligible=true ane_eligible=true
2026-09-21T19:05:35.760146Z DEBUG quip_miner_metal::combined: combined route assigned engine="metal" job_id=study:3231:20005 metal_eligible=true ane_eligible=true
2026-09-21T19:05:35.765640Z DEBUG quip_miner_metal::combined: combined route assigned engine="metal" job_id=study:3231:20006 metal_eligible=true ane_eligible=true
2026-09-21T19:05:35.769541Z DEBUG quip_miner_metal::combined: combined route assigned engine="metal" job_id=study:3231:20007 metal_eligible=true ane_eligible=true
2026-09-21T19:05:35.773123Z DEBUG quip_miner_metal::combined: combined route assigned engine="metal" job_id=study:3231:20008 metal_eligible=true ane_eligible=true
2026-09-21T19:05:35.776423Z DEBUG quip_miner_metal::combined: combined route assigned engine="metal" job_id=study:3231:20009 metal_eligible=true ane_eligible=true
2026-09-21T19:05:35.781127Z DEBUG quip_miner_metal::combined: combined route assigned engine="metal" job_id=study:3230:20005 metal_eligible=true ane_eligible=true
2026-09-21T19:05:35.866172Z DEBUG quip_miner_metal::combined: combined route completed engine="metal" job_id=study:3238:20006 outcome="completed" device_access_time_us=3445993
2026-09-21T19:05:35.866223Z DEBUG quip_miner_metal::combined: combined route completed engine="metal" job_id=study:3238:20007 outcome="completed" device_access_time_us=3445993
2026-09-21T19:05:35.866232Z DEBUG quip_miner_metal::combined: combined route completed engine="metal" job_id=study:3238:20008 outcome="completed" device_access_time_us=3445993
2026-09-21T19:05:35.866238Z DEBUG quip_miner_metal::combined: combined route completed engine="metal" job_id=study:3238:20009 outcome="completed" device_access_time_us=3445993
2026-09-21T19:05:35.866243Z DEBUG quip_miner_metal::combined: combined route completed engine="metal" job_id=study:3237:20005 outcome="completed" device_access_time_us=3445993
2026-09-21T19:05:35.866248Z DEBUG quip_miner_metal::combined: combined route completed engine="metal" job_id=study:3237:20006 outcome="completed" device_access_time_us=3445993
2026-09-21T19:05:35.866267Z DEBUG quip_miner_metal::combined: combined route completed engine="metal" job_id=study:3237:20007 outcome="completed" device_access_time_us=3445993
2026-09-21T19:05:35.866271Z DEBUG quip_miner_metal::combined: combined route completed engine="metal" job_id=study:3237:20008 outcome="completed" device_access_time_us=3445993
2026-09-21T19:05:35.866278Z DEBUG quip_miner_metal::combined: combined route completed engine="metal" job_id=study:3237:20009 outcome="completed" device_access_time_us=3445993
2026-09-21T19:05:35.866282Z DEBUG quip_miner_metal::combined: combined route completed engine="metal" job_id=study:3236:20005 outcome="completed" device_access_time_us=3445993
2026-09-21T19:05:35.866313Z DEBUG quip_miner_metal::combined: combined route completed engine="metal" job_id=study:3236:20006 outcome="completed" device_access_time_us=3445993
2026-09-21T19:05:35.866320Z DEBUG quip_miner_metal::combined: combined route completed engine="metal" job_id=study:3236:20007 outcome="completed" device_access_time_us=3445993
2026-09-21T19:05:35.866327Z DEBUG quip_miner_metal::combined: combined route completed engine="metal" job_id=study:3236:20008 outcome="completed" device_access_time_us=3445993
2026-09-21T19:05:35.866346Z DEBUG quip_miner_metal::combined: combined route completed engine="metal" job_id=study:3236:20009 outcome="completed" device_access_time_us=3445993
2026-09-21T19:05:35.866405Z DEBUG quip_miner_metal::combined: combined route completed engine="metal" job_id=study:3235:20005 outcome="completed" device_access_time_us=3445993
2026-09-21T19:05:35.866456Z DEBUG quip_miner_metal::combined: combined route completed engine="metal" job_id=study:3235:20006 outcome="completed" device_access_time_us=3445993
2026-09-21T19:05:35.866490Z DEBUG quip_miner_metal::combined: combined route completed engine="metal" job_id=study:3235:20007 outcome="completed" device_access_time_us=3445993
2026-09-21T19:05:35.866503Z DEBUG quip_miner_metal::combined: combined route completed engine="metal" job_id=study:3235:20008 outcome="completed" device_access_time_us=3445993
2026-09-21T19:05:35.866509Z DEBUG quip_miner_metal::combined: combined route completed engine="metal" job_id=study:3235:20009 outcome="completed" device_access_time_us=3445993
2026-09-21T19:05:35.866514Z DEBUG quip_miner_metal::combined: combined route completed engine="metal" job_id=study:3234:20005 outcome="completed" device_access_time_us=3445993
2026-09-21T19:05:35.871061Z DEBUG quip_miner_metal::combined: combined route assigned engine="metal" job_id=study:3230:20006 metal_eligible=true ane_eligible=true
2026-09-21T19:05:35.874409Z DEBUG quip_miner_metal::combined: combined route assigned engine="metal" job_id=study:3230:20007 metal_eligible=true ane_eligible=true
2026-09-21T19:05:35.877938Z DEBUG quip_miner_metal::combined: combined route assigned engine="metal" job_id=study:3230:20008 metal_eligible=true ane_eligible=true
2026-09-21T19:05:35.882535Z DEBUG quip_miner_metal::combined: combined route assigned engine="metal" job_id=study:3230:20009 metal_eligible=true ane_eligible=true
2026-09-21T19:05:35.886266Z DEBUG quip_miner_metal::combined: combined route assigned engine="metal" job_id=study:3229:20005 metal_eligible=true ane_eligible=true
2026-09-21T19:05:35.889937Z DEBUG quip_miner_metal::combined: combined route assigned engine="metal" job_id=study:3229:20006 metal_eligible=true ane_eligible=true
2026-09-21T19:05:35.892847Z DEBUG quip_miner_metal::combined: combined route assigned engine="metal" job_id=study:3229:20007 metal_eligible=true ane_eligible=true
2026-09-21T19:05:35.896257Z DEBUG quip_miner_metal::combined: combined route assigned engine="metal" job_id=study:3229:20008 metal_eligible=true ane_eligible=true
2026-09-21T19:05:35.899424Z DEBUG quip_miner_metal::combined: combined route assigned engine="metal" job_id=study:3229:20009 metal_eligible=true ane_eligible=true
2026-09-21T19:05:35.902406Z DEBUG quip_miner_metal::combined: combined route assigned engine="metal" job_id=study:3228:20005 metal_eligible=true ane_eligible=true
2026-09-21T19:05:35.905630Z DEBUG quip_miner_metal::combined: combined route assigned engine="metal" job_id=study:3228:20006 metal_eligible=true ane_eligible=true
2026-09-21T19:05:35.908505Z DEBUG quip_miner_metal::combined: combined route assigned engine="metal" job_id=study:3228:20007 metal_eligible=true ane_eligible=true
2026-09-21T19:05:35.912069Z DEBUG quip_miner_metal::combined: combined route assigned engine="metal" job_id=study:3228:20008 metal_eligible=true ane_eligible=true
2026-09-21T19:05:35.915956Z DEBUG quip_miner_metal::combined: combined route assigned engine="metal" job_id=study:3228:20009 metal_eligible=true ane_eligible=true
2026-09-21T19:05:35.919854Z DEBUG quip_miner_metal::combined: combined route assigned engine="metal" job_id=study:3227:20005 metal_eligible=true ane_eligible=true
2026-09-21T19:05:35.923834Z DEBUG quip_miner_metal::combined: combined route assigned engine="metal" job_id=study:3227:20006 metal_eligible=true ane_eligible=true
2026-09-21T19:05:35.928242Z DEBUG quip_miner_metal::combined: combined route assigned engine="metal" job_id=study:3227:20007 metal_eligible=true ane_eligible=true
2026-09-21T19:05:35.931884Z DEBUG quip_miner_metal::combined: combined route assigned engine="metal" job_id=study:3227:20008 metal_eligible=true ane_eligible=true
2026-09-21T19:05:35.935409Z DEBUG quip_miner_metal::combined: combined route assigned engine="metal" job_id=study:3227:20009 metal_eligible=true ane_eligible=true
2026-09-21T19:05:35.939536Z DEBUG quip_miner_metal::combined: combined route assigned engine="metal" job_id=study:3226:20005 metal_eligible=true ane_eligible=true
2026-09-21T19:05:39.451352Z DEBUG quip_miner_metal::combined: combined route completed engine="metal" job_id=study:3234:20006 outcome="completed" device_access_time_us=3256922
2026-09-21T19:05:39.451402Z DEBUG quip_miner_metal::combined: combined route completed engine="metal" job_id=study:3234:20007 outcome="completed" device_access_time_us=3256922
2026-09-21T19:05:39.451411Z DEBUG quip_miner_metal::combined: combined route completed engine="metal" job_id=study:3234:20008 outcome="completed" device_access_time_us=3256922
2026-09-21T19:05:39.451417Z DEBUG quip_miner_metal::combined: combined route completed engine="metal" job_id=study:3234:20009 outcome="completed" device_access_time_us=3256922
2026-09-21T19:05:39.451422Z DEBUG quip_miner_metal::combined: combined route completed engine="metal" job_id=study:3233:20005 outcome="completed" device_access_time_us=3256922
2026-09-21T19:05:39.451428Z DEBUG quip_miner_metal::combined: combined route completed engine="metal" job_id=study:3233:20006 outcome="completed" device_access_time_us=3256922
2026-09-21T19:05:39.451433Z DEBUG quip_miner_metal::combined: combined route completed engine="metal" job_id=study:3233:20007 outcome="completed" device_access_time_us=3256922
2026-09-21T19:05:39.451438Z DEBUG quip_miner_metal::combined: combined route completed engine="metal" job_id=study:3233:20008 outcome="completed" device_access_time_us=3256922
2026-09-21T19:05:39.451443Z DEBUG quip_miner_metal::combined: combined route completed engine="metal" job_id=study:3233:20009 outcome="completed" device_access_time_us=3256922
2026-09-21T19:05:39.451448Z DEBUG quip_miner_metal::combined: combined route completed engine="metal" job_id=study:3232:20005 outcome="completed" device_access_time_us=3256922
2026-09-21T19:05:39.451452Z DEBUG quip_miner_metal::combined: combined route completed engine="metal" job_id=study:3232:20006 outcome="completed" device_access_time_us=3256922
2026-09-21T19:05:39.451457Z DEBUG quip_miner_metal::combined: combined route completed engine="metal" job_id=study:3232:20007 outcome="completed" device_access_time_us=3256922
2026-09-21T19:05:39.451462Z DEBUG quip_miner_metal::combined: combined route completed engine="metal" job_id=study:3232:20008 outcome="completed" device_access_time_us=3256922
2026-09-21T19:05:39.451466Z DEBUG quip_miner_metal::combined: combined route completed engine="metal" job_id=study:3232:20009 outcome="completed" device_access_time_us=3256922
2026-09-21T19:05:39.451487Z DEBUG quip_miner_metal::combined: combined route completed engine="metal" job_id=study:3231:20005 outcome="completed" device_access_time_us=3256922
2026-09-21T19:05:39.451492Z DEBUG quip_miner_metal::combined: combined route completed engine="metal" job_id=study:3231:20006 outcome="completed" device_access_time_us=3256922
2026-09-21T19:05:39.451497Z DEBUG quip_miner_metal::combined: combined route completed engine="metal" job_id=study:3231:20007 outcome="completed" device_access_time_us=3256922
2026-09-21T19:05:39.451501Z DEBUG quip_miner_metal::combined: combined route completed engine="metal" job_id=study:3231:20008 outcome="completed" device_access_time_us=3256922
2026-09-21T19:05:39.451506Z DEBUG quip_miner_metal::combined: combined route completed engine="metal" job_id=study:3231:20009 outcome="completed" device_access_time_us=3256922
2026-09-21T19:05:39.451511Z DEBUG quip_miner_metal::combined: combined route completed engine="metal" job_id=study:3230:20005 outcome="completed" device_access_time_us=3256922
2026-09-21T19:05:39.469409Z DEBUG quip_miner_metal::combined: combined route assigned engine="metal" job_id=study:3226:20006 metal_eligible=true ane_eligible=true
2026-09-21T19:05:39.486125Z DEBUG quip_miner_metal::combined: combined route assigned engine="metal" job_id=study:3226:20007 metal_eligible=true ane_eligible=true
2026-09-21T19:05:39.490775Z DEBUG quip_miner_metal::combined: combined route assigned engine="metal" job_id=study:3226:20008 metal_eligible=true ane_eligible=true
2026-09-21T19:05:39.493588Z DEBUG quip_miner_metal::combined: combined route assigned engine="metal" job_id=study:3226:20009 metal_eligible=true ane_eligible=true
2026-09-21T19:05:39.499986Z DEBUG quip_miner_metal::combined: combined route assigned engine="metal" job_id=study:3225:20005 metal_eligible=true ane_eligible=true
2026-09-21T19:05:39.506157Z DEBUG quip_miner_metal::combined: combined route assigned engine="metal" job_id=study:3225:20006 metal_eligible=true ane_eligible=true
2026-09-21T19:05:39.506214Z DEBUG quip_miner_metal::combined: combined route completed engine="metal" job_id=study:3230:20006 outcome="completed" device_access_time_us=3234398
2026-09-21T19:05:39.506228Z DEBUG quip_miner_metal::combined: combined route completed engine="metal" job_id=study:3230:20007 outcome="completed" device_access_time_us=3234398
2026-09-21T19:05:39.506234Z DEBUG quip_miner_metal::combined: combined route completed engine="metal" job_id=study:3230:20008 outcome="completed" device_access_time_us=3234398
2026-09-21T19:05:39.506239Z DEBUG quip_miner_metal::combined: combined route completed engine="metal" job_id=study:3230:20009 outcome="completed" device_access_time_us=3234398
2026-09-21T19:05:39.506243Z DEBUG quip_miner_metal::combined: combined route completed engine="metal" job_id=study:3229:20005 outcome="completed" device_access_time_us=3234398
2026-09-21T19:05:39.506247Z DEBUG quip_miner_metal::combined: combined route completed engine="metal" job_id=study:3229:20006 outcome="completed" device_access_time_us=3234398
2026-09-21T19:05:39.506252Z DEBUG quip_miner_metal::combined: combined route completed engine="metal" job_id=study:3229:20007 outcome="completed" device_access_time_us=3234398
2026-09-21T19:05:39.506256Z DEBUG quip_miner_metal::combined: combined route completed engine="metal" job_id=study:3229:20008 outcome="completed" device_access_time_us=3234398
2026-09-21T19:05:39.506260Z DEBUG quip_miner_metal::combined: combined route completed engine="metal" job_id=study:3229:20009 outcome="completed" device_access_time_us=3234398
2026-09-21T19:05:39.506264Z DEBUG quip_miner_metal::combined: combined route completed engine="metal" job_id=study:3228:20005 outcome="completed" device_access_time_us=3234398
2026-09-21T19:05:39.506268Z DEBUG quip_miner_metal::combined: combined route completed engine="metal" job_id=study:3228:20006 outcome="completed" device_access_time_us=3234398
2026-09-21T19:05:39.506272Z DEBUG quip_miner_metal::combined: combined route completed engine="metal" job_id=study:3228:20007 outcome="completed" device_access_time_us=3234398
2026-09-21T19:05:39.506292Z DEBUG quip_miner_metal::combined: combined route completed engine="metal" job_id=study:3228:20008 outcome="completed" device_access_time_us=3234398
2026-09-21T19:05:39.506296Z DEBUG quip_miner_metal::combined: combined route completed engine="metal" job_id=study:3228:20009 outcome="completed" device_access_time_us=3234398
2026-09-21T19:05:39.506300Z DEBUG quip_miner_metal::combined: combined route completed engine="metal" job_id=study:3227:20005 outcome="completed" device_access_time_us=3234398
2026-09-21T19:05:39.506304Z DEBUG quip_miner_metal::combined: combined route completed engine="metal" job_id=study:3227:20006 outcome="completed" device_access_time_us=3234398
2026-09-21T19:05:39.506307Z DEBUG quip_miner_metal::combined: combined route completed engine="metal" job_id=study:3227:20007 outcome="completed" device_access_time_us=3234398
2026-09-21T19:05:39.506311Z DEBUG quip_miner_metal::combined: combined route completed engine="metal" job_id=study:3227:20008 outcome="completed" device_access_time_us=3234398
2026-09-21T19:05:39.506314Z DEBUG quip_miner_metal::combined: combined route completed engine="metal" job_id=study:3227:20009 outcome="completed" device_access_time_us=3234398
2026-09-21T19:05:39.506318Z DEBUG quip_miner_metal::combined: combined route completed engine="metal" job_id=study:3226:20005 outcome="completed" device_access_time_us=3234398
2026-09-21T19:05:39.509460Z DEBUG quip_miner_metal::combined: combined route assigned engine="metal" job_id=study:3225:20007 metal_eligible=true ane_eligible=true
2026-09-21T19:05:39.514155Z DEBUG quip_miner_metal::combined: combined route assigned engine="metal" job_id=study:3225:20008 metal_eligible=true ane_eligible=true
2026-09-21T19:05:39.520219Z DEBUG quip_miner_metal::combined: combined route assigned engine="metal" job_id=study:3225:20009 metal_eligible=true ane_eligible=true
2026-09-21T19:05:39.526252Z DEBUG quip_miner_metal::combined: combined route assigned engine="metal" job_id=study:3224:20005 metal_eligible=true ane_eligible=true
2026-09-21T19:05:39.530830Z DEBUG quip_miner_metal::combined: combined route assigned engine="metal" job_id=study:3224:20006 metal_eligible=true ane_eligible=true
2026-09-21T19:05:39.530875Z DEBUG quip_miner_metal::combined: combined route completed engine="ane" job_id=study:3250:20005 outcome="completed" device_access_time_us=10253603
2026-09-21T19:05:39.534762Z DEBUG quip_miner_metal::combined: combined route assigned engine="ane" job_id=study:3224:20007 metal_eligible=true ane_eligible=true
2026-09-21T19:05:39.538152Z DEBUG quip_miner_metal::combined: combined route assigned engine="metal" job_id=study:3224:20008 metal_eligible=true ane_eligible=true
2026-09-21T19:05:39.541209Z DEBUG quip_miner_metal::combined: combined route assigned engine="metal" job_id=study:3224:20009 metal_eligible=true ane_eligible=true
2026-09-21T19:05:39.544429Z DEBUG quip_miner_metal::combined: combined route assigned engine="metal" job_id=study:3223:20005 metal_eligible=true ane_eligible=true
2026-09-21T19:05:39.547558Z DEBUG quip_miner_metal::combined: combined route assigned engine="metal" job_id=study:3223:20006 metal_eligible=true ane_eligible=true
2026-09-21T19:05:39.550489Z DEBUG quip_miner_metal::combined: combined route assigned engine="metal" job_id=study:3223:20007 metal_eligible=true ane_eligible=true
2026-09-21T19:05:39.554015Z DEBUG quip_miner_metal::combined: combined route assigned engine="metal" job_id=study:3223:20008 metal_eligible=true ane_eligible=true
2026-09-21T19:05:39.557403Z DEBUG quip_miner_metal::combined: combined route assigned engine="metal" job_id=study:3223:20009 metal_eligible=true ane_eligible=true
2026-09-21T19:05:39.560072Z DEBUG quip_miner_metal::combined: combined route assigned engine="metal" job_id=study:3222:20005 metal_eligible=true ane_eligible=true
2026-09-21T19:05:39.563132Z DEBUG quip_miner_metal::combined: combined route assigned engine="metal" job_id=study:3222:20006 metal_eligible=true ane_eligible=true
2026-09-21T19:05:39.566379Z DEBUG quip_miner_metal::combined: combined route assigned engine="metal" job_id=study:3222:20007 metal_eligible=true ane_eligible=true
2026-09-21T19:05:39.569323Z DEBUG quip_miner_metal::combined: combined route assigned engine="metal" job_id=study:3222:20008 metal_eligible=true ane_eligible=true
2026-09-21T19:05:39.572201Z DEBUG quip_miner_metal::combined: combined route assigned engine="metal" job_id=study:3222:20009 metal_eligible=true ane_eligible=true
2026-09-21T19:05:39.575038Z DEBUG quip_miner_metal::combined: combined route assigned engine="metal" job_id=study:3221:20005 metal_eligible=true ane_eligible=true
2026-09-21T19:05:39.577891Z DEBUG quip_miner_metal::combined: combined route assigned engine="metal" job_id=study:3221:20006 metal_eligible=true ane_eligible=true
2026-09-21T19:05:39.580950Z DEBUG quip_miner_metal::combined: combined route assigned engine="metal" job_id=study:3221:20007 metal_eligible=true ane_eligible=true
2026-09-21T19:05:39.584062Z DEBUG quip_miner_metal::combined: combined route assigned engine="metal" job_id=study:3221:20008 metal_eligible=true ane_eligible=true
2026-09-21T19:05:39.586846Z DEBUG quip_miner_metal::combined: combined route assigned engine="metal" job_id=study:3221:20009 metal_eligible=true ane_eligible=true
2026-09-21T19:05:39.589814Z DEBUG quip_miner_metal::combined: combined route assigned engine="metal" job_id=study:3220:20005 metal_eligible=true ane_eligible=true
2026-09-21T19:05:39.592499Z DEBUG quip_miner_metal::combined: combined route assigned engine="metal" job_id=study:3220:20006 metal_eligible=true ane_eligible=true
2026-09-21T19:05:39.595436Z DEBUG quip_miner_metal::combined: combined route assigned engine="metal" job_id=study:3220:20007 metal_eligible=true ane_eligible=true
2026-09-21T19:05:39.598520Z DEBUG quip_miner_metal::combined: combined route assigned engine="metal" job_id=study:3220:20008 metal_eligible=true ane_eligible=true
2026-09-21T19:05:39.601217Z DEBUG quip_miner_metal::combined: combined route assigned engine="metal" job_id=study:3220:20009 metal_eligible=true ane_eligible=true
2026-09-21T19:05:39.604158Z DEBUG quip_miner_metal::combined: combined route assigned engine="metal" job_id=study:3219:20005 metal_eligible=true ane_eligible=true
2026-09-21T19:05:39.607131Z DEBUG quip_miner_metal::combined: combined route assigned engine="metal" job_id=study:3219:20006 metal_eligible=true ane_eligible=true
2026-09-21T19:05:39.610024Z DEBUG quip_miner_metal::combined: combined route assigned engine="metal" job_id=study:3219:20007 metal_eligible=true ane_eligible=true
2026-09-21T19:05:39.612839Z DEBUG quip_miner_metal::combined: combined route assigned engine="metal" job_id=study:3219:20008 metal_eligible=true ane_eligible=true
2026-09-21T19:05:39.615690Z DEBUG quip_miner_metal::combined: combined route assigned engine="metal" job_id=study:3219:20009 metal_eligible=true ane_eligible=true
2026-09-21T19:05:39.618519Z DEBUG quip_miner_metal::combined: combined route assigned engine="metal" job_id=study:3218:20005 metal_eligible=true ane_eligible=true
2026-09-21T19:05:39.621419Z DEBUG quip_miner_metal::combined: combined route assigned engine="metal" job_id=study:3218:20006 metal_eligible=true ane_eligible=true
2026-09-21T19:05:43.256918Z DEBUG quip_miner_metal::combined: combined route completed engine="metal" job_id=study:3226:20006 outcome="completed" device_access_time_us=3532885
2026-09-21T19:05:43.256972Z DEBUG quip_miner_metal::combined: combined route completed engine="metal" job_id=study:3226:20007 outcome="completed" device_access_time_us=3532885
2026-09-21T19:05:43.256986Z DEBUG quip_miner_metal::combined: combined route completed engine="metal" job_id=study:3226:20008 outcome="completed" device_access_time_us=3532885
2026-09-21T19:05:43.256993Z DEBUG quip_miner_metal::combined: combined route completed engine="metal" job_id=study:3226:20009 outcome="completed" device_access_time_us=3532885
2026-09-21T19:05:43.256998Z DEBUG quip_miner_metal::combined: combined route completed engine="metal" job_id=study:3225:20005 outcome="completed" device_access_time_us=3532885
2026-09-21T19:05:43.257021Z DEBUG quip_miner_metal::combined: combined route completed engine="metal" job_id=study:3225:20006 outcome="completed" device_access_time_us=3532885
2026-09-21T19:05:43.257026Z DEBUG quip_miner_metal::combined: combined route completed engine="metal" job_id=study:3225:20007 outcome="completed" device_access_time_us=3532885
2026-09-21T19:05:43.257031Z DEBUG quip_miner_metal::combined: combined route completed engine="metal" job_id=study:3225:20008 outcome="completed" device_access_time_us=3532885
2026-09-21T19:05:43.257036Z DEBUG quip_miner_metal::combined: combined route completed engine="metal" job_id=study:3225:20009 outcome="completed" device_access_time_us=3532885
2026-09-21T19:05:43.257039Z DEBUG quip_miner_metal::combined: combined route completed engine="metal" job_id=study:3224:20005 outcome="completed" device_access_time_us=3532885
2026-09-21T19:05:43.257043Z DEBUG quip_miner_metal::combined: combined route completed engine="metal" job_id=study:3224:20006 outcome="completed" device_access_time_us=3532885
2026-09-21T19:05:43.257047Z DEBUG quip_miner_metal::combined: combined route completed engine="metal" job_id=study:3224:20008 outcome="completed" device_access_time_us=3532885
2026-09-21T19:05:43.257050Z DEBUG quip_miner_metal::combined: combined route completed engine="metal" job_id=study:3224:20009 outcome="completed" device_access_time_us=3532885
2026-09-21T19:05:43.257054Z DEBUG quip_miner_metal::combined: combined route completed engine="metal" job_id=study:3223:20005 outcome="completed" device_access_time_us=3532885
2026-09-21T19:05:43.257058Z DEBUG quip_miner_metal::combined: combined route completed engine="metal" job_id=study:3223:20006 outcome="completed" device_access_time_us=3532885
2026-09-21T19:05:43.257062Z DEBUG quip_miner_metal::combined: combined route completed engine="metal" job_id=study:3223:20007 outcome="completed" device_access_time_us=3532885
2026-09-21T19:05:43.257066Z DEBUG quip_miner_metal::combined: combined route completed engine="metal" job_id=study:3223:20008 outcome="completed" device_access_time_us=3532885
2026-09-21T19:05:43.257070Z DEBUG quip_miner_metal::combined: combined route completed engine="metal" job_id=study:3223:20009 outcome="completed" device_access_time_us=3532885
2026-09-21T19:05:43.257074Z DEBUG quip_miner_metal::combined: combined route completed engine="metal" job_id=study:3222:20005 outcome="completed" device_access_time_us=3532885
2026-09-21T19:05:43.257077Z DEBUG quip_miner_metal::combined: combined route completed engine="metal" job_id=study:3222:20006 outcome="completed" device_access_time_us=3532885
2026-09-21T19:05:43.259961Z DEBUG quip_miner_metal::combined: combined route assigned engine="metal" job_id=study:3218:20007 metal_eligible=true ane_eligible=true
2026-09-21T19:05:43.262969Z DEBUG quip_miner_metal::combined: combined route assigned engine="metal" job_id=study:3218:20008 metal_eligible=true ane_eligible=true
2026-09-21T19:05:43.265933Z DEBUG quip_miner_metal::combined: combined route assigned engine="metal" job_id=study:3218:20009 metal_eligible=true ane_eligible=true
2026-09-21T19:05:43.268879Z DEBUG quip_miner_metal::combined: combined route assigned engine="metal" job_id=study:3217:20005 metal_eligible=true ane_eligible=true
2026-09-21T19:05:43.271703Z DEBUG quip_miner_metal::combined: combined route assigned engine="metal" job_id=study:3217:20006 metal_eligible=true ane_eligible=true
2026-09-21T19:05:43.274512Z DEBUG quip_miner_metal::combined: combined route assigned engine="metal" job_id=study:3217:20007 metal_eligible=true ane_eligible=true
2026-09-21T19:05:43.277382Z DEBUG quip_miner_metal::combined: combined route assigned engine="metal" job_id=study:3217:20008 metal_eligible=true ane_eligible=true
2026-09-21T19:05:43.280553Z DEBUG quip_miner_metal::combined: combined route assigned engine="metal" job_id=study:3217:20009 metal_eligible=true ane_eligible=true
2026-09-21T19:05:43.283377Z DEBUG quip_miner_metal::combined: combined route assigned engine="metal" job_id=study:3216:20005 metal_eligible=true ane_eligible=true
2026-09-21T19:05:43.286529Z DEBUG quip_miner_metal::combined: combined route assigned engine="metal" job_id=study:3216:20006 metal_eligible=true ane_eligible=true
2026-09-21T19:05:43.289329Z DEBUG quip_miner_metal::combined: combined route assigned engine="metal" job_id=study:3216:20007 metal_eligible=true ane_eligible=true
2026-09-21T19:05:43.292218Z DEBUG quip_miner_metal::combined: combined route assigned engine="metal" job_id=study:3216:20008 metal_eligible=true ane_eligible=true
2026-09-21T19:05:43.295378Z DEBUG quip_miner_metal::combined: combined route assigned engine="metal" job_id=study:3216:20009 metal_eligible=true ane_eligible=true
2026-09-21T19:05:43.298437Z DEBUG quip_miner_metal::combined: combined route assigned engine="metal" job_id=study:3215:20005 metal_eligible=true ane_eligible=true
2026-09-21T19:05:43.301715Z DEBUG quip_miner_metal::combined: combined route assigned engine="metal" job_id=study:3215:20006 metal_eligible=true ane_eligible=true
2026-09-21T19:05:43.306129Z DEBUG quip_miner_metal::combined: combined route assigned engine="metal" job_id=study:3215:20007 metal_eligible=true ane_eligible=true
2026-09-21T19:05:43.309487Z DEBUG quip_miner_metal::combined: combined route assigned engine="metal" job_id=study:3215:20008 metal_eligible=true ane_eligible=true
2026-09-21T19:05:43.312778Z DEBUG quip_miner_metal::combined: combined route assigned engine="metal" job_id=study:3215:20009 metal_eligible=true ane_eligible=true
2026-09-21T19:05:43.317621Z DEBUG quip_miner_metal::combined: combined route assigned engine="metal" job_id=study:3214:20005 metal_eligible=true ane_eligible=true
2026-09-21T19:05:43.323679Z DEBUG quip_miner_metal::combined: combined route assigned engine="metal" job_id=study:3214:20006 metal_eligible=true ane_eligible=true
2026-09-21T19:05:43.419458Z DEBUG quip_miner_metal::combined: combined route completed engine="metal" job_id=study:3222:20007 outcome="completed" device_access_time_us=3376228
2026-09-21T19:05:43.420381Z DEBUG quip_miner_metal::combined: combined route completed engine="metal" job_id=study:3222:20008 outcome="completed" device_access_time_us=3376228
2026-09-21T19:05:43.420434Z DEBUG quip_miner_metal::combined: combined route completed engine="metal" job_id=study:3222:20009 outcome="completed" device_access_time_us=3376228
2026-09-21T19:05:43.420459Z DEBUG quip_miner_metal::combined: combined route completed engine="metal" job_id=study:3221:20005 outcome="completed" device_access_time_us=3376228
2026-09-21T19:05:43.420808Z DEBUG quip_miner_metal::combined: combined route completed engine="metal" job_id=study:3221:20006 outcome="completed" device_access_time_us=3376228
2026-09-21T19:05:43.420823Z DEBUG quip_miner_metal::combined: combined route completed engine="metal" job_id=study:3221:20007 outcome="completed" device_access_time_us=3376228
2026-09-21T19:05:43.420829Z DEBUG quip_miner_metal::combined: combined route completed engine="metal" job_id=study:3221:20008 outcome="completed" device_access_time_us=3376228
2026-09-21T19:05:43.420834Z DEBUG quip_miner_metal::combined: combined route completed engine="metal" job_id=study:3221:20009 outcome="completed" device_access_time_us=3376228
2026-09-21T19:05:43.420839Z DEBUG quip_miner_metal::combined: combined route completed engine="metal" job_id=study:3220:20005 outcome="completed" device_access_time_us=3376228
2026-09-21T19:05:43.420843Z DEBUG quip_miner_metal::combined: combined route completed engine="metal" job_id=study:3220:20006 outcome="completed" device_access_time_us=3376228
2026-09-21T19:05:43.420847Z DEBUG quip_miner_metal::combined: combined route completed engine="metal" job_id=study:3220:20007 outcome="completed" device_access_time_us=3376228
2026-09-21T19:05:43.420851Z DEBUG quip_miner_metal::combined: combined route completed engine="metal" job_id=study:3220:20008 outcome="completed" device_access_time_us=3376228
2026-09-21T19:05:43.420855Z DEBUG quip_miner_metal::combined: combined route completed engine="metal" job_id=study:3220:20009 outcome="completed" device_access_time_us=3376228
2026-09-21T19:05:43.420874Z DEBUG quip_miner_metal::combined: combined route completed engine="metal" job_id=study:3219:20005 outcome="completed" device_access_time_us=3376228
2026-09-21T19:05:43.420878Z DEBUG quip_miner_metal::combined: combined route completed engine="metal" job_id=study:3219:20006 outcome="completed" device_access_time_us=3376228
2026-09-21T19:05:43.420882Z DEBUG quip_miner_metal::combined: combined route completed engine="metal" job_id=study:3219:20007 outcome="completed" device_access_time_us=3376228
2026-09-21T19:05:43.420953Z DEBUG quip_miner_metal::combined: combined route completed engine="metal" job_id=study:3219:20008 outcome="completed" device_access_time_us=3376228
2026-09-21T19:05:43.420961Z DEBUG quip_miner_metal::combined: combined route completed engine="metal" job_id=study:3219:20009 outcome="completed" device_access_time_us=3376228
2026-09-21T19:05:43.420967Z DEBUG quip_miner_metal::combined: combined route completed engine="metal" job_id=study:3218:20005 outcome="completed" device_access_time_us=3376228
2026-09-21T19:05:43.420973Z DEBUG quip_miner_metal::combined: combined route completed engine="metal" job_id=study:3218:20006 outcome="completed" device_access_time_us=3376228
2026-09-21T19:05:43.424434Z DEBUG quip_miner_metal::combined: combined route assigned engine="metal" job_id=study:3214:20007 metal_eligible=true ane_eligible=true
2026-09-21T19:05:43.429286Z DEBUG quip_miner_metal::combined: combined route assigned engine="metal" job_id=study:3214:20008 metal_eligible=true ane_eligible=true
2026-09-21T19:05:43.434254Z DEBUG quip_miner_metal::combined: combined route assigned engine="metal" job_id=study:3214:20009 metal_eligible=true ane_eligible=true
2026-09-21T19:05:43.439732Z DEBUG quip_miner_metal::combined: combined route assigned engine="metal" job_id=study:3213:20005 metal_eligible=true ane_eligible=true
2026-09-21T19:05:43.444375Z DEBUG quip_miner_metal::combined: combined route assigned engine="metal" job_id=study:3213:20006 metal_eligible=true ane_eligible=true
2026-09-21T19:05:43.447785Z DEBUG quip_miner_metal::combined: combined route assigned engine="metal" job_id=study:3213:20007 metal_eligible=true ane_eligible=true
2026-09-21T19:05:43.451233Z DEBUG quip_miner_metal::combined: combined route assigned engine="metal" job_id=study:3213:20008 metal_eligible=true ane_eligible=true
2026-09-21T19:05:43.457288Z DEBUG quip_miner_metal::combined: combined route assigned engine="metal" job_id=study:3213:20009 metal_eligible=true ane_eligible=true
2026-09-21T19:05:43.471683Z DEBUG quip_miner_metal::combined: combined route assigned engine="metal" job_id=study:3212:20005 metal_eligible=true ane_eligible=true
2026-09-21T19:05:43.479251Z DEBUG quip_miner_metal::combined: combined route assigned engine="metal" job_id=study:3212:20006 metal_eligible=true ane_eligible=true
2026-09-21T19:05:43.485380Z DEBUG quip_miner_metal::combined: combined route assigned engine="metal" job_id=study:3212:20007 metal_eligible=true ane_eligible=true
2026-09-21T19:05:43.489440Z DEBUG quip_miner_metal::combined: combined route assigned engine="metal" job_id=study:3212:20008 metal_eligible=true ane_eligible=true
2026-09-21T19:05:43.492764Z DEBUG quip_miner_metal::combined: combined route assigned engine="metal" job_id=study:3212:20009 metal_eligible=true ane_eligible=true
2026-09-21T19:05:43.497332Z DEBUG quip_miner_metal::combined: combined route assigned engine="metal" job_id=study:3211:20005 metal_eligible=true ane_eligible=true
2026-09-21T19:05:43.500815Z DEBUG quip_miner_metal::combined: combined route assigned engine="metal" job_id=study:3211:20006 metal_eligible=true ane_eligible=true
2026-09-21T19:05:43.505022Z DEBUG quip_miner_metal::combined: combined route assigned engine="metal" job_id=study:3211:20007 metal_eligible=true ane_eligible=true
2026-09-21T19:05:43.508986Z DEBUG quip_miner_metal::combined: combined route assigned engine="metal" job_id=study:3211:20008 metal_eligible=true ane_eligible=true
2026-09-21T19:05:43.513011Z DEBUG quip_miner_metal::combined: combined route assigned engine="metal" job_id=study:3211:20009 metal_eligible=true ane_eligible=true
2026-09-21T19:05:43.516740Z DEBUG quip_miner_metal::combined: combined route assigned engine="metal" job_id=study:3210:20005 metal_eligible=true ane_eligible=true
2026-09-21T19:05:43.523487Z DEBUG quip_miner_metal::combined: combined route assigned engine="metal" job_id=study:3210:20006 metal_eligible=true ane_eligible=true
2026-09-21T19:05:47.406753Z DEBUG quip_miner_metal::combined: combined route completed engine="metal" job_id=study:3218:20007 outcome="completed" device_access_time_us=3484447
2026-09-21T19:05:47.406803Z DEBUG quip_miner_metal::combined: combined route completed engine="metal" job_id=study:3218:20008 outcome="completed" device_access_time_us=3484447
2026-09-21T19:05:47.406813Z DEBUG quip_miner_metal::combined: combined route completed engine="metal" job_id=study:3218:20009 outcome="completed" device_access_time_us=3484447
2026-09-21T19:05:47.406819Z DEBUG quip_miner_metal::combined: combined route completed engine="metal" job_id=study:3217:20005 outcome="completed" device_access_time_us=3484447
2026-09-21T19:05:47.406824Z DEBUG quip_miner_metal::combined: combined route completed engine="metal" job_id=study:3217:20006 outcome="completed" device_access_time_us=3484447
2026-09-21T19:05:47.406828Z DEBUG quip_miner_metal::combined: combined route completed engine="metal" job_id=study:3217:20007 outcome="completed" device_access_time_us=3484447
2026-09-21T19:05:47.406833Z DEBUG quip_miner_metal::combined: combined route completed engine="metal" job_id=study:3217:20008 outcome="completed" device_access_time_us=3484447
2026-09-21T19:05:47.406837Z DEBUG quip_miner_metal::combined: combined route completed engine="metal" job_id=study:3217:20009 outcome="completed" device_access_time_us=3484447
2026-09-21T19:05:47.406841Z DEBUG quip_miner_metal::combined: combined route completed engine="metal" job_id=study:3216:20005 outcome="completed" device_access_time_us=3484447
2026-09-21T19:05:47.406845Z DEBUG quip_miner_metal::combined: combined route completed engine="metal" job_id=study:3216:20006 outcome="completed" device_access_time_us=3484447
2026-09-21T19:05:47.406849Z DEBUG quip_miner_metal::combined: combined route completed engine="metal" job_id=study:3216:20007 outcome="completed" device_access_time_us=3484447
2026-09-21T19:05:47.406853Z DEBUG quip_miner_metal::combined: combined route completed engine="metal" job_id=study:3216:20008 outcome="completed" device_access_time_us=3484447
2026-09-21T19:05:47.406857Z DEBUG quip_miner_metal::combined: combined route completed engine="metal" job_id=study:3216:20009 outcome="completed" device_access_time_us=3484447
2026-09-21T19:05:47.406861Z DEBUG quip_miner_metal::combined: combined route completed engine="metal" job_id=study:3215:20005 outcome="completed" device_access_time_us=3484447
2026-09-21T19:05:47.406864Z DEBUG quip_miner_metal::combined: combined route completed engine="metal" job_id=study:3215:20006 outcome="completed" device_access_time_us=3484447
2026-09-21T19:05:47.406868Z DEBUG quip_miner_metal::combined: combined route completed engine="metal" job_id=study:3215:20007 outcome="completed" device_access_time_us=3484447
2026-09-21T19:05:47.406871Z DEBUG quip_miner_metal::combined: combined route completed engine="metal" job_id=study:3215:20008 outcome="completed" device_access_time_us=3484447
2026-09-21T19:05:47.406875Z DEBUG quip_miner_metal::combined: combined route completed engine="metal" job_id=study:3215:20009 outcome="completed" device_access_time_us=3484447
2026-09-21T19:05:47.406879Z DEBUG quip_miner_metal::combined: combined route completed engine="metal" job_id=study:3214:20005 outcome="completed" device_access_time_us=3484447
2026-09-21T19:05:47.406882Z DEBUG quip_miner_metal::combined: combined route completed engine="metal" job_id=study:3214:20006 outcome="completed" device_access_time_us=3484447
2026-09-21T19:05:47.410382Z DEBUG quip_miner_metal::combined: combined route assigned engine="metal" job_id=study:3210:20007 metal_eligible=true ane_eligible=true
2026-09-21T19:05:47.418322Z DEBUG quip_miner_metal::combined: combined route assigned engine="metal" job_id=study:3210:20008 metal_eligible=true ane_eligible=true
2026-09-21T19:05:47.422587Z DEBUG quip_miner_metal::combined: combined route assigned engine="metal" job_id=study:3210:20009 metal_eligible=true ane_eligible=true
2026-09-21T19:05:47.427990Z DEBUG quip_miner_metal::combined: combined route assigned engine="metal" job_id=study:3209:20005 metal_eligible=true ane_eligible=true
2026-09-21T19:05:47.431724Z DEBUG quip_miner_metal::combined: combined route assigned engine="metal" job_id=study:3209:20006 metal_eligible=true ane_eligible=true
2026-09-21T19:05:47.436533Z DEBUG quip_miner_metal::combined: combined route assigned engine="metal" job_id=study:3209:20007 metal_eligible=true ane_eligible=true
2026-09-21T19:05:47.492892Z DEBUG quip_miner_metal::combined: combined route assigned engine="metal" job_id=study:3209:20008 metal_eligible=true ane_eligible=true
2026-09-21T19:05:47.502260Z DEBUG quip_miner_metal::combined: combined route assigned engine="metal" job_id=study:3209:20009 metal_eligible=true ane_eligible=true
2026-09-21T19:05:47.505153Z DEBUG quip_miner_metal::combined: combined route assigned engine="metal" job_id=study:3208:20005 metal_eligible=true ane_eligible=true
2026-09-21T19:05:47.508583Z DEBUG quip_miner_metal::combined: combined route assigned engine="metal" job_id=study:3208:20006 metal_eligible=true ane_eligible=true
2026-09-21T19:05:47.508609Z DEBUG quip_miner_metal::combined: combined route completed engine="metal" job_id=study:3214:20007 outcome="completed" device_access_time_us=3658130
2026-09-21T19:05:47.508618Z DEBUG quip_miner_metal::combined: combined route completed engine="metal" job_id=study:3214:20008 outcome="completed" device_access_time_us=3658130
2026-09-21T19:05:47.508624Z DEBUG quip_miner_metal::combined: combined route completed engine="metal" job_id=study:3214:20009 outcome="completed" device_access_time_us=3658130
2026-09-21T19:05:47.508629Z DEBUG quip_miner_metal::combined: combined route completed engine="metal" job_id=study:3213:20005 outcome="completed" device_access_time_us=3658130
2026-09-21T19:05:47.508633Z DEBUG quip_miner_metal::combined: combined route completed engine="metal" job_id=study:3213:20006 outcome="completed" device_access_time_us=3658130
2026-09-21T19:05:47.508637Z DEBUG quip_miner_metal::combined: combined route completed engine="metal" job_id=study:3213:20007 outcome="completed" device_access_time_us=3658130
2026-09-21T19:05:47.508642Z DEBUG quip_miner_metal::combined: combined route completed engine="metal" job_id=study:3213:20008 outcome="completed" device_access_time_us=3658130
2026-09-21T19:05:47.508646Z DEBUG quip_miner_metal::combined: combined route completed engine="metal" job_id=study:3213:20009 outcome="completed" device_access_time_us=3658130
2026-09-21T19:05:47.508650Z DEBUG quip_miner_metal::combined: combined route completed engine="metal" job_id=study:3212:20005 outcome="completed" device_access_time_us=3658130
2026-09-21T19:05:47.508654Z DEBUG quip_miner_metal::combined: combined route completed engine="metal" job_id=study:3212:20006 outcome="completed" device_access_time_us=3658130
2026-09-21T19:05:47.508658Z DEBUG quip_miner_metal::combined: combined route completed engine="metal" job_id=study:3212:20007 outcome="completed" device_access_time_us=3658130
2026-09-21T19:05:47.508662Z DEBUG quip_miner_metal::combined: combined route completed engine="metal" job_id=study:3212:20008 outcome="completed" device_access_time_us=3658130
2026-09-21T19:05:47.508666Z DEBUG quip_miner_metal::combined: combined route completed engine="metal" job_id=study:3212:20009 outcome="completed" device_access_time_us=3658130
2026-09-21T19:05:47.508669Z DEBUG quip_miner_metal::combined: combined route completed engine="metal" job_id=study:3211:20005 outcome="completed" device_access_time_us=3658130
2026-09-21T19:05:47.508673Z DEBUG quip_miner_metal::combined: combined route completed engine="metal" job_id=study:3211:20006 outcome="completed" device_access_time_us=3658130
2026-09-21T19:05:47.508693Z DEBUG quip_miner_metal::combined: combined route completed engine="metal" job_id=study:3211:20007 outcome="completed" device_access_time_us=3658130
2026-09-21T19:05:47.508697Z DEBUG quip_miner_metal::combined: combined route completed engine="metal" job_id=study:3211:20008 outcome="completed" device_access_time_us=3658130
2026-09-21T19:05:47.508700Z DEBUG quip_miner_metal::combined: combined route completed engine="metal" job_id=study:3211:20009 outcome="completed" device_access_time_us=3658130
2026-09-21T19:05:47.508704Z DEBUG quip_miner_metal::combined: combined route completed engine="metal" job_id=study:3210:20005 outcome="completed" device_access_time_us=3658130
2026-09-21T19:05:47.508708Z DEBUG quip_miner_metal::combined: combined route completed engine="metal" job_id=study:3210:20006 outcome="completed" device_access_time_us=3658130
2026-09-21T19:05:47.511754Z DEBUG quip_miner_metal::combined: combined route assigned engine="metal" job_id=study:3208:20007 metal_eligible=true ane_eligible=true
2026-09-21T19:05:47.515177Z DEBUG quip_miner_metal::combined: combined route assigned engine="metal" job_id=study:3208:20008 metal_eligible=true ane_eligible=true
2026-09-21T19:05:47.518638Z DEBUG quip_miner_metal::combined: combined route assigned engine="metal" job_id=study:3208:20009 metal_eligible=true ane_eligible=true
2026-09-21T19:05:47.521537Z DEBUG quip_miner_metal::combined: combined route assigned engine="metal" job_id=study:3207:20005 metal_eligible=true ane_eligible=true
2026-09-21T19:05:47.525701Z DEBUG quip_miner_metal::combined: combined route assigned engine="metal" job_id=study:3207:20006 metal_eligible=true ane_eligible=true
2026-09-21T19:05:47.528545Z DEBUG quip_miner_metal::combined: combined route assigned engine="metal" job_id=study:3207:20007 metal_eligible=true ane_eligible=true
2026-09-21T19:05:47.532932Z DEBUG quip_miner_metal::combined: combined route assigned engine="metal" job_id=study:3207:20008 metal_eligible=true ane_eligible=true
2026-09-21T19:05:47.536516Z DEBUG quip_miner_metal::combined: combined route assigned engine="metal" job_id=study:3207:20009 metal_eligible=true ane_eligible=true
2026-09-21T19:05:47.541146Z DEBUG quip_miner_metal::combined: combined route assigned engine="metal" job_id=study:3206:20005 metal_eligible=true ane_eligible=true
2026-09-21T19:05:47.545258Z DEBUG quip_miner_metal::combined: combined route assigned engine="metal" job_id=study:3206:20006 metal_eligible=true ane_eligible=true
2026-09-21T19:05:47.549733Z DEBUG quip_miner_metal::combined: combined route assigned engine="metal" job_id=study:3206:20007 metal_eligible=true ane_eligible=true
2026-09-21T19:05:47.552871Z DEBUG quip_miner_metal::combined: combined route assigned engine="metal" job_id=study:3206:20008 metal_eligible=true ane_eligible=true
2026-09-21T19:05:47.557195Z DEBUG quip_miner_metal::combined: combined route assigned engine="metal" job_id=study:3206:20009 metal_eligible=true ane_eligible=true
2026-09-21T19:05:47.560210Z DEBUG quip_miner_metal::combined: combined route assigned engine="metal" job_id=study:3205:20005 metal_eligible=true ane_eligible=true
2026-09-21T19:05:47.563038Z DEBUG quip_miner_metal::combined: combined route assigned engine="metal" job_id=study:3205:20006 metal_eligible=true ane_eligible=true
2026-09-21T19:05:47.566780Z DEBUG quip_miner_metal::combined: combined route assigned engine="metal" job_id=study:3205:20007 metal_eligible=true ane_eligible=true
2026-09-21T19:05:47.570136Z DEBUG quip_miner_metal::combined: combined route assigned engine="metal" job_id=study:3205:20008 metal_eligible=true ane_eligible=true
2026-09-21T19:05:47.573774Z DEBUG quip_miner_metal::combined: combined route assigned engine="metal" job_id=study:3205:20009 metal_eligible=true ane_eligible=true
2026-09-21T19:05:47.578602Z DEBUG quip_miner_metal::combined: combined route assigned engine="metal" job_id=study:3204:20005 metal_eligible=true ane_eligible=true
2026-09-21T19:05:47.585798Z DEBUG quip_miner_metal::combined: combined route assigned engine="metal" job_id=study:3204:20006 metal_eligible=true ane_eligible=true
2026-09-21T19:05:47.589193Z DEBUG quip_miner_metal::combined: combined route assigned engine="metal" job_id=study:3204:20007 metal_eligible=true ane_eligible=true
2026-09-21T19:05:47.592394Z DEBUG quip_miner_metal::combined: combined route assigned engine="metal" job_id=study:3204:20008 metal_eligible=true ane_eligible=true
2026-09-21T19:05:47.595894Z DEBUG quip_miner_metal::combined: combined route assigned engine="metal" job_id=study:3204:20009 metal_eligible=true ane_eligible=true
2026-09-21T19:05:47.600519Z DEBUG quip_miner_metal::combined: combined route assigned engine="metal" job_id=study:3203:20005 metal_eligible=true ane_eligible=true
2026-09-21T19:05:47.604524Z DEBUG quip_miner_metal::combined: combined route assigned engine="metal" job_id=study:3203:20006 metal_eligible=true ane_eligible=true
2026-09-21T19:05:47.607935Z DEBUG quip_miner_metal::combined: combined route assigned engine="metal" job_id=study:3203:20007 metal_eligible=true ane_eligible=true
2026-09-21T19:05:47.610741Z DEBUG quip_miner_metal::combined: combined route assigned engine="metal" job_id=study:3203:20008 metal_eligible=true ane_eligible=true
2026-09-21T19:05:47.614343Z DEBUG quip_miner_metal::combined: combined route assigned engine="metal" job_id=study:3203:20009 metal_eligible=true ane_eligible=true
2026-09-21T19:05:47.619395Z DEBUG quip_miner_metal::combined: combined route assigned engine="metal" job_id=study:3202:20005 metal_eligible=true ane_eligible=true
2026-09-21T19:05:47.623532Z DEBUG quip_miner_metal::combined: combined route assigned engine="metal" job_id=study:3202:20006 metal_eligible=true ane_eligible=true
2026-09-21T19:05:51.191072Z DEBUG quip_miner_metal::combined: combined route completed engine="metal" job_id=study:3210:20007 outcome="completed" device_access_time_us=3471329
2026-09-21T19:05:51.191143Z DEBUG quip_miner_metal::combined: combined route completed engine="metal" job_id=study:3210:20008 outcome="completed" device_access_time_us=3471329
2026-09-21T19:05:51.191158Z DEBUG quip_miner_metal::combined: combined route completed engine="metal" job_id=study:3210:20009 outcome="completed" device_access_time_us=3471329
2026-09-21T19:05:51.191165Z DEBUG quip_miner_metal::combined: combined route completed engine="metal" job_id=study:3209:20005 outcome="completed" device_access_time_us=3471329
2026-09-21T19:05:51.191171Z DEBUG quip_miner_metal::combined: combined route completed engine="metal" job_id=study:3209:20006 outcome="completed" device_access_time_us=3471329
2026-09-21T19:05:51.191177Z DEBUG quip_miner_metal::combined: combined route completed engine="metal" job_id=study:3209:20007 outcome="completed" device_access_time_us=3471329
2026-09-21T19:05:51.191182Z DEBUG quip_miner_metal::combined: combined route completed engine="metal" job_id=study:3209:20008 outcome="completed" device_access_time_us=3471329
2026-09-21T19:05:51.191188Z DEBUG quip_miner_metal::combined: combined route completed engine="metal" job_id=study:3209:20009 outcome="completed" device_access_time_us=3471329
2026-09-21T19:05:51.191194Z DEBUG quip_miner_metal::combined: combined route completed engine="metal" job_id=study:3208:20005 outcome="completed" device_access_time_us=3471329
2026-09-21T19:05:51.191199Z DEBUG quip_miner_metal::combined: combined route completed engine="metal" job_id=study:3208:20006 outcome="completed" device_access_time_us=3471329
2026-09-21T19:05:51.191204Z DEBUG quip_miner_metal::combined: combined route completed engine="metal" job_id=study:3208:20007 outcome="completed" device_access_time_us=3471329
2026-09-21T19:05:51.191209Z DEBUG quip_miner_metal::combined: combined route completed engine="metal" job_id=study:3208:20008 outcome="completed" device_access_time_us=3471329
2026-09-21T19:05:51.191214Z DEBUG quip_miner_metal::combined: combined route completed engine="metal" job_id=study:3208:20009 outcome="completed" device_access_time_us=3471329
2026-09-21T19:05:51.191219Z DEBUG quip_miner_metal::combined: combined route completed engine="metal" job_id=study:3207:20005 outcome="completed" device_access_time_us=3471329
2026-09-21T19:05:51.191224Z DEBUG quip_miner_metal::combined: combined route completed engine="metal" job_id=study:3207:20006 outcome="completed" device_access_time_us=3471329
2026-09-21T19:05:51.191229Z DEBUG quip_miner_metal::combined: combined route completed engine="metal" job_id=study:3207:20007 outcome="completed" device_access_time_us=3471329
2026-09-21T19:05:51.191234Z DEBUG quip_miner_metal::combined: combined route completed engine="metal" job_id=study:3207:20008 outcome="completed" device_access_time_us=3471329
2026-09-21T19:05:51.191239Z DEBUG quip_miner_metal::combined: combined route completed engine="metal" job_id=study:3207:20009 outcome="completed" device_access_time_us=3471329
2026-09-21T19:05:51.191243Z DEBUG quip_miner_metal::combined: combined route completed engine="metal" job_id=study:3206:20005 outcome="completed" device_access_time_us=3471329
2026-09-21T19:05:51.191248Z DEBUG quip_miner_metal::combined: combined route completed engine="metal" job_id=study:3206:20006 outcome="completed" device_access_time_us=3471329
2026-09-21T19:05:51.195126Z DEBUG quip_miner_metal::combined: combined route assigned engine="metal" job_id=study:3202:20007 metal_eligible=true ane_eligible=true
2026-09-21T19:05:51.198394Z DEBUG quip_miner_metal::combined: combined route assigned engine="metal" job_id=study:3202:20008 metal_eligible=true ane_eligible=true
2026-09-21T19:05:51.201617Z DEBUG quip_miner_metal::combined: combined route assigned engine="metal" job_id=study:3202:20009 metal_eligible=true ane_eligible=true
2026-09-21T19:05:51.204479Z DEBUG quip_miner_metal::combined: combined route assigned engine="metal" job_id=study:3201:20005 metal_eligible=true ane_eligible=true
2026-09-21T19:05:51.207503Z DEBUG quip_miner_metal::combined: combined route assigned engine="metal" job_id=study:3201:20006 metal_eligible=true ane_eligible=true
2026-09-21T19:05:51.210378Z DEBUG quip_miner_metal::combined: combined route assigned engine="metal" job_id=study:3201:20007 metal_eligible=true ane_eligible=true
2026-09-21T19:05:51.213529Z DEBUG quip_miner_metal::combined: combined route assigned engine="metal" job_id=study:3201:20008 metal_eligible=true ane_eligible=true
2026-09-21T19:05:51.216610Z DEBUG quip_miner_metal::combined: combined route assigned engine="metal" job_id=study:3201:20009 metal_eligible=true ane_eligible=true
2026-09-21T19:05:51.219605Z DEBUG quip_miner_metal::combined: combined route assigned engine="metal" job_id=study:3200:20005 metal_eligible=true ane_eligible=true
2026-09-21T19:05:51.222531Z DEBUG quip_miner_metal::combined: combined route assigned engine="metal" job_id=study:3200:20006 metal_eligible=true ane_eligible=true
2026-09-21T19:05:51.225843Z DEBUG quip_miner_metal::combined: combined route assigned engine="metal" job_id=study:3200:20007 metal_eligible=true ane_eligible=true
2026-09-21T19:05:51.228956Z DEBUG quip_miner_metal::combined: combined route assigned engine="metal" job_id=study:3200:20008 metal_eligible=true ane_eligible=true
2026-09-21T19:05:51.232210Z DEBUG quip_miner_metal::combined: combined route assigned engine="metal" job_id=study:3200:20009 metal_eligible=true ane_eligible=true
2026-09-21T19:05:51.236476Z DEBUG quip_miner_metal::combined: combined route assigned engine="metal" job_id=study:3199:20005 metal_eligible=true ane_eligible=true
2026-09-21T19:05:51.240593Z DEBUG quip_miner_metal::combined: combined route assigned engine="metal" job_id=study:3199:20006 metal_eligible=true ane_eligible=true
2026-09-21T19:05:51.243967Z DEBUG quip_miner_metal::combined: combined route assigned engine="metal" job_id=study:3199:20007 metal_eligible=true ane_eligible=true
2026-09-21T19:05:51.247151Z DEBUG quip_miner_metal::combined: combined route assigned engine="metal" job_id=study:3199:20008 metal_eligible=true ane_eligible=true
2026-09-21T19:05:51.267441Z DEBUG quip_miner_metal::combined: combined route assigned engine="metal" job_id=study:3199:20009 metal_eligible=true ane_eligible=true
2026-09-21T19:05:51.278224Z DEBUG quip_miner_metal::combined: combined route assigned engine="metal" job_id=study:3198:20005 metal_eligible=true ane_eligible=true
2026-09-21T19:05:51.283263Z DEBUG quip_miner_metal::combined: combined route assigned engine="metal" job_id=study:3198:20006 metal_eligible=true ane_eligible=true
2026-09-21T19:05:51.284547Z DEBUG quip_miner_metal::combined: combined route completed engine="metal" job_id=study:3206:20007 outcome="completed" device_access_time_us=3290524
2026-09-21T19:05:51.284559Z DEBUG quip_miner_metal::combined: combined route completed engine="metal" job_id=study:3206:20008 outcome="completed" device_access_time_us=3290524
2026-09-21T19:05:51.284566Z DEBUG quip_miner_metal::combined: combined route completed engine="metal" job_id=study:3206:20009 outcome="completed" device_access_time_us=3290524
2026-09-21T19:05:51.284572Z DEBUG quip_miner_metal::combined: combined route completed engine="metal" job_id=study:3205:20005 outcome="completed" device_access_time_us=3290524
2026-09-21T19:05:51.284577Z DEBUG quip_miner_metal::combined: combined route completed engine="metal" job_id=study:3205:20006 outcome="completed" device_access_time_us=3290524
2026-09-21T19:05:51.284583Z DEBUG quip_miner_metal::combined: combined route completed engine="metal" job_id=study:3205:20007 outcome="completed" device_access_time_us=3290524
2026-09-21T19:05:51.284587Z DEBUG quip_miner_metal::combined: combined route completed engine="metal" job_id=study:3205:20008 outcome="completed" device_access_time_us=3290524
2026-09-21T19:05:51.284591Z DEBUG quip_miner_metal::combined: combined route completed engine="metal" job_id=study:3205:20009 outcome="completed" device_access_time_us=3290524
2026-09-21T19:05:51.284595Z DEBUG quip_miner_metal::combined: combined route completed engine="metal" job_id=study:3204:20005 outcome="completed" device_access_time_us=3290524
2026-09-21T19:05:51.284599Z DEBUG quip_miner_metal::combined: combined route completed engine="metal" job_id=study:3204:20006 outcome="completed" device_access_time_us=3290524
2026-09-21T19:05:51.284603Z DEBUG quip_miner_metal::combined: combined route completed engine="metal" job_id=study:3204:20007 outcome="completed" device_access_time_us=3290524
2026-09-21T19:05:51.284606Z DEBUG quip_miner_metal::combined: combined route completed engine="metal" job_id=study:3204:20008 outcome="completed" device_access_time_us=3290524
2026-09-21T19:05:51.284610Z DEBUG quip_miner_metal::combined: combined route completed engine="metal" job_id=study:3204:20009 outcome="completed" device_access_time_us=3290524
2026-09-21T19:05:51.284614Z DEBUG quip_miner_metal::combined: combined route completed engine="metal" job_id=study:3203:20005 outcome="completed" device_access_time_us=3290524
2026-09-21T19:05:51.284617Z DEBUG quip_miner_metal::combined: combined route completed engine="metal" job_id=study:3203:20006 outcome="completed" device_access_time_us=3290524
2026-09-21T19:05:51.284621Z DEBUG quip_miner_metal::combined: combined route completed engine="metal" job_id=study:3203:20007 outcome="completed" device_access_time_us=3290524
2026-09-21T19:05:51.284625Z DEBUG quip_miner_metal::combined: combined route completed engine="metal" job_id=study:3203:20008 outcome="completed" device_access_time_us=3290524
2026-09-21T19:05:51.284630Z DEBUG quip_miner_metal::combined: combined route completed engine="metal" job_id=study:3203:20009 outcome="completed" device_access_time_us=3290524
2026-09-21T19:05:51.284635Z DEBUG quip_miner_metal::combined: combined route completed engine="metal" job_id=study:3202:20005 outcome="completed" device_access_time_us=3290524
2026-09-21T19:05:51.284638Z DEBUG quip_miner_metal::combined: combined route completed engine="metal" job_id=study:3202:20006 outcome="completed" device_access_time_us=3290524
2026-09-21T19:05:51.288160Z DEBUG quip_miner_metal::combined: combined route assigned engine="metal" job_id=study:3198:20007 metal_eligible=true ane_eligible=true
2026-09-21T19:05:51.291579Z DEBUG quip_miner_metal::combined: combined route assigned engine="metal" job_id=study:3198:20008 metal_eligible=true ane_eligible=true
2026-09-21T19:05:51.294932Z DEBUG quip_miner_metal::combined: combined route assigned engine="metal" job_id=study:3198:20009 metal_eligible=true ane_eligible=true
2026-09-21T19:05:51.297694Z DEBUG quip_miner_metal::combined: combined route assigned engine="metal" job_id=study:3197:20005 metal_eligible=true ane_eligible=true
2026-09-21T19:05:51.301574Z DEBUG quip_miner_metal::combined: combined route assigned engine="metal" job_id=study:3197:20006 metal_eligible=true ane_eligible=true
2026-09-21T19:05:51.304654Z DEBUG quip_miner_metal::combined: combined route assigned engine="metal" job_id=study:3197:20007 metal_eligible=true ane_eligible=true
2026-09-21T19:05:51.307766Z DEBUG quip_miner_metal::combined: combined route assigned engine="metal" job_id=study:3197:20008 metal_eligible=true ane_eligible=true
2026-09-21T19:05:51.310737Z DEBUG quip_miner_metal::combined: combined route assigned engine="metal" job_id=study:3197:20009 metal_eligible=true ane_eligible=true
2026-09-21T19:05:51.313725Z DEBUG quip_miner_metal::combined: combined route assigned engine="metal" job_id=study:3196:20005 metal_eligible=true ane_eligible=true
2026-09-21T19:05:51.317147Z DEBUG quip_miner_metal::combined: combined route assigned engine="metal" job_id=study:3196:20006 metal_eligible=true ane_eligible=true
2026-09-21T19:05:51.320144Z DEBUG quip_miner_metal::combined: combined route assigned engine="metal" job_id=study:3196:20007 metal_eligible=true ane_eligible=true
2026-09-21T19:05:51.322934Z DEBUG quip_miner_metal::combined: combined route assigned engine="metal" job_id=study:3196:20008 metal_eligible=true ane_eligible=true
2026-09-21T19:05:51.325977Z DEBUG quip_miner_metal::combined: combined route assigned engine="metal" job_id=study:3196:20009 metal_eligible=true ane_eligible=true
2026-09-21T19:05:51.329630Z DEBUG quip_miner_metal::combined: combined route assigned engine="metal" job_id=study:3195:20005 metal_eligible=true ane_eligible=true
2026-09-21T19:05:51.333179Z DEBUG quip_miner_metal::combined: combined route assigned engine="metal" job_id=study:3195:20006 metal_eligible=true ane_eligible=true
2026-09-21T19:05:51.336850Z DEBUG quip_miner_metal::combined: combined route assigned engine="metal" job_id=study:3195:20007 metal_eligible=true ane_eligible=true
2026-09-21T19:05:51.339971Z DEBUG quip_miner_metal::combined: combined route assigned engine="metal" job_id=study:3195:20008 metal_eligible=true ane_eligible=true
2026-09-21T19:05:51.343346Z DEBUG quip_miner_metal::combined: combined route assigned engine="metal" job_id=study:3195:20009 metal_eligible=true ane_eligible=true
2026-09-21T19:05:51.346878Z DEBUG quip_miner_metal::combined: combined route assigned engine="metal" job_id=study:3194:20005 metal_eligible=true ane_eligible=true
2026-09-21T19:05:51.350499Z DEBUG quip_miner_metal::combined: combined route assigned engine="metal" job_id=study:3194:20006 metal_eligible=true ane_eligible=true
2026-09-21T19:05:51.949671Z DEBUG quip_miner_metal::combined: combined route completed engine="ane" job_id=study:3224:20007 outcome="completed" device_access_time_us=12413823
2026-09-21T19:05:51.952644Z DEBUG quip_miner_metal::combined: combined route assigned engine="ane" job_id=study:3194:20007 metal_eligible=true ane_eligible=true
2026-09-21T19:05:55.072373Z DEBUG quip_miner_metal::combined: combined route completed engine="metal" job_id=study:3202:20007 outcome="completed" device_access_time_us=3651226
2026-09-21T19:05:55.072415Z DEBUG quip_miner_metal::combined: combined route completed engine="metal" job_id=study:3202:20008 outcome="completed" device_access_time_us=3651226
2026-09-21T19:05:55.072423Z DEBUG quip_miner_metal::combined: combined route completed engine="metal" job_id=study:3202:20009 outcome="completed" device_access_time_us=3651226
2026-09-21T19:05:55.072428Z DEBUG quip_miner_metal::combined: combined route completed engine="metal" job_id=study:3201:20005 outcome="completed" device_access_time_us=3651226
2026-09-21T19:05:55.072432Z DEBUG quip_miner_metal::combined: combined route completed engine="metal" job_id=study:3201:20006 outcome="completed" device_access_time_us=3651226
2026-09-21T19:05:55.072436Z DEBUG quip_miner_metal::combined: combined route completed engine="metal" job_id=study:3201:20007 outcome="completed" device_access_time_us=3651226
2026-09-21T19:05:55.072440Z DEBUG quip_miner_metal::combined: combined route completed engine="metal" job_id=study:3201:20008 outcome="completed" device_access_time_us=3651226
2026-09-21T19:05:55.072444Z DEBUG quip_miner_metal::combined: combined route completed engine="metal" job_id=study:3201:20009 outcome="completed" device_access_time_us=3651226
2026-09-21T19:05:55.072448Z DEBUG quip_miner_metal::combined: combined route completed engine="metal" job_id=study:3200:20005 outcome="completed" device_access_time_us=3651226
2026-09-21T19:05:55.072451Z DEBUG quip_miner_metal::combined: combined route completed engine="metal" job_id=study:3200:20006 outcome="completed" device_access_time_us=3651226
2026-09-21T19:05:55.072454Z DEBUG quip_miner_metal::combined: combined route completed engine="metal" job_id=study:3200:20007 outcome="completed" device_access_time_us=3651226
2026-09-21T19:05:55.072457Z DEBUG quip_miner_metal::combined: combined route completed engine="metal" job_id=study:3200:20008 outcome="completed" device_access_time_us=3651226
2026-09-21T19:05:55.072476Z DEBUG quip_miner_metal::combined: combined route completed engine="metal" job_id=study:3200:20009 outcome="completed" device_access_time_us=3651226
2026-09-21T19:05:55.072493Z DEBUG quip_miner_metal::combined: combined route completed engine="metal" job_id=study:3199:20005 outcome="completed" device_access_time_us=3651226
2026-09-21T19:05:55.072500Z DEBUG quip_miner_metal::combined: combined route completed engine="metal" job_id=study:3199:20006 outcome="completed" device_access_time_us=3651226
2026-09-21T19:05:55.072504Z DEBUG quip_miner_metal::combined: combined route completed engine="metal" job_id=study:3199:20007 outcome="completed" device_access_time_us=3651226
2026-09-21T19:05:55.072508Z DEBUG quip_miner_metal::combined: combined route completed engine="metal" job_id=study:3199:20008 outcome="completed" device_access_time_us=3651226
2026-09-21T19:05:55.072512Z DEBUG quip_miner_metal::combined: combined route completed engine="metal" job_id=study:3199:20009 outcome="completed" device_access_time_us=3651226
2026-09-21T19:05:55.072516Z DEBUG quip_miner_metal::combined: combined route completed engine="metal" job_id=study:3198:20005 outcome="completed" device_access_time_us=3651226
2026-09-21T19:05:55.072520Z DEBUG quip_miner_metal::combined: combined route completed engine="metal" job_id=study:3198:20006 outcome="completed" device_access_time_us=3651226
2026-09-21T19:05:55.075377Z DEBUG quip_miner_metal::combined: combined route assigned engine="metal" job_id=study:3194:20008 metal_eligible=true ane_eligible=true
2026-09-21T19:05:55.078434Z DEBUG quip_miner_metal::combined: combined route assigned engine="metal" job_id=study:3194:20009 metal_eligible=true ane_eligible=true
2026-09-21T19:05:55.081376Z DEBUG quip_miner_metal::combined: combined route assigned engine="metal" job_id=study:3193:20005 metal_eligible=true ane_eligible=true
2026-09-21T19:05:55.084375Z DEBUG quip_miner_metal::combined: combined route assigned engine="metal" job_id=study:3193:20006 metal_eligible=true ane_eligible=true
2026-09-21T19:05:55.087449Z DEBUG quip_miner_metal::combined: combined route assigned engine="metal" job_id=study:3193:20007 metal_eligible=true ane_eligible=true
2026-09-21T19:05:55.090298Z DEBUG quip_miner_metal::combined: combined route assigned engine="metal" job_id=study:3193:20008 metal_eligible=true ane_eligible=true
2026-09-21T19:05:55.093190Z DEBUG quip_miner_metal::combined: combined route assigned engine="metal" job_id=study:3193:20009 metal_eligible=true ane_eligible=true
2026-09-21T19:05:55.096020Z DEBUG quip_miner_metal::combined: combined route assigned engine="metal" job_id=study:3192:20005 metal_eligible=true ane_eligible=true
2026-09-21T19:05:55.099232Z DEBUG quip_miner_metal::combined: combined route assigned engine="metal" job_id=study:3192:20006 metal_eligible=true ane_eligible=true
2026-09-21T19:05:55.102619Z DEBUG quip_miner_metal::combined: combined route assigned engine="metal" job_id=study:3192:20007 metal_eligible=true ane_eligible=true
2026-09-21T19:05:55.105485Z DEBUG quip_miner_metal::combined: combined route assigned engine="metal" job_id=study:3192:20008 metal_eligible=true ane_eligible=true
2026-09-21T19:05:55.108380Z DEBUG quip_miner_metal::combined: combined route assigned engine="metal" job_id=study:3192:20009 metal_eligible=true ane_eligible=true
2026-09-21T19:05:55.111737Z DEBUG quip_miner_metal::combined: combined route assigned engine="metal" job_id=study:3191:20005 metal_eligible=true ane_eligible=true
2026-09-21T19:05:55.115071Z DEBUG quip_miner_metal::combined: combined route assigned engine="metal" job_id=study:3191:20006 metal_eligible=true ane_eligible=true
2026-09-21T19:05:55.118489Z DEBUG quip_miner_metal::combined: combined route assigned engine="metal" job_id=study:3191:20007 metal_eligible=true ane_eligible=true
2026-09-21T19:05:55.121723Z DEBUG quip_miner_metal::combined: combined route assigned engine="metal" job_id=study:3191:20008 metal_eligible=true ane_eligible=true
2026-09-21T19:05:55.126289Z DEBUG quip_miner_metal::combined: combined route assigned engine="metal" job_id=study:3191:20009 metal_eligible=true ane_eligible=true
2026-09-21T19:05:55.205912Z DEBUG quip_miner_metal::combined: combined route completed engine="metal" job_id=study:3198:20007 outcome="completed" device_access_time_us=3387364
2026-09-21T19:05:55.205940Z DEBUG quip_miner_metal::combined: combined route completed engine="metal" job_id=study:3198:20008 outcome="completed" device_access_time_us=3387364
2026-09-21T19:05:55.205947Z DEBUG quip_miner_metal::combined: combined route completed engine="metal" job_id=study:3198:20009 outcome="completed" device_access_time_us=3387364
2026-09-21T19:05:55.205952Z DEBUG quip_miner_metal::combined: combined route completed engine="metal" job_id=study:3197:20005 outcome="completed" device_access_time_us=3387364
2026-09-21T19:05:55.205957Z DEBUG quip_miner_metal::combined: combined route completed engine="metal" job_id=study:3197:20006 outcome="completed" device_access_time_us=3387364
2026-09-21T19:05:55.205961Z DEBUG quip_miner_metal::combined: combined route completed engine="metal" job_id=study:3197:20007 outcome="completed" device_access_time_us=3387364
2026-09-21T19:05:55.205965Z DEBUG quip_miner_metal::combined: combined route completed engine="metal" job_id=study:3197:20008 outcome="completed" device_access_time_us=3387364
2026-09-21T19:05:55.205970Z DEBUG quip_miner_metal::combined: combined route completed engine="metal" job_id=study:3197:20009 outcome="completed" device_access_time_us=3387364
2026-09-21T19:05:55.205974Z DEBUG quip_miner_metal::combined: combined route completed engine="metal" job_id=study:3196:20005 outcome="completed" device_access_time_us=3387364
2026-09-21T19:05:55.205978Z DEBUG quip_miner_metal::combined: combined route completed engine="metal" job_id=study:3196:20006 outcome="completed" device_access_time_us=3387364
2026-09-21T19:05:55.205982Z DEBUG quip_miner_metal::combined: combined route completed engine="metal" job_id=study:3196:20007 outcome="completed" device_access_time_us=3387364
2026-09-21T19:05:55.205985Z DEBUG quip_miner_metal::combined: combined route completed engine="metal" job_id=study:3196:20008 outcome="completed" device_access_time_us=3387364
2026-09-21T19:05:55.205989Z DEBUG quip_miner_metal::combined: combined route completed engine="metal" job_id=study:3196:20009 outcome="completed" device_access_time_us=3387364
2026-09-21T19:05:55.205992Z DEBUG quip_miner_metal::combined: combined route completed engine="metal" job_id=study:3195:20005 outcome="completed" device_access_time_us=3387364
2026-09-21T19:05:55.205996Z DEBUG quip_miner_metal::combined: combined route completed engine="metal" job_id=study:3195:20006 outcome="completed" device_access_time_us=3387364
2026-09-21T19:05:55.206003Z DEBUG quip_miner_metal::combined: combined route completed engine="metal" job_id=study:3195:20007 outcome="completed" device_access_time_us=3387364
2026-09-21T19:05:55.206007Z DEBUG quip_miner_metal::combined: combined route completed engine="metal" job_id=study:3195:20008 outcome="completed" device_access_time_us=3387364
2026-09-21T19:05:55.206011Z DEBUG quip_miner_metal::combined: combined route completed engine="metal" job_id=study:3195:20009 outcome="completed" device_access_time_us=3387364
2026-09-21T19:05:55.206014Z DEBUG quip_miner_metal::combined: combined route completed engine="metal" job_id=study:3194:20005 outcome="completed" device_access_time_us=3387364
2026-09-21T19:05:55.206018Z DEBUG quip_miner_metal::combined: combined route completed engine="metal" job_id=study:3194:20006 outcome="completed" device_access_time_us=3387364
2026-09-21T19:05:57.357059Z DEBUG quip_miner_metal::combined: combined route completed engine="metal" job_id=study:3194:20008 outcome="completed" device_access_time_us=1999299
2026-09-21T19:05:57.357207Z DEBUG quip_miner_metal::combined: combined route completed engine="metal" job_id=study:3194:20009 outcome="completed" device_access_time_us=1999299
2026-09-21T19:05:57.357217Z DEBUG quip_miner_metal::combined: combined route completed engine="metal" job_id=study:3193:20005 outcome="completed" device_access_time_us=1999299
2026-09-21T19:05:57.357223Z DEBUG quip_miner_metal::combined: combined route completed engine="metal" job_id=study:3193:20006 outcome="completed" device_access_time_us=1999299
2026-09-21T19:05:57.357229Z DEBUG quip_miner_metal::combined: combined route completed engine="metal" job_id=study:3193:20007 outcome="completed" device_access_time_us=1999299
2026-09-21T19:05:57.357234Z DEBUG quip_miner_metal::combined: combined route completed engine="metal" job_id=study:3193:20008 outcome="completed" device_access_time_us=1999299
2026-09-21T19:05:57.357239Z DEBUG quip_miner_metal::combined: combined route completed engine="metal" job_id=study:3193:20009 outcome="completed" device_access_time_us=1999299
2026-09-21T19:05:57.357244Z DEBUG quip_miner_metal::combined: combined route completed engine="metal" job_id=study:3192:20005 outcome="completed" device_access_time_us=1999299
2026-09-21T19:05:57.357249Z DEBUG quip_miner_metal::combined: combined route completed engine="metal" job_id=study:3192:20006 outcome="completed" device_access_time_us=1999299
2026-09-21T19:05:57.357254Z DEBUG quip_miner_metal::combined: combined route completed engine="metal" job_id=study:3192:20007 outcome="completed" device_access_time_us=1999299
2026-09-21T19:05:57.357258Z DEBUG quip_miner_metal::combined: combined route completed engine="metal" job_id=study:3192:20008 outcome="completed" device_access_time_us=1999299
2026-09-21T19:05:57.357263Z DEBUG quip_miner_metal::combined: combined route completed engine="metal" job_id=study:3192:20009 outcome="completed" device_access_time_us=1999299
2026-09-21T19:05:57.357267Z DEBUG quip_miner_metal::combined: combined route completed engine="metal" job_id=study:3191:20005 outcome="completed" device_access_time_us=1999299
2026-09-21T19:05:57.357272Z DEBUG quip_miner_metal::combined: combined route completed engine="metal" job_id=study:3191:20006 outcome="completed" device_access_time_us=1999299
2026-09-21T19:05:57.357277Z DEBUG quip_miner_metal::combined: combined route completed engine="metal" job_id=study:3191:20007 outcome="completed" device_access_time_us=1999299
2026-09-21T19:05:57.357282Z DEBUG quip_miner_metal::combined: combined route completed engine="metal" job_id=study:3191:20008 outcome="completed" device_access_time_us=1999299
2026-09-21T19:05:57.357286Z DEBUG quip_miner_metal::combined: combined route completed engine="metal" job_id=study:3191:20009 outcome="completed" device_access_time_us=1999299
2026-09-21T19:05:59.052875Z DEBUG quip_miner_metal::combined: combined route completed engine="ane" job_id=study:3194:20007 outcome="completed" device_access_time_us=7099675
