2026-09-21T19:04:17.674739Z DEBUG quip_miner_metal::combined: combined route assigned engine="metal" job_id=warmup:3250:20000:0 metal_eligible=true ane_eligible=false
2026-09-21T19:04:18.732715Z DEBUG quip_miner_metal::combined: combined route completed engine="metal" job_id=warmup:3250:20000:0 outcome="completed" device_access_time_us=971974
2026-09-21T19:04:18.745339Z DEBUG quip_miner_metal::combined: combined route assigned engine="metal" job_id=study:3250:20000 metal_eligible=true ane_eligible=false
2026-09-21T19:04:18.745482Z DEBUG quip_miner_metal::combined: combined route assigned engine="metal" job_id=study:3250:20001 metal_eligible=true ane_eligible=false
2026-09-21T19:04:18.746853Z DEBUG quip_miner_metal::combined: combined route assigned engine="metal" job_id=study:3250:20002 metal_eligible=true ane_eligible=false
2026-09-21T19:04:18.746974Z DEBUG quip_miner_metal::combined: combined route assigned engine="metal" job_id=study:3250:20003 metal_eligible=true ane_eligible=false
2026-09-21T19:04:18.748349Z DEBUG quip_miner_metal::combined: combined route assigned engine="metal" job_id=study:3250:20004 metal_eligible=true ane_eligible=false
2026-09-21T19:04:18.748483Z DEBUG quip_miner_metal::combined: combined route assigned engine="metal" job_id=study:3249:20000 metal_eligible=true ane_eligible=false
2026-09-21T19:04:18.749854Z DEBUG quip_miner_metal::combined: combined route assigned engine="metal" job_id=study:3249:20001 metal_eligible=true ane_eligible=false
2026-09-21T19:04:18.749968Z DEBUG quip_miner_metal::combined: combined route assigned engine="metal" job_id=study:3249:20002 metal_eligible=true ane_eligible=false
2026-09-21T19:04:18.751339Z DEBUG quip_miner_metal::combined: combined route assigned engine="metal" job_id=study:3249:20003 metal_eligible=true ane_eligible=false
2026-09-21T19:04:18.751458Z DEBUG quip_miner_metal::combined: combined route assigned engine="metal" job_id=study:3249:20004 metal_eligible=true ane_eligible=false
2026-09-21T19:04:18.752830Z DEBUG quip_miner_metal::combined: combined route assigned engine="metal" job_id=study:3248:20000 metal_eligible=true ane_eligible=false
2026-09-21T19:04:18.752943Z DEBUG quip_miner_metal::combined: combined route assigned engine="metal" job_id=study:3248:20001 metal_eligible=true ane_eligible=false
2026-09-21T19:04:18.754307Z DEBUG quip_miner_metal::combined: combined route assigned engine="metal" job_id=study:3248:20002 metal_eligible=true ane_eligible=false
2026-09-21T19:04:18.754417Z DEBUG quip_miner_metal::combined: combined route assigned engine="metal" job_id=study:3248:20003 metal_eligible=true ane_eligible=false
2026-09-21T19:04:18.755783Z DEBUG quip_miner_metal::combined: combined route assigned engine="metal" job_id=study:3248:20004 metal_eligible=true ane_eligible=false
2026-09-21T19:04:18.755899Z DEBUG quip_miner_metal::combined: combined route assigned engine="metal" job_id=study:3247:20000 metal_eligible=true ane_eligible=false
2026-09-21T19:04:18.757265Z DEBUG quip_miner_metal::combined: combined route assigned engine="metal" job_id=study:3247:20001 metal_eligible=true ane_eligible=false
2026-09-21T19:04:18.757381Z DEBUG quip_miner_metal::combined: combined route assigned engine="metal" job_id=study:3247:20002 metal_eligible=true ane_eligible=false
2026-09-21T19:04:18.758744Z DEBUG quip_miner_metal::combined: combined route assigned engine="metal" job_id=study:3247:20003 metal_eligible=true ane_eligible=false
2026-09-21T19:04:18.758854Z DEBUG quip_miner_metal::combined: combined route assigned engine="metal" job_id=study:3247:20004 metal_eligible=true ane_eligible=false
2026-09-21T19:04:18.760181Z DEBUG quip_miner_metal::combined: combined route assigned engine="metal" job_id=study:3246:20000 metal_eligible=true ane_eligible=false
2026-09-21T19:04:18.760297Z DEBUG quip_miner_metal::combined: combined route assigned engine="metal" job_id=study:3246:20001 metal_eligible=true ane_eligible=false
2026-09-21T19:04:18.761669Z DEBUG quip_miner_metal::combined: combined route assigned engine="metal" job_id=study:3246:20002 metal_eligible=true ane_eligible=false
2026-09-21T19:04:18.761810Z DEBUG quip_miner_metal::combined: combined route assigned engine="metal" job_id=study:3246:20003 metal_eligible=true ane_eligible=false
2026-09-21T19:04:18.763175Z DEBUG quip_miner_metal::combined: combined route assigned engine="metal" job_id=study:3246:20004 metal_eligible=true ane_eligible=false
2026-09-21T19:04:18.763289Z DEBUG quip_miner_metal::combined: combined route assigned engine="metal" job_id=study:3245:20000 metal_eligible=true ane_eligible=false
2026-09-21T19:04:18.764487Z DEBUG quip_miner_metal::combined: combined route assigned engine="metal" job_id=study:3245:20001 metal_eligible=true ane_eligible=false
2026-09-21T19:04:18.764602Z DEBUG quip_miner_metal::combined: combined route assigned engine="metal" job_id=study:3245:20002 metal_eligible=true ane_eligible=false
2026-09-21T19:04:18.765966Z DEBUG quip_miner_metal::combined: combined route assigned engine="metal" job_id=study:3245:20003 metal_eligible=true ane_eligible=false
2026-09-21T19:04:18.766075Z DEBUG quip_miner_metal::combined: combined route assigned engine="metal" job_id=study:3245:20004 metal_eligible=true ane_eligible=false
2026-09-21T19:04:18.767444Z DEBUG quip_miner_metal::combined: combined route assigned engine="metal" job_id=study:3244:20000 metal_eligible=true ane_eligible=false
2026-09-21T19:04:18.767557Z DEBUG quip_miner_metal::combined: combined route assigned engine="metal" job_id=study:3244:20001 metal_eligible=true ane_eligible=false
2026-09-21T19:04:18.768924Z DEBUG quip_miner_metal::combined: combined route assigned engine="metal" job_id=study:3244:20002 metal_eligible=true ane_eligible=false
2026-09-21T19:04:18.769035Z DEBUG quip_miner_metal::combined: combined route assigned engine="metal" job_id=study:3244:20003 metal_eligible=true ane_eligible=false
2026-09-21T19:04:18.770403Z DEBUG quip_miner_metal::combined: combined route assigned engine="metal" job_id=study:3244:20004 metal_eligible=true ane_eligible=false
2026-09-21T19:04:18.770514Z DEBUG quip_miner_metal::combined: combined route assigned engine="metal" job_id=study:3243:20000 metal_eligible=true ane_eligible=false
2026-09-21T19:04:18.771884Z DEBUG quip_miner_metal::combined: combined route assigned engine="metal" job_id=study:3243:20001 metal_eligible=true ane_eligible=false
2026-09-21T19:04:18.771996Z DEBUG quip_miner_metal::combined: combined route assigned engine="metal" job_id=study:3243:20002 metal_eligible=true ane_eligible=false
2026-09-21T19:04:18.773367Z DEBUG quip_miner_metal::combined: combined route assigned engine="metal" job_id=study:3243:20003 metal_eligible=true ane_eligible=false
2026-09-21T19:04:18.773485Z DEBUG quip_miner_metal::combined: combined route assigned engine="metal" job_id=study:3243:20004 metal_eligible=true ane_eligible=false
2026-09-21T19:04:21.277580Z DEBUG quip_miner_metal::combined: combined route completed engine="metal" job_id=study:3250:20000 outcome="completed" device_access_time_us=2247655
2026-09-21T19:04:21.277613Z DEBUG quip_miner_metal::combined: combined route completed engine="metal" job_id=study:3250:20001 outcome="completed" device_access_time_us=2247655
2026-09-21T19:04:21.277620Z DEBUG quip_miner_metal::combined: combined route completed engine="metal" job_id=study:3250:20002 outcome="completed" device_access_time_us=2247655
2026-09-21T19:04:21.277625Z DEBUG quip_miner_metal::combined: combined route completed engine="metal" job_id=study:3250:20003 outcome="completed" device_access_time_us=2247655
2026-09-21T19:04:21.277628Z DEBUG quip_miner_metal::combined: combined route completed engine="metal" job_id=study:3250:20004 outcome="completed" device_access_time_us=2247655
2026-09-21T19:04:21.277631Z DEBUG quip_miner_metal::combined: combined route completed engine="metal" job_id=study:3249:20000 outcome="completed" device_access_time_us=2247655
2026-09-21T19:04:21.277634Z DEBUG quip_miner_metal::combined: combined route completed engine="metal" job_id=study:3249:20001 outcome="completed" device_access_time_us=2247655
2026-09-21T19:04:21.277636Z DEBUG quip_miner_metal::combined: combined route completed engine="metal" job_id=study:3249:20002 outcome="completed" device_access_time_us=2247655
2026-09-21T19:04:21.277648Z DEBUG quip_miner_metal::combined: combined route completed engine="metal" job_id=study:3249:20003 outcome="completed" device_access_time_us=2247655
2026-09-21T19:04:21.277651Z DEBUG quip_miner_metal::combined: combined route completed engine="metal" job_id=study:3249:20004 outcome="completed" device_access_time_us=2247655
2026-09-21T19:04:21.277653Z DEBUG quip_miner_metal::combined: combined route completed engine="metal" job_id=study:3248:20000 outcome="completed" device_access_time_us=2247655
2026-09-21T19:04:21.277656Z DEBUG quip_miner_metal::combined: combined route completed engine="metal" job_id=study:3248:20001 outcome="completed" device_access_time_us=2247655
2026-09-21T19:04:21.277658Z DEBUG quip_miner_metal::combined: combined route completed engine="metal" job_id=study:3248:20002 outcome="completed" device_access_time_us=2247655
2026-09-21T19:04:21.277661Z DEBUG quip_miner_metal::combined: combined route completed engine="metal" job_id=study:3248:20003 outcome="completed" device_access_time_us=2247655
2026-09-21T19:04:21.277663Z DEBUG quip_miner_metal::combined: combined route completed engine="metal" job_id=study:3248:20004 outcome="completed" device_access_time_us=2247655
2026-09-21T19:04:21.277666Z DEBUG quip_miner_metal::combined: combined route completed engine="metal" job_id=study:3247:20000 outcome="completed" device_access_time_us=2247655
2026-09-21T19:04:21.277668Z DEBUG quip_miner_metal::combined: combined route completed engine="metal" job_id=study:3247:20001 outcome="completed" device_access_time_us=2247655
2026-09-21T19:04:21.277671Z DEBUG quip_miner_metal::combined: combined route completed engine="metal" job_id=study:3247:20002 outcome="completed" device_access_time_us=2247655
2026-09-21T19:04:21.277673Z DEBUG quip_miner_metal::combined: combined route completed engine="metal" job_id=study:3247:20003 outcome="completed" device_access_time_us=2247655
2026-09-21T19:04:21.277675Z DEBUG quip_miner_metal::combined: combined route completed engine="metal" job_id=study:3247:20004 outcome="completed" device_access_time_us=2247655
2026-09-21T19:04:21.277678Z DEBUG quip_miner_metal::combined: combined route assigned engine="metal" job_id=study:3242:20000 metal_eligible=true ane_eligible=false
2026-09-21T19:04:21.277839Z DEBUG quip_miner_metal::combined: combined route assigned engine="metal" job_id=study:3242:20001 metal_eligible=true ane_eligible=false
2026-09-21T19:04:21.277994Z DEBUG quip_miner_metal::combined: combined route assigned engine="metal" job_id=study:3242:20002 metal_eligible=true ane_eligible=false
2026-09-21T19:04:21.278117Z DEBUG quip_miner_metal::combined: combined route assigned engine="metal" job_id=study:3242:20003 metal_eligible=true ane_eligible=false
2026-09-21T19:04:21.278281Z DEBUG quip_miner_metal::combined: combined route assigned engine="metal" job_id=study:3242:20004 metal_eligible=true ane_eligible=false
2026-09-21T19:04:21.278440Z DEBUG quip_miner_metal::combined: combined route assigned engine="metal" job_id=study:3241:20000 metal_eligible=true ane_eligible=false
2026-09-21T19:04:21.278596Z DEBUG quip_miner_metal::combined: combined route assigned engine="metal" job_id=study:3241:20001 metal_eligible=true ane_eligible=false
2026-09-21T19:04:21.278825Z DEBUG quip_miner_metal::combined: combined route assigned engine="metal" job_id=study:3241:20002 metal_eligible=true ane_eligible=false
2026-09-21T19:04:21.279052Z DEBUG quip_miner_metal::combined: combined route assigned engine="metal" job_id=study:3241:20003 metal_eligible=true ane_eligible=false
2026-09-21T19:04:21.279246Z DEBUG quip_miner_metal::combined: combined route assigned engine="metal" job_id=study:3241:20004 metal_eligible=true ane_eligible=false
2026-09-21T19:04:21.279433Z DEBUG quip_miner_metal::combined: combined route assigned engine="metal" job_id=study:3240:20000 metal_eligible=true ane_eligible=false
2026-09-21T19:04:21.279619Z DEBUG quip_miner_metal::combined: combined route assigned engine="metal" job_id=study:3240:20001 metal_eligible=true ane_eligible=false
2026-09-21T19:04:21.279824Z DEBUG quip_miner_metal::combined: combined route assigned engine="metal" job_id=study:3240:20002 metal_eligible=true ane_eligible=false
2026-09-21T19:04:21.280007Z DEBUG quip_miner_metal::combined: combined route assigned engine="metal" job_id=study:3240:20003 metal_eligible=true ane_eligible=false
2026-09-21T19:04:21.280358Z DEBUG quip_miner_metal::combined: combined route assigned engine="metal" job_id=study:3240:20004 metal_eligible=true ane_eligible=false
2026-09-21T19:04:21.280503Z DEBUG quip_miner_metal::combined: combined route assigned engine="metal" job_id=study:3239:20000 metal_eligible=true ane_eligible=false
2026-09-21T19:04:21.280648Z DEBUG quip_miner_metal::combined: combined route assigned engine="metal" job_id=study:3239:20001 metal_eligible=true ane_eligible=false
2026-09-21T19:04:21.280786Z DEBUG quip_miner_metal::combined: combined route assigned engine="metal" job_id=study:3239:20002 metal_eligible=true ane_eligible=false
2026-09-21T19:04:21.280912Z DEBUG quip_miner_metal::combined: combined route assigned engine="metal" job_id=study:3239:20003 metal_eligible=true ane_eligible=false
2026-09-21T19:04:21.281053Z DEBUG quip_miner_metal::combined: combined route assigned engine="metal" job_id=study:3239:20004 metal_eligible=true ane_eligible=false
2026-09-21T19:04:21.291233Z DEBUG quip_miner_metal::combined: combined route completed engine="metal" job_id=study:3246:20000 outcome="completed" device_access_time_us=2492046
2026-09-21T19:04:21.291266Z DEBUG quip_miner_metal::combined: combined route completed engine="metal" job_id=study:3246:20001 outcome="completed" device_access_time_us=2492046
2026-09-21T19:04:21.291271Z DEBUG quip_miner_metal::combined: combined route completed engine="metal" job_id=study:3246:20002 outcome="completed" device_access_time_us=2492046
2026-09-21T19:04:21.291276Z DEBUG quip_miner_metal::combined: combined route completed engine="metal" job_id=study:3246:20003 outcome="completed" device_access_time_us=2492046
2026-09-21T19:04:21.291280Z DEBUG quip_miner_metal::combined: combined route completed engine="metal" job_id=study:3246:20004 outcome="completed" device_access_time_us=2492046
2026-09-21T19:04:21.291284Z DEBUG quip_miner_metal::combined: combined route completed engine="metal" job_id=study:3245:20000 outcome="completed" device_access_time_us=2492046
2026-09-21T19:04:21.291287Z DEBUG quip_miner_metal::combined: combined route completed engine="metal" job_id=study:3245:20001 outcome="completed" device_access_time_us=2492046
2026-09-21T19:04:21.291289Z DEBUG quip_miner_metal::combined: combined route completed engine="metal" job_id=study:3245:20002 outcome="completed" device_access_time_us=2492046
2026-09-21T19:04:21.291292Z DEBUG quip_miner_metal::combined: combined route completed engine="metal" job_id=study:3245:20003 outcome="completed" device_access_time_us=2492046
2026-09-21T19:04:21.291295Z DEBUG quip_miner_metal::combined: combined route completed engine="metal" job_id=study:3245:20004 outcome="completed" device_access_time_us=2492046
2026-09-21T19:04:21.291298Z DEBUG quip_miner_metal::combined: combined route completed engine="metal" job_id=study:3244:20000 outcome="completed" device_access_time_us=2492046
2026-09-21T19:04:21.291301Z DEBUG quip_miner_metal::combined: combined route completed engine="metal" job_id=study:3244:20001 outcome="completed" device_access_time_us=2492046
2026-09-21T19:04:21.291304Z DEBUG quip_miner_metal::combined: combined route completed engine="metal" job_id=study:3244:20002 outcome="completed" device_access_time_us=2492046
2026-09-21T19:04:21.291308Z DEBUG quip_miner_metal::combined: combined route completed engine="metal" job_id=study:3244:20003 outcome="completed" device_access_time_us=2492046
2026-09-21T19:04:21.291311Z DEBUG quip_miner_metal::combined: combined route completed engine="metal" job_id=study:3244:20004 outcome="completed" device_access_time_us=2492046
2026-09-21T19:04:21.291314Z DEBUG quip_miner_metal::combined: combined route completed engine="metal" job_id=study:3243:20000 outcome="completed" device_access_time_us=2492046
2026-09-21T19:04:21.291329Z DEBUG quip_miner_metal::combined: combined route completed engine="metal" job_id=study:3243:20001 outcome="completed" device_access_time_us=2492046
2026-09-21T19:04:21.291332Z DEBUG quip_miner_metal::combined: combined route completed engine="metal" job_id=study:3243:20002 outcome="completed" device_access_time_us=2492046
2026-09-21T19:04:21.291335Z DEBUG quip_miner_metal::combined: combined route completed engine="metal" job_id=study:3243:20003 outcome="completed" device_access_time_us=2492046
2026-09-21T19:04:21.291337Z DEBUG quip_miner_metal::combined: combined route completed engine="metal" job_id=study:3243:20004 outcome="completed" device_access_time_us=2492046
2026-09-21T19:04:21.291341Z DEBUG quip_miner_metal::combined: combined route assigned engine="metal" job_id=study:3238:20000 metal_eligible=true ane_eligible=false
2026-09-21T19:04:21.291446Z DEBUG quip_miner_metal::combined: combined route assigned engine="metal" job_id=study:3238:20001 metal_eligible=true ane_eligible=false
2026-09-21T19:04:21.291552Z DEBUG quip_miner_metal::combined: combined route assigned engine="metal" job_id=study:3238:20002 metal_eligible=true ane_eligible=false
2026-09-21T19:04:21.291708Z DEBUG quip_miner_metal::combined: combined route assigned engine="metal" job_id=study:3238:20003 metal_eligible=true ane_eligible=false
2026-09-21T19:04:21.291856Z DEBUG quip_miner_metal::combined: combined route assigned engine="metal" job_id=study:3238:20004 metal_eligible=true ane_eligible=false
2026-09-21T19:04:21.291965Z DEBUG quip_miner_metal::combined: combined route assigned engine="metal" job_id=study:3237:20000 metal_eligible=true ane_eligible=false
2026-09-21T19:04:21.292069Z DEBUG quip_miner_metal::combined: combined route assigned engine="metal" job_id=study:3237:20001 metal_eligible=true ane_eligible=false
2026-09-21T19:04:21.292217Z DEBUG quip_miner_metal::combined: combined route assigned engine="metal" job_id=study:3237:20002 metal_eligible=true ane_eligible=false
2026-09-21T19:04:21.292386Z DEBUG quip_miner_metal::combined: combined route assigned engine="metal" job_id=study:3237:20003 metal_eligible=true ane_eligible=false
2026-09-21T19:04:21.292551Z DEBUG quip_miner_metal::combined: combined route assigned engine="metal" job_id=study:3237:20004 metal_eligible=true ane_eligible=false
2026-09-21T19:04:21.292690Z DEBUG quip_miner_metal::combined: combined route assigned engine="metal" job_id=study:3236:20000 metal_eligible=true ane_eligible=false
2026-09-21T19:04:21.292827Z DEBUG quip_miner_metal::combined: combined route assigned engine="metal" job_id=study:3236:20001 metal_eligible=true ane_eligible=false
2026-09-21T19:04:21.293005Z DEBUG quip_miner_metal::combined: combined route assigned engine="metal" job_id=study:3236:20002 metal_eligible=true ane_eligible=false
2026-09-21T19:04:21.293198Z DEBUG quip_miner_metal::combined: combined route assigned engine="metal" job_id=study:3236:20003 metal_eligible=true ane_eligible=false
2026-09-21T19:04:21.293371Z DEBUG quip_miner_metal::combined: combined route assigned engine="metal" job_id=study:3236:20004 metal_eligible=true ane_eligible=false
2026-09-21T19:04:21.293531Z DEBUG quip_miner_metal::combined: combined route assigned engine="metal" job_id=study:3235:20000 metal_eligible=true ane_eligible=false
2026-09-21T19:04:21.293642Z DEBUG quip_miner_metal::combined: combined route assigned engine="metal" job_id=study:3235:20001 metal_eligible=true ane_eligible=false
2026-09-21T19:04:21.293799Z DEBUG quip_miner_metal::combined: combined route assigned engine="metal" job_id=study:3235:20002 metal_eligible=true ane_eligible=false
2026-09-21T19:04:21.293977Z DEBUG quip_miner_metal::combined: combined route assigned engine="metal" job_id=study:3235:20003 metal_eligible=true ane_eligible=false
2026-09-21T19:04:21.294153Z DEBUG quip_miner_metal::combined: combined route assigned engine="metal" job_id=study:3235:20004 metal_eligible=true ane_eligible=false
2026-09-21T19:04:24.727270Z DEBUG quip_miner_metal::combined: combined route completed engine="metal" job_id=study:3242:20000 outcome="completed" device_access_time_us=3078454
2026-09-21T19:04:24.727313Z DEBUG quip_miner_metal::combined: combined route completed engine="metal" job_id=study:3242:20001 outcome="completed" device_access_time_us=3078454
2026-09-21T19:04:24.727320Z DEBUG quip_miner_metal::combined: combined route completed engine="metal" job_id=study:3242:20002 outcome="completed" device_access_time_us=3078454
2026-09-21T19:04:24.727324Z DEBUG quip_miner_metal::combined: combined route completed engine="metal" job_id=study:3242:20003 outcome="completed" device_access_time_us=3078454
2026-09-21T19:04:24.727328Z DEBUG quip_miner_metal::combined: combined route completed engine="metal" job_id=study:3242:20004 outcome="completed" device_access_time_us=3078454
2026-09-21T19:04:24.727331Z DEBUG quip_miner_metal::combined: combined route completed engine="metal" job_id=study:3241:20000 outcome="completed" device_access_time_us=3078454
2026-09-21T19:04:24.727334Z DEBUG quip_miner_metal::combined: combined route completed engine="metal" job_id=study:3241:20001 outcome="completed" device_access_time_us=3078454
2026-09-21T19:04:24.727338Z DEBUG quip_miner_metal::combined: combined route completed engine="metal" job_id=study:3241:20002 outcome="completed" device_access_time_us=3078454
2026-09-21T19:04:24.727340Z DEBUG quip_miner_metal::combined: combined route completed engine="metal" job_id=study:3241:20003 outcome="completed" device_access_time_us=3078454
2026-09-21T19:04:24.727343Z DEBUG quip_miner_metal::combined: combined route completed engine="metal" job_id=study:3241:20004 outcome="completed" device_access_time_us=3078454
2026-09-21T19:04:24.727345Z DEBUG quip_miner_metal::combined: combined route completed engine="metal" job_id=study:3240:20000 outcome="completed" device_access_time_us=3078454
2026-09-21T19:04:24.727348Z DEBUG quip_miner_metal::combined: combined route completed engine="metal" job_id=study:3240:20001 outcome="completed" device_access_time_us=3078454
2026-09-21T19:04:24.727350Z DEBUG quip_miner_metal::combined: combined route completed engine="metal" job_id=study:3240:20002 outcome="completed" device_access_time_us=3078454
2026-09-21T19:04:24.727353Z DEBUG quip_miner_metal::combined: combined route completed engine="metal" job_id=study:3240:20003 outcome="completed" device_access_time_us=3078454
2026-09-21T19:04:24.727355Z DEBUG quip_miner_metal::combined: combined route completed engine="metal" job_id=study:3240:20004 outcome="completed" device_access_time_us=3078454
2026-09-21T19:04:24.727358Z DEBUG quip_miner_metal::combined: combined route completed engine="metal" job_id=study:3239:20000 outcome="completed" device_access_time_us=3078454
2026-09-21T19:04:24.727360Z DEBUG quip_miner_metal::combined: combined route completed engine="metal" job_id=study:3239:20001 outcome="completed" device_access_time_us=3078454
2026-09-21T19:04:24.727363Z DEBUG quip_miner_metal::combined: combined route completed engine="metal" job_id=study:3239:20002 outcome="completed" device_access_time_us=3078454
2026-09-21T19:04:24.727366Z DEBUG quip_miner_metal::combined: combined route completed engine="metal" job_id=study:3239:20003 outcome="completed" device_access_time_us=3078454
2026-09-21T19:04:24.727369Z DEBUG quip_miner_metal::combined: combined route completed engine="metal" job_id=study:3239:20004 outcome="completed" device_access_time_us=3078454
2026-09-21T19:04:24.727372Z DEBUG quip_miner_metal::combined: combined route assigned engine="metal" job_id=study:3234:20000 metal_eligible=true ane_eligible=false
2026-09-21T19:04:24.727555Z DEBUG quip_miner_metal::combined: combined route assigned engine="metal" job_id=study:3234:20001 metal_eligible=true ane_eligible=false
2026-09-21T19:04:24.727673Z DEBUG quip_miner_metal::combined: combined route assigned engine="metal" job_id=study:3234:20002 metal_eligible=true ane_eligible=false
2026-09-21T19:04:24.727788Z DEBUG quip_miner_metal::combined: combined route assigned engine="metal" job_id=study:3234:20003 metal_eligible=true ane_eligible=false
2026-09-21T19:04:24.727919Z DEBUG quip_miner_metal::combined: combined route assigned engine="metal" job_id=study:3234:20004 metal_eligible=true ane_eligible=false
2026-09-21T19:04:24.728036Z DEBUG quip_miner_metal::combined: combined route assigned engine="metal" job_id=study:3233:20000 metal_eligible=true ane_eligible=false
2026-09-21T19:04:24.728153Z DEBUG quip_miner_metal::combined: combined route assigned engine="metal" job_id=study:3233:20001 metal_eligible=true ane_eligible=false
2026-09-21T19:04:24.728271Z DEBUG quip_miner_metal::combined: combined route assigned engine="metal" job_id=study:3233:20002 metal_eligible=true ane_eligible=false
2026-09-21T19:04:24.728388Z DEBUG quip_miner_metal::combined: combined route assigned engine="metal" job_id=study:3233:20003 metal_eligible=true ane_eligible=false
2026-09-21T19:04:24.728502Z DEBUG quip_miner_metal::combined: combined route assigned engine="metal" job_id=study:3233:20004 metal_eligible=true ane_eligible=false
2026-09-21T19:04:24.728619Z DEBUG quip_miner_metal::combined: combined route assigned engine="metal" job_id=study:3232:20000 metal_eligible=true ane_eligible=false
2026-09-21T19:04:24.728734Z DEBUG quip_miner_metal::combined: combined route assigned engine="metal" job_id=study:3232:20001 metal_eligible=true ane_eligible=false
2026-09-21T19:04:24.728849Z DEBUG quip_miner_metal::combined: combined route assigned engine="metal" job_id=study:3232:20002 metal_eligible=true ane_eligible=false
2026-09-21T19:04:24.728963Z DEBUG quip_miner_metal::combined: combined route assigned engine="metal" job_id=study:3232:20003 metal_eligible=true ane_eligible=false
2026-09-21T19:04:24.729078Z DEBUG quip_miner_metal::combined: combined route assigned engine="metal" job_id=study:3232:20004 metal_eligible=true ane_eligible=false
2026-09-21T19:04:24.729192Z DEBUG quip_miner_metal::combined: combined route assigned engine="metal" job_id=study:3231:20000 metal_eligible=true ane_eligible=false
2026-09-21T19:04:24.729306Z DEBUG quip_miner_metal::combined: combined route assigned engine="metal" job_id=study:3231:20001 metal_eligible=true ane_eligible=false
2026-09-21T19:04:24.729422Z DEBUG quip_miner_metal::combined: combined route assigned engine="metal" job_id=study:3231:20002 metal_eligible=true ane_eligible=false
2026-09-21T19:04:24.729536Z DEBUG quip_miner_metal::combined: combined route assigned engine="metal" job_id=study:3231:20003 metal_eligible=true ane_eligible=false
2026-09-21T19:04:24.729650Z DEBUG quip_miner_metal::combined: combined route assigned engine="metal" job_id=study:3231:20004 metal_eligible=true ane_eligible=false
2026-09-21T19:04:24.750906Z DEBUG quip_miner_metal::combined: combined route completed engine="metal" job_id=study:3238:20000 outcome="completed" device_access_time_us=3413977
2026-09-21T19:04:24.750944Z DEBUG quip_miner_metal::combined: combined route completed engine="metal" job_id=study:3238:20001 outcome="completed" device_access_time_us=3413977
2026-09-21T19:04:24.750951Z DEBUG quip_miner_metal::combined: combined route completed engine="metal" job_id=study:3238:20002 outcome="completed" device_access_time_us=3413977
2026-09-21T19:04:24.750955Z DEBUG quip_miner_metal::combined: combined route completed engine="metal" job_id=study:3238:20003 outcome="completed" device_access_time_us=3413977
2026-09-21T19:04:24.750960Z DEBUG quip_miner_metal::combined: combined route completed engine="metal" job_id=study:3238:20004 outcome="completed" device_access_time_us=3413977
2026-09-21T19:04:24.750965Z DEBUG quip_miner_metal::combined: combined route completed engine="metal" job_id=study:3237:20000 outcome="completed" device_access_time_us=3413977
2026-09-21T19:04:24.750969Z DEBUG quip_miner_metal::combined: combined route completed engine="metal" job_id=study:3237:20001 outcome="completed" device_access_time_us=3413977
2026-09-21T19:04:24.750973Z DEBUG quip_miner_metal::combined: combined route completed engine="metal" job_id=study:3237:20002 outcome="completed" device_access_time_us=3413977
2026-09-21T19:04:24.750993Z DEBUG quip_miner_metal::combined: combined route completed engine="metal" job_id=study:3237:20003 outcome="completed" device_access_time_us=3413977
2026-09-21T19:04:24.750997Z DEBUG quip_miner_metal::combined: combined route completed engine="metal" job_id=study:3237:20004 outcome="completed" device_access_time_us=3413977
2026-09-21T19:04:24.751001Z DEBUG quip_miner_metal::combined: combined route completed engine="metal" job_id=study:3236:20000 outcome="completed" device_access_time_us=3413977
2026-09-21T19:04:24.751005Z DEBUG quip_miner_metal::combined: combined route completed engine="metal" job_id=study:3236:20001 outcome="completed" device_access_time_us=3413977
2026-09-21T19:04:24.751009Z DEBUG quip_miner_metal::combined: combined route completed engine="metal" job_id=study:3236:20002 outcome="completed" device_access_time_us=3413977
2026-09-21T19:04:24.751012Z DEBUG quip_miner_metal::combined: combined route completed engine="metal" job_id=study:3236:20003 outcome="completed" device_access_time_us=3413977
2026-09-21T19:04:24.751016Z DEBUG quip_miner_metal::combined: combined route completed engine="metal" job_id=study:3236:20004 outcome="completed" device_access_time_us=3413977
2026-09-21T19:04:24.751019Z DEBUG quip_miner_metal::combined: combined route completed engine="metal" job_id=study:3235:20000 outcome="completed" device_access_time_us=3413977
2026-09-21T19:04:24.751023Z DEBUG quip_miner_metal::combined: combined route completed engine="metal" job_id=study:3235:20001 outcome="completed" device_access_time_us=3413977
2026-09-21T19:04:24.751026Z DEBUG quip_miner_metal::combined: combined route completed engine="metal" job_id=study:3235:20002 outcome="completed" device_access_time_us=3413977
2026-09-21T19:04:24.751030Z DEBUG quip_miner_metal::combined: combined route completed engine="metal" job_id=study:3235:20003 outcome="completed" device_access_time_us=3413977
2026-09-21T19:04:24.751033Z DEBUG quip_miner_metal::combined: combined route completed engine="metal" job_id=study:3235:20004 outcome="completed" device_access_time_us=3413977
2026-09-21T19:04:24.751038Z DEBUG quip_miner_metal::combined: combined route assigned engine="metal" job_id=study:3230:20000 metal_eligible=true ane_eligible=false
2026-09-21T19:04:24.751206Z DEBUG quip_miner_metal::combined: combined route assigned engine="metal" job_id=study:3230:20001 metal_eligible=true ane_eligible=false
2026-09-21T19:04:24.751374Z DEBUG quip_miner_metal::combined: combined route assigned engine="metal" job_id=study:3230:20002 metal_eligible=true ane_eligible=false
2026-09-21T19:04:24.751541Z DEBUG quip_miner_metal::combined: combined route assigned engine="metal" job_id=study:3230:20003 metal_eligible=true ane_eligible=false
2026-09-21T19:04:24.751707Z DEBUG quip_miner_metal::combined: combined route assigned engine="metal" job_id=study:3230:20004 metal_eligible=true ane_eligible=false
2026-09-21T19:04:24.751873Z DEBUG quip_miner_metal::combined: combined route assigned engine="metal" job_id=study:3229:20000 metal_eligible=true ane_eligible=false
2026-09-21T19:04:24.752043Z DEBUG quip_miner_metal::combined: combined route assigned engine="metal" job_id=study:3229:20001 metal_eligible=true ane_eligible=false
2026-09-21T19:04:24.752214Z DEBUG quip_miner_metal::combined: combined route assigned engine="metal" job_id=study:3229:20002 metal_eligible=true ane_eligible=false
2026-09-21T19:04:24.752383Z DEBUG quip_miner_metal::combined: combined route assigned engine="metal" job_id=study:3229:20003 metal_eligible=true ane_eligible=false
2026-09-21T19:04:24.752551Z DEBUG quip_miner_metal::combined: combined route assigned engine="metal" job_id=study:3229:20004 metal_eligible=true ane_eligible=false
2026-09-21T19:04:24.752717Z DEBUG quip_miner_metal::combined: combined route assigned engine="metal" job_id=study:3228:20000 metal_eligible=true ane_eligible=false
2026-09-21T19:04:24.752884Z DEBUG quip_miner_metal::combined: combined route assigned engine="metal" job_id=study:3228:20001 metal_eligible=true ane_eligible=false
2026-09-21T19:04:24.753061Z DEBUG quip_miner_metal::combined: combined route assigned engine="metal" job_id=study:3228:20002 metal_eligible=true ane_eligible=false
2026-09-21T19:04:24.753231Z DEBUG quip_miner_metal::combined: combined route assigned engine="metal" job_id=study:3228:20003 metal_eligible=true ane_eligible=false
2026-09-21T19:04:24.753399Z DEBUG quip_miner_metal::combined: combined route assigned engine="metal" job_id=study:3228:20004 metal_eligible=true ane_eligible=false
2026-09-21T19:04:24.753566Z DEBUG quip_miner_metal::combined: combined route assigned engine="metal" job_id=study:3227:20000 metal_eligible=true ane_eligible=false
2026-09-21T19:04:24.753752Z DEBUG quip_miner_metal::combined: combined route assigned engine="metal" job_id=study:3227:20001 metal_eligible=true ane_eligible=false
2026-09-21T19:04:24.753940Z DEBUG quip_miner_metal::combined: combined route assigned engine="metal" job_id=study:3227:20002 metal_eligible=true ane_eligible=false
2026-09-21T19:04:24.754111Z DEBUG quip_miner_metal::combined: combined route assigned engine="metal" job_id=study:3227:20003 metal_eligible=true ane_eligible=false
2026-09-21T19:04:24.754281Z DEBUG quip_miner_metal::combined: combined route assigned engine="metal" job_id=study:3227:20004 metal_eligible=true ane_eligible=false
2026-09-21T19:04:27.825000Z DEBUG quip_miner_metal::combined: combined route completed engine="metal" job_id=study:3234:20000 outcome="completed" device_access_time_us=2967431
2026-09-21T19:04:27.825063Z DEBUG quip_miner_metal::combined: combined route completed engine="metal" job_id=study:3234:20001 outcome="completed" device_access_time_us=2967431
2026-09-21T19:04:27.825071Z DEBUG quip_miner_metal::combined: combined route completed engine="metal" job_id=study:3234:20002 outcome="completed" device_access_time_us=2967431
2026-09-21T19:04:27.825075Z DEBUG quip_miner_metal::combined: combined route completed engine="metal" job_id=study:3234:20003 outcome="completed" device_access_time_us=2967431
2026-09-21T19:04:27.825079Z DEBUG quip_miner_metal::combined: combined route completed engine="metal" job_id=study:3234:20004 outcome="completed" device_access_time_us=2967431
2026-09-21T19:04:27.825082Z DEBUG quip_miner_metal::combined: combined route completed engine="metal" job_id=study:3233:20000 outcome="completed" device_access_time_us=2967431
2026-09-21T19:04:27.825086Z DEBUG quip_miner_metal::combined: combined route completed engine="metal" job_id=study:3233:20001 outcome="completed" device_access_time_us=2967431
2026-09-21T19:04:27.825089Z DEBUG quip_miner_metal::combined: combined route completed engine="metal" job_id=study:3233:20002 outcome="completed" device_access_time_us=2967431
2026-09-21T19:04:27.825091Z DEBUG quip_miner_metal::combined: combined route completed engine="metal" job_id=study:3233:20003 outcome="completed" device_access_time_us=2967431
2026-09-21T19:04:27.825094Z DEBUG quip_miner_metal::combined: combined route completed engine="metal" job_id=study:3233:20004 outcome="completed" device_access_time_us=2967431
2026-09-21T19:04:27.825097Z DEBUG quip_miner_metal::combined: combined route completed engine="metal" job_id=study:3232:20000 outcome="completed" device_access_time_us=2967431
2026-09-21T19:04:27.825099Z DEBUG quip_miner_metal::combined: combined route completed engine="metal" job_id=study:3232:20001 outcome="completed" device_access_time_us=2967431
2026-09-21T19:04:27.825101Z DEBUG quip_miner_metal::combined: combined route completed engine="metal" job_id=study:3232:20002 outcome="completed" device_access_time_us=2967431
2026-09-21T19:04:27.825103Z DEBUG quip_miner_metal::combined: combined route completed engine="metal" job_id=study:3232:20003 outcome="completed" device_access_time_us=2967431
2026-09-21T19:04:27.825106Z DEBUG quip_miner_metal::combined: combined route completed engine="metal" job_id=study:3232:20004 outcome="completed" device_access_time_us=2967431
2026-09-21T19:04:27.825108Z DEBUG quip_miner_metal::combined: combined route completed engine="metal" job_id=study:3231:20000 outcome="completed" device_access_time_us=2967431
2026-09-21T19:04:27.825123Z DEBUG quip_miner_metal::combined: combined route completed engine="metal" job_id=study:3231:20001 outcome="completed" device_access_time_us=2967431
2026-09-21T19:04:27.825126Z DEBUG quip_miner_metal::combined: combined route completed engine="metal" job_id=study:3231:20002 outcome="completed" device_access_time_us=2967431
2026-09-21T19:04:27.825128Z DEBUG quip_miner_metal::combined: combined route completed engine="metal" job_id=study:3231:20003 outcome="completed" device_access_time_us=2967431
2026-09-21T19:04:27.825130Z DEBUG quip_miner_metal::combined: combined route completed engine="metal" job_id=study:3231:20004 outcome="completed" device_access_time_us=2967431
2026-09-21T19:04:27.825135Z DEBUG quip_miner_metal::combined: combined route assigned engine="metal" job_id=study:3226:20000 metal_eligible=true ane_eligible=false
2026-09-21T19:04:27.825313Z DEBUG quip_miner_metal::combined: combined route assigned engine="metal" job_id=study:3226:20001 metal_eligible=true ane_eligible=false
2026-09-21T19:04:27.825423Z DEBUG quip_miner_metal::combined: combined route assigned engine="metal" job_id=study:3226:20002 metal_eligible=true ane_eligible=false
2026-09-21T19:04:27.825535Z DEBUG quip_miner_metal::combined: combined route assigned engine="metal" job_id=study:3226:20003 metal_eligible=true ane_eligible=false
2026-09-21T19:04:27.825651Z DEBUG quip_miner_metal::combined: combined route assigned engine="metal" job_id=study:3226:20004 metal_eligible=true ane_eligible=false
2026-09-21T19:04:27.825763Z DEBUG quip_miner_metal::combined: combined route assigned engine="metal" job_id=study:3225:20000 metal_eligible=true ane_eligible=false
2026-09-21T19:04:27.825941Z DEBUG quip_miner_metal::combined: combined route assigned engine="metal" job_id=study:3225:20001 metal_eligible=true ane_eligible=false
2026-09-21T19:04:27.826106Z DEBUG quip_miner_metal::combined: combined route assigned engine="metal" job_id=study:3225:20002 metal_eligible=true ane_eligible=false
2026-09-21T19:04:27.826214Z DEBUG quip_miner_metal::combined: combined route assigned engine="metal" job_id=study:3225:20003 metal_eligible=true ane_eligible=false
2026-09-21T19:04:27.826381Z DEBUG quip_miner_metal::combined: combined route assigned engine="metal" job_id=study:3225:20004 metal_eligible=true ane_eligible=false
2026-09-21T19:04:27.826486Z DEBUG quip_miner_metal::combined: combined route assigned engine="metal" job_id=study:3224:20000 metal_eligible=true ane_eligible=false
2026-09-21T19:04:27.826644Z DEBUG quip_miner_metal::combined: combined route assigned engine="metal" job_id=study:3224:20001 metal_eligible=true ane_eligible=false
2026-09-21T19:04:27.826748Z DEBUG quip_miner_metal::combined: combined route assigned engine="metal" job_id=study:3224:20002 metal_eligible=true ane_eligible=false
2026-09-21T19:04:27.826889Z DEBUG quip_miner_metal::combined: combined route assigned engine="metal" job_id=study:3224:20003 metal_eligible=true ane_eligible=false
2026-09-21T19:04:27.826993Z DEBUG quip_miner_metal::combined: combined route assigned engine="metal" job_id=study:3224:20004 metal_eligible=true ane_eligible=false
2026-09-21T19:04:27.827098Z DEBUG quip_miner_metal::combined: combined route assigned engine="metal" job_id=study:3223:20000 metal_eligible=true ane_eligible=false
2026-09-21T19:04:27.827203Z DEBUG quip_miner_metal::combined: combined route assigned engine="metal" job_id=study:3223:20001 metal_eligible=true ane_eligible=false
2026-09-21T19:04:27.827309Z DEBUG quip_miner_metal::combined: combined route assigned engine="metal" job_id=study:3223:20002 metal_eligible=true ane_eligible=false
2026-09-21T19:04:27.827415Z DEBUG quip_miner_metal::combined: combined route assigned engine="metal" job_id=study:3223:20003 metal_eligible=true ane_eligible=false
2026-09-21T19:04:27.827519Z DEBUG quip_miner_metal::combined: combined route assigned engine="metal" job_id=study:3223:20004 metal_eligible=true ane_eligible=false
2026-09-21T19:04:27.873683Z DEBUG quip_miner_metal::combined: combined route completed engine="metal" job_id=study:3230:20000 outcome="completed" device_access_time_us=2725910
2026-09-21T19:04:27.873734Z DEBUG quip_miner_metal::combined: combined route completed engine="metal" job_id=study:3230:20001 outcome="completed" device_access_time_us=2725910
2026-09-21T19:04:27.873741Z DEBUG quip_miner_metal::combined: combined route completed engine="metal" job_id=study:3230:20002 outcome="completed" device_access_time_us=2725910
2026-09-21T19:04:27.873746Z DEBUG quip_miner_metal::combined: combined route completed engine="metal" job_id=study:3230:20003 outcome="completed" device_access_time_us=2725910
2026-09-21T19:04:27.873750Z DEBUG quip_miner_metal::combined: combined route completed engine="metal" job_id=study:3230:20004 outcome="completed" device_access_time_us=2725910
2026-09-21T19:04:27.873754Z DEBUG quip_miner_metal::combined: combined route completed engine="metal" job_id=study:3229:20000 outcome="completed" device_access_time_us=2725910
2026-09-21T19:04:27.873756Z DEBUG quip_miner_metal::combined: combined route completed engine="metal" job_id=study:3229:20001 outcome="completed" device_access_time_us=2725910
2026-09-21T19:04:27.873759Z DEBUG quip_miner_metal::combined: combined route completed engine="metal" job_id=study:3229:20002 outcome="completed" device_access_time_us=2725910
2026-09-21T19:04:27.873762Z DEBUG quip_miner_metal::combined: combined route completed engine="metal" job_id=study:3229:20003 outcome="completed" device_access_time_us=2725910
2026-09-21T19:04:27.873765Z DEBUG quip_miner_metal::combined: combined route completed engine="metal" job_id=study:3229:20004 outcome="completed" device_access_time_us=2725910
2026-09-21T19:04:27.873768Z DEBUG quip_miner_metal::combined: combined route completed engine="metal" job_id=study:3228:20000 outcome="completed" device_access_time_us=2725910
2026-09-21T19:04:27.873771Z DEBUG quip_miner_metal::combined: combined route completed engine="metal" job_id=study:3228:20001 outcome="completed" device_access_time_us=2725910
2026-09-21T19:04:27.873773Z DEBUG quip_miner_metal::combined: combined route completed engine="metal" job_id=study:3228:20002 outcome="completed" device_access_time_us=2725910
2026-09-21T19:04:27.873776Z DEBUG quip_miner_metal::combined: combined route completed engine="metal" job_id=study:3228:20003 outcome="completed" device_access_time_us=2725910
2026-09-21T19:04:27.873779Z DEBUG quip_miner_metal::combined: combined route completed engine="metal" job_id=study:3228:20004 outcome="completed" device_access_time_us=2725910
2026-09-21T19:04:27.873781Z DEBUG quip_miner_metal::combined: combined route completed engine="metal" job_id=study:3227:20000 outcome="completed" device_access_time_us=2725910
2026-09-21T19:04:27.873784Z DEBUG quip_miner_metal::combined: combined route completed engine="metal" job_id=study:3227:20001 outcome="completed" device_access_time_us=2725910
2026-09-21T19:04:27.873787Z DEBUG quip_miner_metal::combined: combined route completed engine="metal" job_id=study:3227:20002 outcome="completed" device_access_time_us=2725910
2026-09-21T19:04:27.873790Z DEBUG quip_miner_metal::combined: combined route completed engine="metal" job_id=study:3227:20003 outcome="completed" device_access_time_us=2725910
2026-09-21T19:04:27.873793Z DEBUG quip_miner_metal::combined: combined route completed engine="metal" job_id=study:3227:20004 outcome="completed" device_access_time_us=2725910
2026-09-21T19:04:27.873796Z DEBUG quip_miner_metal::combined: combined route assigned engine="metal" job_id=study:3222:20000 metal_eligible=true ane_eligible=false
2026-09-21T19:04:27.873928Z DEBUG quip_miner_metal::combined: combined route assigned engine="metal" job_id=study:3222:20001 metal_eligible=true ane_eligible=false
2026-09-21T19:04:27.874058Z DEBUG quip_miner_metal::combined: combined route assigned engine="metal" job_id=study:3222:20002 metal_eligible=true ane_eligible=false
2026-09-21T19:04:27.874186Z DEBUG quip_miner_metal::combined: combined route assigned engine="metal" job_id=study:3222:20003 metal_eligible=true ane_eligible=false
2026-09-21T19:04:27.874319Z DEBUG quip_miner_metal::combined: combined route assigned engine="metal" job_id=study:3222:20004 metal_eligible=true ane_eligible=false
2026-09-21T19:04:27.874446Z DEBUG quip_miner_metal::combined: combined route assigned engine="metal" job_id=study:3221:20000 metal_eligible=true ane_eligible=false
2026-09-21T19:04:27.874573Z DEBUG quip_miner_metal::combined: combined route assigned engine="metal" job_id=study:3221:20001 metal_eligible=true ane_eligible=false
2026-09-21T19:04:27.874700Z DEBUG quip_miner_metal::combined: combined route assigned engine="metal" job_id=study:3221:20002 metal_eligible=true ane_eligible=false
2026-09-21T19:04:27.874827Z DEBUG quip_miner_metal::combined: combined route assigned engine="metal" job_id=study:3221:20003 metal_eligible=true ane_eligible=false
2026-09-21T19:04:27.874956Z DEBUG quip_miner_metal::combined: combined route assigned engine="metal" job_id=study:3221:20004 metal_eligible=true ane_eligible=false
2026-09-21T19:04:27.875083Z DEBUG quip_miner_metal::combined: combined route assigned engine="metal" job_id=study:3220:20000 metal_eligible=true ane_eligible=false
2026-09-21T19:04:27.875210Z DEBUG quip_miner_metal::combined: combined route assigned engine="metal" job_id=study:3220:20001 metal_eligible=true ane_eligible=false
2026-09-21T19:04:27.875338Z DEBUG quip_miner_metal::combined: combined route assigned engine="metal" job_id=study:3220:20002 metal_eligible=true ane_eligible=false
2026-09-21T19:04:27.875465Z DEBUG quip_miner_metal::combined: combined route assigned engine="metal" job_id=study:3220:20003 metal_eligible=true ane_eligible=false
2026-09-21T19:04:27.875593Z DEBUG quip_miner_metal::combined: combined route assigned engine="metal" job_id=study:3220:20004 metal_eligible=true ane_eligible=false
2026-09-21T19:04:27.875720Z DEBUG quip_miner_metal::combined: combined route assigned engine="metal" job_id=study:3219:20000 metal_eligible=true ane_eligible=false
2026-09-21T19:04:27.875847Z DEBUG quip_miner_metal::combined: combined route assigned engine="metal" job_id=study:3219:20001 metal_eligible=true ane_eligible=false
2026-09-21T19:04:27.875974Z DEBUG quip_miner_metal::combined: combined route assigned engine="metal" job_id=study:3219:20002 metal_eligible=true ane_eligible=false
2026-09-21T19:04:27.876101Z DEBUG quip_miner_metal::combined: combined route assigned engine="metal" job_id=study:3219:20003 metal_eligible=true ane_eligible=false
2026-09-21T19:04:27.876229Z DEBUG quip_miner_metal::combined: combined route assigned engine="metal" job_id=study:3219:20004 metal_eligible=true ane_eligible=false
2026-09-21T19:04:31.014021Z DEBUG quip_miner_metal::combined: combined route completed engine="metal" job_id=study:3226:20000 outcome="completed" device_access_time_us=2801302
2026-09-21T19:04:31.014076Z DEBUG quip_miner_metal::combined: combined route completed engine="metal" job_id=study:3226:20001 outcome="completed" device_access_time_us=2801302
2026-09-21T19:04:31.014087Z DEBUG quip_miner_metal::combined: combined route completed engine="metal" job_id=study:3226:20002 outcome="completed" device_access_time_us=2801302
2026-09-21T19:04:31.014093Z DEBUG quip_miner_metal::combined: combined route completed engine="metal" job_id=study:3226:20003 outcome="completed" device_access_time_us=2801302
2026-09-21T19:04:31.014098Z DEBUG quip_miner_metal::combined: combined route completed engine="metal" job_id=study:3226:20004 outcome="completed" device_access_time_us=2801302
2026-09-21T19:04:31.014103Z DEBUG quip_miner_metal::combined: combined route completed engine="metal" job_id=study:3225:20000 outcome="completed" device_access_time_us=2801302
2026-09-21T19:04:31.014107Z DEBUG quip_miner_metal::combined: combined route completed engine="metal" job_id=study:3225:20001 outcome="completed" device_access_time_us=2801302
2026-09-21T19:04:31.014111Z DEBUG quip_miner_metal::combined: combined route completed engine="metal" job_id=study:3225:20002 outcome="completed" device_access_time_us=2801302
2026-09-21T19:04:31.014116Z DEBUG quip_miner_metal::combined: combined route completed engine="metal" job_id=study:3225:20003 outcome="completed" device_access_time_us=2801302
2026-09-21T19:04:31.014140Z DEBUG quip_miner_metal::combined: combined route completed engine="metal" job_id=study:3225:20004 outcome="completed" device_access_time_us=2801302
2026-09-21T19:04:31.014145Z DEBUG quip_miner_metal::combined: combined route completed engine="metal" job_id=study:3224:20000 outcome="completed" device_access_time_us=2801302
2026-09-21T19:04:31.014150Z DEBUG quip_miner_metal::combined: combined route completed engine="metal" job_id=study:3224:20001 outcome="completed" device_access_time_us=2801302
2026-09-21T19:04:31.014154Z DEBUG quip_miner_metal::combined: combined route completed engine="metal" job_id=study:3224:20002 outcome="completed" device_access_time_us=2801302
2026-09-21T19:04:31.014158Z DEBUG quip_miner_metal::combined: combined route completed engine="metal" job_id=study:3224:20003 outcome="completed" device_access_time_us=2801302
2026-09-21T19:04:31.014162Z DEBUG quip_miner_metal::combined: combined route completed engine="metal" job_id=study:3224:20004 outcome="completed" device_access_time_us=2801302
2026-09-21T19:04:31.014165Z DEBUG quip_miner_metal::combined: combined route completed engine="metal" job_id=study:3223:20000 outcome="completed" device_access_time_us=2801302
2026-09-21T19:04:31.014169Z DEBUG quip_miner_metal::combined: combined route completed engine="metal" job_id=study:3223:20001 outcome="completed" device_access_time_us=2801302
2026-09-21T19:04:31.014173Z DEBUG quip_miner_metal::combined: combined route completed engine="metal" job_id=study:3223:20002 outcome="completed" device_access_time_us=2801302
2026-09-21T19:04:31.014176Z DEBUG quip_miner_metal::combined: combined route completed engine="metal" job_id=study:3223:20003 outcome="completed" device_access_time_us=2801302
2026-09-21T19:04:31.014180Z DEBUG quip_miner_metal::combined: combined route completed engine="metal" job_id=study:3223:20004 outcome="completed" device_access_time_us=2801302
2026-09-21T19:04:31.014185Z DEBUG quip_miner_metal::combined: combined route assigned engine="metal" job_id=study:3218:20000 metal_eligible=true ane_eligible=false
2026-09-21T19:04:31.014354Z DEBUG quip_miner_metal::combined: combined route assigned engine="metal" job_id=study:3218:20001 metal_eligible=true ane_eligible=false
2026-09-21T19:04:31.014522Z DEBUG quip_miner_metal::combined: combined route assigned engine="metal" job_id=study:3218:20002 metal_eligible=true ane_eligible=false
2026-09-21T19:04:31.014689Z DEBUG quip_miner_metal::combined: combined route assigned engine="metal" job_id=study:3218:20003 metal_eligible=true ane_eligible=false
2026-09-21T19:04:31.014855Z DEBUG quip_miner_metal::combined: combined route assigned engine="metal" job_id=study:3218:20004 metal_eligible=true ane_eligible=false
2026-09-21T19:04:31.015022Z DEBUG quip_miner_metal::combined: combined route assigned engine="metal" job_id=study:3217:20000 metal_eligible=true ane_eligible=false
2026-09-21T19:04:31.021362Z DEBUG quip_miner_metal::combined: combined route assigned engine="metal" job_id=study:3217:20001 metal_eligible=true ane_eligible=false
2026-09-21T19:04:31.021529Z DEBUG quip_miner_metal::combined: combined route assigned engine="metal" job_id=study:3217:20002 metal_eligible=true ane_eligible=false
2026-09-21T19:04:31.021664Z DEBUG quip_miner_metal::combined: combined route assigned engine="metal" job_id=study:3217:20003 metal_eligible=true ane_eligible=false
2026-09-21T19:04:31.021795Z DEBUG quip_miner_metal::combined: combined route assigned engine="metal" job_id=study:3217:20004 metal_eligible=true ane_eligible=false
2026-09-21T19:04:31.022008Z DEBUG quip_miner_metal::combined: combined route assigned engine="metal" job_id=study:3216:20000 metal_eligible=true ane_eligible=false
2026-09-21T19:04:31.022194Z DEBUG quip_miner_metal::combined: combined route assigned engine="metal" job_id=study:3216:20001 metal_eligible=true ane_eligible=false
2026-09-21T19:04:31.022366Z DEBUG quip_miner_metal::combined: combined route assigned engine="metal" job_id=study:3216:20002 metal_eligible=true ane_eligible=false
2026-09-21T19:04:31.022550Z DEBUG quip_miner_metal::combined: combined route assigned engine="metal" job_id=study:3216:20003 metal_eligible=true ane_eligible=false
2026-09-21T19:04:31.022718Z DEBUG quip_miner_metal::combined: combined route assigned engine="metal" job_id=study:3216:20004 metal_eligible=true ane_eligible=false
2026-09-21T19:04:31.022886Z DEBUG quip_miner_metal::combined: combined route assigned engine="metal" job_id=study:3215:20000 metal_eligible=true ane_eligible=false
2026-09-21T19:04:31.023053Z DEBUG quip_miner_metal::combined: combined route assigned engine="metal" job_id=study:3215:20001 metal_eligible=true ane_eligible=false
2026-09-21T19:04:31.023219Z DEBUG quip_miner_metal::combined: combined route assigned engine="metal" job_id=study:3215:20002 metal_eligible=true ane_eligible=false
2026-09-21T19:04:31.023389Z DEBUG quip_miner_metal::combined: combined route assigned engine="metal" job_id=study:3215:20003 metal_eligible=true ane_eligible=false
2026-09-21T19:04:31.023556Z DEBUG quip_miner_metal::combined: combined route assigned engine="metal" job_id=study:3215:20004 metal_eligible=true ane_eligible=false
2026-09-21T19:04:31.038620Z DEBUG quip_miner_metal::combined: combined route completed engine="metal" job_id=study:3222:20000 outcome="completed" device_access_time_us=3114080
2026-09-21T19:04:31.038667Z DEBUG quip_miner_metal::combined: combined route completed engine="metal" job_id=study:3222:20001 outcome="completed" device_access_time_us=3114080
2026-09-21T19:04:31.038676Z DEBUG quip_miner_metal::combined: combined route completed engine="metal" job_id=study:3222:20002 outcome="completed" device_access_time_us=3114080
2026-09-21T19:04:31.038682Z DEBUG quip_miner_metal::combined: combined route completed engine="metal" job_id=study:3222:20003 outcome="completed" device_access_time_us=3114080
2026-09-21T19:04:31.038688Z DEBUG quip_miner_metal::combined: combined route completed engine="metal" job_id=study:3222:20004 outcome="completed" device_access_time_us=3114080
2026-09-21T19:04:31.038695Z DEBUG quip_miner_metal::combined: combined route completed engine="metal" job_id=study:3221:20000 outcome="completed" device_access_time_us=3114080
2026-09-21T19:04:31.038701Z DEBUG quip_miner_metal::combined: combined route completed engine="metal" job_id=study:3221:20001 outcome="completed" device_access_time_us=3114080
2026-09-21T19:04:31.038706Z DEBUG quip_miner_metal::combined: combined route completed engine="metal" job_id=study:3221:20002 outcome="completed" device_access_time_us=3114080
2026-09-21T19:04:31.038712Z DEBUG quip_miner_metal::combined: combined route completed engine="metal" job_id=study:3221:20003 outcome="completed" device_access_time_us=3114080
2026-09-21T19:04:31.038717Z DEBUG quip_miner_metal::combined: combined route completed engine="metal" job_id=study:3221:20004 outcome="completed" device_access_time_us=3114080
2026-09-21T19:04:31.038723Z DEBUG quip_miner_metal::combined: combined route completed engine="metal" job_id=study:3220:20000 outcome="completed" device_access_time_us=3114080
2026-09-21T19:04:31.038728Z DEBUG quip_miner_metal::combined: combined route completed engine="metal" job_id=study:3220:20001 outcome="completed" device_access_time_us=3114080
2026-09-21T19:04:31.038733Z DEBUG quip_miner_metal::combined: combined route completed engine="metal" job_id=study:3220:20002 outcome="completed" device_access_time_us=3114080
2026-09-21T19:04:31.038739Z DEBUG quip_miner_metal::combined: combined route completed engine="metal" job_id=study:3220:20003 outcome="completed" device_access_time_us=3114080
2026-09-21T19:04:31.038744Z DEBUG quip_miner_metal::combined: combined route completed engine="metal" job_id=study:3220:20004 outcome="completed" device_access_time_us=3114080
2026-09-21T19:04:31.038749Z DEBUG quip_miner_metal::combined: combined route completed engine="metal" job_id=study:3219:20000 outcome="completed" device_access_time_us=3114080
2026-09-21T19:04:31.038755Z DEBUG quip_miner_metal::combined: combined route completed engine="metal" job_id=study:3219:20001 outcome="completed" device_access_time_us=3114080
2026-09-21T19:04:31.038781Z DEBUG quip_miner_metal::combined: combined route completed engine="metal" job_id=study:3219:20002 outcome="completed" device_access_time_us=3114080
2026-09-21T19:04:31.038786Z DEBUG quip_miner_metal::combined: combined route completed engine="metal" job_id=study:3219:20003 outcome="completed" device_access_time_us=3114080
2026-09-21T19:04:31.038790Z DEBUG quip_miner_metal::combined: combined route completed engine="metal" job_id=study:3219:20004 outcome="completed" device_access_time_us=3114080
2026-09-21T19:04:31.038796Z DEBUG quip_miner_metal::combined: combined route assigned engine="metal" job_id=study:3214:20000 metal_eligible=true ane_eligible=false
2026-09-21T19:04:31.038962Z DEBUG quip_miner_metal::combined: combined route assigned engine="metal" job_id=study:3214:20001 metal_eligible=true ane_eligible=false
2026-09-21T19:04:31.039174Z DEBUG quip_miner_metal::combined: combined route assigned engine="metal" job_id=study:3214:20002 metal_eligible=true ane_eligible=false
2026-09-21T19:04:31.039355Z DEBUG quip_miner_metal::combined: combined route assigned engine="metal" job_id=study:3214:20003 metal_eligible=true ane_eligible=false
2026-09-21T19:04:31.039525Z DEBUG quip_miner_metal::combined: combined route assigned engine="metal" job_id=study:3214:20004 metal_eligible=true ane_eligible=false
2026-09-21T19:04:31.039693Z DEBUG quip_miner_metal::combined: combined route assigned engine="metal" job_id=study:3213:20000 metal_eligible=true ane_eligible=false
2026-09-21T19:04:31.039860Z DEBUG quip_miner_metal::combined: combined route assigned engine="metal" job_id=study:3213:20001 metal_eligible=true ane_eligible=false
2026-09-21T19:04:31.040026Z DEBUG quip_miner_metal::combined: combined route assigned engine="metal" job_id=study:3213:20002 metal_eligible=true ane_eligible=false
2026-09-21T19:04:31.040193Z DEBUG quip_miner_metal::combined: combined route assigned engine="metal" job_id=study:3213:20003 metal_eligible=true ane_eligible=false
2026-09-21T19:04:31.040363Z DEBUG quip_miner_metal::combined: combined route assigned engine="metal" job_id=study:3213:20004 metal_eligible=true ane_eligible=false
2026-09-21T19:04:31.040529Z DEBUG quip_miner_metal::combined: combined route assigned engine="metal" job_id=study:3212:20000 metal_eligible=true ane_eligible=false
2026-09-21T19:04:31.040697Z DEBUG quip_miner_metal::combined: combined route assigned engine="metal" job_id=study:3212:20001 metal_eligible=true ane_eligible=false
2026-09-21T19:04:31.040864Z DEBUG quip_miner_metal::combined: combined route assigned engine="metal" job_id=study:3212:20002 metal_eligible=true ane_eligible=false
2026-09-21T19:04:31.041031Z DEBUG quip_miner_metal::combined: combined route assigned engine="metal" job_id=study:3212:20003 metal_eligible=true ane_eligible=false
2026-09-21T19:04:31.041199Z DEBUG quip_miner_metal::combined: combined route assigned engine="metal" job_id=study:3212:20004 metal_eligible=true ane_eligible=false
2026-09-21T19:04:31.041365Z DEBUG quip_miner_metal::combined: combined route assigned engine="metal" job_id=study:3211:20000 metal_eligible=true ane_eligible=false
2026-09-21T19:04:31.041532Z DEBUG quip_miner_metal::combined: combined route assigned engine="metal" job_id=study:3211:20001 metal_eligible=true ane_eligible=false
2026-09-21T19:04:31.041763Z DEBUG quip_miner_metal::combined: combined route assigned engine="metal" job_id=study:3211:20002 metal_eligible=true ane_eligible=false
2026-09-21T19:04:31.041948Z DEBUG quip_miner_metal::combined: combined route assigned engine="metal" job_id=study:3211:20003 metal_eligible=true ane_eligible=false
2026-09-21T19:04:31.042143Z DEBUG quip_miner_metal::combined: combined route assigned engine="metal" job_id=study:3211:20004 metal_eligible=true ane_eligible=false
2026-09-21T19:04:34.480655Z DEBUG quip_miner_metal::combined: combined route completed engine="metal" job_id=study:3218:20000 outcome="completed" device_access_time_us=3260979
2026-09-21T19:04:34.480737Z DEBUG quip_miner_metal::combined: combined route completed engine="metal" job_id=study:3218:20001 outcome="completed" device_access_time_us=3260979
2026-09-21T19:04:34.480744Z DEBUG quip_miner_metal::combined: combined route completed engine="metal" job_id=study:3218:20002 outcome="completed" device_access_time_us=3260979
2026-09-21T19:04:34.480749Z DEBUG quip_miner_metal::combined: combined route completed engine="metal" job_id=study:3218:20003 outcome="completed" device_access_time_us=3260979
2026-09-21T19:04:34.480753Z DEBUG quip_miner_metal::combined: combined route completed engine="metal" job_id=study:3218:20004 outcome="completed" device_access_time_us=3260979
2026-09-21T19:04:34.480757Z DEBUG quip_miner_metal::combined: combined route completed engine="metal" job_id=study:3217:20000 outcome="completed" device_access_time_us=3260979
2026-09-21T19:04:34.480761Z DEBUG quip_miner_metal::combined: combined route completed engine="metal" job_id=study:3217:20001 outcome="completed" device_access_time_us=3260979
2026-09-21T19:04:34.480765Z DEBUG quip_miner_metal::combined: combined route completed engine="metal" job_id=study:3217:20002 outcome="completed" device_access_time_us=3260979
2026-09-21T19:04:34.480768Z DEBUG quip_miner_metal::combined: combined route completed engine="metal" job_id=study:3217:20003 outcome="completed" device_access_time_us=3260979
2026-09-21T19:04:34.480771Z DEBUG quip_miner_metal::combined: combined route completed engine="metal" job_id=study:3217:20004 outcome="completed" device_access_time_us=3260979
2026-09-21T19:04:34.480774Z DEBUG quip_miner_metal::combined: combined route completed engine="metal" job_id=study:3216:20000 outcome="completed" device_access_time_us=3260979
2026-09-21T19:04:34.480776Z DEBUG quip_miner_metal::combined: combined route completed engine="metal" job_id=study:3216:20001 outcome="completed" device_access_time_us=3260979
2026-09-21T19:04:34.480778Z DEBUG quip_miner_metal::combined: combined route completed engine="metal" job_id=study:3216:20002 outcome="completed" device_access_time_us=3260979
2026-09-21T19:04:34.480781Z DEBUG quip_miner_metal::combined: combined route completed engine="metal" job_id=study:3216:20003 outcome="completed" device_access_time_us=3260979
2026-09-21T19:04:34.480783Z DEBUG quip_miner_metal::combined: combined route completed engine="metal" job_id=study:3216:20004 outcome="completed" device_access_time_us=3260979
2026-09-21T19:04:34.480786Z DEBUG quip_miner_metal::combined: combined route completed engine="metal" job_id=study:3215:20000 outcome="completed" device_access_time_us=3260979
2026-09-21T19:04:34.480788Z DEBUG quip_miner_metal::combined: combined route completed engine="metal" job_id=study:3215:20001 outcome="completed" device_access_time_us=3260979
2026-09-21T19:04:34.480791Z DEBUG quip_miner_metal::combined: combined route completed engine="metal" job_id=study:3215:20002 outcome="completed" device_access_time_us=3260979
2026-09-21T19:04:34.480794Z DEBUG quip_miner_metal::combined: combined route completed engine="metal" job_id=study:3215:20003 outcome="completed" device_access_time_us=3260979
2026-09-21T19:04:34.480796Z DEBUG quip_miner_metal::combined: combined route completed engine="metal" job_id=study:3215:20004 outcome="completed" device_access_time_us=3260979
2026-09-21T19:04:34.480800Z DEBUG quip_miner_metal::combined: combined route assigned engine="metal" job_id=study:3210:20000 metal_eligible=true ane_eligible=false
2026-09-21T19:04:34.480917Z DEBUG quip_miner_metal::combined: combined route assigned engine="metal" job_id=study:3210:20001 metal_eligible=true ane_eligible=false
2026-09-21T19:04:34.481038Z DEBUG quip_miner_metal::combined: combined route assigned engine="metal" job_id=study:3210:20002 metal_eligible=true ane_eligible=false
2026-09-21T19:04:34.481205Z DEBUG quip_miner_metal::combined: combined route assigned engine="metal" job_id=study:3210:20003 metal_eligible=true ane_eligible=false
2026-09-21T19:04:34.481331Z DEBUG quip_miner_metal::combined: combined route assigned engine="metal" job_id=study:3210:20004 metal_eligible=true ane_eligible=false
2026-09-21T19:04:34.481501Z DEBUG quip_miner_metal::combined: combined route assigned engine="metal" job_id=study:3209:20000 metal_eligible=true ane_eligible=false
2026-09-21T19:04:34.481617Z DEBUG quip_miner_metal::combined: combined route assigned engine="metal" job_id=study:3209:20001 metal_eligible=true ane_eligible=false
2026-09-21T19:04:34.481733Z DEBUG quip_miner_metal::combined: combined route assigned engine="metal" job_id=study:3209:20002 metal_eligible=true ane_eligible=false
2026-09-21T19:04:34.481849Z DEBUG quip_miner_metal::combined: combined route assigned engine="metal" job_id=study:3209:20003 metal_eligible=true ane_eligible=false
2026-09-21T19:04:34.482026Z DEBUG quip_miner_metal::combined: combined route assigned engine="metal" job_id=study:3209:20004 metal_eligible=true ane_eligible=false
2026-09-21T19:04:34.482204Z DEBUG quip_miner_metal::combined: combined route assigned engine="metal" job_id=study:3208:20000 metal_eligible=true ane_eligible=false
2026-09-21T19:04:34.482363Z DEBUG quip_miner_metal::combined: combined route assigned engine="metal" job_id=study:3208:20001 metal_eligible=true ane_eligible=false
2026-09-21T19:04:34.482478Z DEBUG quip_miner_metal::combined: combined route assigned engine="metal" job_id=study:3208:20002 metal_eligible=true ane_eligible=false
2026-09-21T19:04:34.482636Z DEBUG quip_miner_metal::combined: combined route assigned engine="metal" job_id=study:3208:20003 metal_eligible=true ane_eligible=false
2026-09-21T19:04:34.482751Z DEBUG quip_miner_metal::combined: combined route assigned engine="metal" job_id=study:3208:20004 metal_eligible=true ane_eligible=false
2026-09-21T19:04:34.482921Z DEBUG quip_miner_metal::combined: combined route assigned engine="metal" job_id=study:3207:20000 metal_eligible=true ane_eligible=false
2026-09-21T19:04:34.483038Z DEBUG quip_miner_metal::combined: combined route assigned engine="metal" job_id=study:3207:20001 metal_eligible=true ane_eligible=false
2026-09-21T19:04:34.483192Z DEBUG quip_miner_metal::combined: combined route assigned engine="metal" job_id=study:3207:20002 metal_eligible=true ane_eligible=false
2026-09-21T19:04:34.483306Z DEBUG quip_miner_metal::combined: combined route assigned engine="metal" job_id=study:3207:20003 metal_eligible=true ane_eligible=false
2026-09-21T19:04:34.483421Z DEBUG quip_miner_metal::combined: combined route assigned engine="metal" job_id=study:3207:20004 metal_eligible=true ane_eligible=false
2026-09-21T19:04:34.537702Z DEBUG quip_miner_metal::combined: combined route completed engine="metal" job_id=study:3214:20000 outcome="completed" device_access_time_us=3221275
2026-09-21T19:04:34.537725Z DEBUG quip_miner_metal::combined: combined route completed engine="metal" job_id=study:3214:20001 outcome="completed" device_access_time_us=3221275
2026-09-21T19:04:34.537729Z DEBUG quip_miner_metal::combined: combined route completed engine="metal" job_id=study:3214:20002 outcome="completed" device_access_time_us=3221275
2026-09-21T19:04:34.537733Z DEBUG quip_miner_metal::combined: combined route completed engine="metal" job_id=study:3214:20003 outcome="completed" device_access_time_us=3221275
2026-09-21T19:04:34.537736Z DEBUG quip_miner_metal::combined: combined route completed engine="metal" job_id=study:3214:20004 outcome="completed" device_access_time_us=3221275
2026-09-21T19:04:34.537739Z DEBUG quip_miner_metal::combined: combined route completed engine="metal" job_id=study:3213:20000 outcome="completed" device_access_time_us=3221275
2026-09-21T19:04:34.537742Z DEBUG quip_miner_metal::combined: combined route completed engine="metal" job_id=study:3213:20001 outcome="completed" device_access_time_us=3221275
2026-09-21T19:04:34.537744Z DEBUG quip_miner_metal::combined: combined route completed engine="metal" job_id=study:3213:20002 outcome="completed" device_access_time_us=3221275
2026-09-21T19:04:34.537747Z DEBUG quip_miner_metal::combined: combined route completed engine="metal" job_id=study:3213:20003 outcome="completed" device_access_time_us=3221275
2026-09-21T19:04:34.537759Z DEBUG quip_miner_metal::combined: combined route completed engine="metal" job_id=study:3213:20004 outcome="completed" device_access_time_us=3221275
2026-09-21T19:04:34.537762Z DEBUG quip_miner_metal::combined: combined route completed engine="metal" job_id=study:3212:20000 outcome="completed" device_access_time_us=3221275
2026-09-21T19:04:34.537764Z DEBUG quip_miner_metal::combined: combined route completed engine="metal" job_id=study:3212:20001 outcome="completed" device_access_time_us=3221275
2026-09-21T19:04:34.537767Z DEBUG quip_miner_metal::combined: combined route completed engine="metal" job_id=study:3212:20002 outcome="completed" device_access_time_us=3221275
2026-09-21T19:04:34.537770Z DEBUG quip_miner_metal::combined: combined route completed engine="metal" job_id=study:3212:20003 outcome="completed" device_access_time_us=3221275
2026-09-21T19:04:34.537772Z DEBUG quip_miner_metal::combined: combined route completed engine="metal" job_id=study:3212:20004 outcome="completed" device_access_time_us=3221275
2026-09-21T19:04:34.537775Z DEBUG quip_miner_metal::combined: combined route completed engine="metal" job_id=study:3211:20000 outcome="completed" device_access_time_us=3221275
2026-09-21T19:04:34.537777Z DEBUG quip_miner_metal::combined: combined route completed engine="metal" job_id=study:3211:20001 outcome="completed" device_access_time_us=3221275
2026-09-21T19:04:34.537780Z DEBUG quip_miner_metal::combined: combined route completed engine="metal" job_id=study:3211:20002 outcome="completed" device_access_time_us=3221275
2026-09-21T19:04:34.537782Z DEBUG quip_miner_metal::combined: combined route completed engine="metal" job_id=study:3211:20003 outcome="completed" device_access_time_us=3221275
2026-09-21T19:04:34.537785Z DEBUG quip_miner_metal::combined: combined route completed engine="metal" job_id=study:3211:20004 outcome="completed" device_access_time_us=3221275
2026-09-21T19:04:34.537788Z DEBUG quip_miner_metal::combined: combined route assigned engine="metal" job_id=study:3206:20000 metal_eligible=true ane_eligible=false
2026-09-21T19:04:34.537903Z DEBUG quip_miner_metal::combined: combined route assigned engine="metal" job_id=study:3206:20001 metal_eligible=true ane_eligible=false
2026-09-21T19:04:34.538018Z DEBUG quip_miner_metal::combined: combined route assigned engine="metal" job_id=study:3206:20002 metal_eligible=true ane_eligible=false
2026-09-21T19:04:34.538132Z DEBUG quip_miner_metal::combined: combined route assigned engine="metal" job_id=study:3206:20003 metal_eligible=true ane_eligible=false
2026-09-21T19:04:34.538246Z DEBUG quip_miner_metal::combined: combined route assigned engine="metal" job_id=study:3206:20004 metal_eligible=true ane_eligible=false
2026-09-21T19:04:34.538360Z DEBUG quip_miner_metal::combined: combined route assigned engine="metal" job_id=study:3205:20000 metal_eligible=true ane_eligible=false
2026-09-21T19:04:34.538474Z DEBUG quip_miner_metal::combined: combined route assigned engine="metal" job_id=study:3205:20001 metal_eligible=true ane_eligible=false
2026-09-21T19:04:34.538614Z DEBUG quip_miner_metal::combined: combined route assigned engine="metal" job_id=study:3205:20002 metal_eligible=true ane_eligible=false
2026-09-21T19:04:34.538768Z DEBUG quip_miner_metal::combined: combined route assigned engine="metal" job_id=study:3205:20003 metal_eligible=true ane_eligible=false
2026-09-21T19:04:34.538964Z DEBUG quip_miner_metal::combined: combined route assigned engine="metal" job_id=study:3205:20004 metal_eligible=true ane_eligible=false
2026-09-21T19:04:34.539166Z DEBUG quip_miner_metal::combined: combined route assigned engine="metal" job_id=study:3204:20000 metal_eligible=true ane_eligible=false
2026-09-21T19:04:34.539362Z DEBUG quip_miner_metal::combined: combined route assigned engine="metal" job_id=study:3204:20001 metal_eligible=true ane_eligible=false
2026-09-21T19:04:34.539564Z DEBUG quip_miner_metal::combined: combined route assigned engine="metal" job_id=study:3204:20002 metal_eligible=true ane_eligible=false
2026-09-21T19:04:34.539758Z DEBUG quip_miner_metal::combined: combined route assigned engine="metal" job_id=study:3204:20003 metal_eligible=true ane_eligible=false
2026-09-21T19:04:34.539901Z DEBUG quip_miner_metal::combined: combined route assigned engine="metal" job_id=study:3204:20004 metal_eligible=true ane_eligible=false
2026-09-21T19:04:34.540092Z DEBUG quip_miner_metal::combined: combined route assigned engine="metal" job_id=study:3203:20000 metal_eligible=true ane_eligible=false
2026-09-21T19:04:34.540261Z DEBUG quip_miner_metal::combined: combined route assigned engine="metal" job_id=study:3203:20001 metal_eligible=true ane_eligible=false
2026-09-21T19:04:34.540472Z DEBUG quip_miner_metal::combined: combined route assigned engine="metal" job_id=study:3203:20002 metal_eligible=true ane_eligible=false
2026-09-21T19:04:34.540667Z DEBUG quip_miner_metal::combined: combined route assigned engine="metal" job_id=study:3203:20003 metal_eligible=true ane_eligible=false
2026-09-21T19:04:34.540860Z DEBUG quip_miner_metal::combined: combined route assigned engine="metal" job_id=study:3203:20004 metal_eligible=true ane_eligible=false
2026-09-21T19:04:37.615499Z DEBUG quip_miner_metal::combined: combined route completed engine="metal" job_id=study:3210:20000 outcome="completed" device_access_time_us=2781806
2026-09-21T19:04:37.615552Z DEBUG quip_miner_metal::combined: combined route completed engine="metal" job_id=study:3210:20001 outcome="completed" device_access_time_us=2781806
2026-09-21T19:04:37.615559Z DEBUG quip_miner_metal::combined: combined route completed engine="metal" job_id=study:3210:20002 outcome="completed" device_access_time_us=2781806
2026-09-21T19:04:37.615563Z DEBUG quip_miner_metal::combined: combined route completed engine="metal" job_id=study:3210:20003 outcome="completed" device_access_time_us=2781806
2026-09-21T19:04:37.615568Z DEBUG quip_miner_metal::combined: combined route completed engine="metal" job_id=study:3210:20004 outcome="completed" device_access_time_us=2781806
2026-09-21T19:04:37.615572Z DEBUG quip_miner_metal::combined: combined route completed engine="metal" job_id=study:3209:20000 outcome="completed" device_access_time_us=2781806
2026-09-21T19:04:37.615576Z DEBUG quip_miner_metal::combined: combined route completed engine="metal" job_id=study:3209:20001 outcome="completed" device_access_time_us=2781806
2026-09-21T19:04:37.615579Z DEBUG quip_miner_metal::combined: combined route completed engine="metal" job_id=study:3209:20002 outcome="completed" device_access_time_us=2781806
2026-09-21T19:04:37.615582Z DEBUG quip_miner_metal::combined: combined route completed engine="metal" job_id=study:3209:20003 outcome="completed" device_access_time_us=2781806
2026-09-21T19:04:37.615585Z DEBUG quip_miner_metal::combined: combined route completed engine="metal" job_id=study:3209:20004 outcome="completed" device_access_time_us=2781806
2026-09-21T19:04:37.615588Z DEBUG quip_miner_metal::combined: combined route completed engine="metal" job_id=study:3208:20000 outcome="completed" device_access_time_us=2781806
2026-09-21T19:04:37.615590Z DEBUG quip_miner_metal::combined: combined route completed engine="metal" job_id=study:3208:20001 outcome="completed" device_access_time_us=2781806
2026-09-21T19:04:37.615593Z DEBUG quip_miner_metal::combined: combined route completed engine="metal" job_id=study:3208:20002 outcome="completed" device_access_time_us=2781806
2026-09-21T19:04:37.615595Z DEBUG quip_miner_metal::combined: combined route completed engine="metal" job_id=study:3208:20003 outcome="completed" device_access_time_us=2781806
2026-09-21T19:04:37.615597Z DEBUG quip_miner_metal::combined: combined route completed engine="metal" job_id=study:3208:20004 outcome="completed" device_access_time_us=2781806
2026-09-21T19:04:37.615599Z DEBUG quip_miner_metal::combined: combined route completed engine="metal" job_id=study:3207:20000 outcome="completed" device_access_time_us=2781806
2026-09-21T19:04:37.615602Z DEBUG quip_miner_metal::combined: combined route completed engine="metal" job_id=study:3207:20001 outcome="completed" device_access_time_us=2781806
2026-09-21T19:04:37.615604Z DEBUG quip_miner_metal::combined: combined route completed engine="metal" job_id=study:3207:20002 outcome="completed" device_access_time_us=2781806
2026-09-21T19:04:37.615606Z DEBUG quip_miner_metal::combined: combined route completed engine="metal" job_id=study:3207:20003 outcome="completed" device_access_time_us=2781806
2026-09-21T19:04:37.615609Z DEBUG quip_miner_metal::combined: combined route completed engine="metal" job_id=study:3207:20004 outcome="completed" device_access_time_us=2781806
2026-09-21T19:04:37.615612Z DEBUG quip_miner_metal::combined: combined route assigned engine="metal" job_id=study:3202:20000 metal_eligible=true ane_eligible=false
2026-09-21T19:04:37.615720Z DEBUG quip_miner_metal::combined: combined route assigned engine="metal" job_id=study:3202:20001 metal_eligible=true ane_eligible=false
2026-09-21T19:04:37.615832Z DEBUG quip_miner_metal::combined: combined route assigned engine="metal" job_id=study:3202:20002 metal_eligible=true ane_eligible=false
2026-09-21T19:04:37.615938Z DEBUG quip_miner_metal::combined: combined route assigned engine="metal" job_id=study:3202:20003 metal_eligible=true ane_eligible=false
2026-09-21T19:04:37.616054Z DEBUG quip_miner_metal::combined: combined route assigned engine="metal" job_id=study:3202:20004 metal_eligible=true ane_eligible=false
2026-09-21T19:04:37.616178Z DEBUG quip_miner_metal::combined: combined route assigned engine="metal" job_id=study:3201:20000 metal_eligible=true ane_eligible=false
2026-09-21T19:04:37.616299Z DEBUG quip_miner_metal::combined: combined route assigned engine="metal" job_id=study:3201:20001 metal_eligible=true ane_eligible=false
2026-09-21T19:04:37.616424Z DEBUG quip_miner_metal::combined: combined route assigned engine="metal" job_id=study:3201:20002 metal_eligible=true ane_eligible=false
2026-09-21T19:04:37.616539Z DEBUG quip_miner_metal::combined: combined route assigned engine="metal" job_id=study:3201:20003 metal_eligible=true ane_eligible=false
2026-09-21T19:04:37.616646Z DEBUG quip_miner_metal::combined: combined route assigned engine="metal" job_id=study:3201:20004 metal_eligible=true ane_eligible=false
2026-09-21T19:04:37.616757Z DEBUG quip_miner_metal::combined: combined route assigned engine="metal" job_id=study:3200:20000 metal_eligible=true ane_eligible=false
2026-09-21T19:04:37.616862Z DEBUG quip_miner_metal::combined: combined route assigned engine="metal" job_id=study:3200:20001 metal_eligible=true ane_eligible=false
2026-09-21T19:04:37.616966Z DEBUG quip_miner_metal::combined: combined route assigned engine="metal" job_id=study:3200:20002 metal_eligible=true ane_eligible=false
2026-09-21T19:04:37.617071Z DEBUG quip_miner_metal::combined: combined route assigned engine="metal" job_id=study:3200:20003 metal_eligible=true ane_eligible=false
2026-09-21T19:04:37.617175Z DEBUG quip_miner_metal::combined: combined route assigned engine="metal" job_id=study:3200:20004 metal_eligible=true ane_eligible=false
2026-09-21T19:04:37.617279Z DEBUG quip_miner_metal::combined: combined route assigned engine="metal" job_id=study:3199:20000 metal_eligible=true ane_eligible=false
2026-09-21T19:04:37.617384Z DEBUG quip_miner_metal::combined: combined route assigned engine="metal" job_id=study:3199:20001 metal_eligible=true ane_eligible=false
2026-09-21T19:04:37.617487Z DEBUG quip_miner_metal::combined: combined route assigned engine="metal" job_id=study:3199:20002 metal_eligible=true ane_eligible=false
2026-09-21T19:04:37.617592Z DEBUG quip_miner_metal::combined: combined route assigned engine="metal" job_id=study:3199:20003 metal_eligible=true ane_eligible=false
2026-09-21T19:04:37.617715Z DEBUG quip_miner_metal::combined: combined route assigned engine="metal" job_id=study:3199:20004 metal_eligible=true ane_eligible=false
2026-09-21T19:04:37.632934Z DEBUG quip_miner_metal::combined: combined route completed engine="metal" job_id=study:3206:20000 outcome="completed" device_access_time_us=3050339
2026-09-21T19:04:37.632970Z DEBUG quip_miner_metal::combined: combined route completed engine="metal" job_id=study:3206:20001 outcome="completed" device_access_time_us=3050339
2026-09-21T19:04:37.632980Z DEBUG quip_miner_metal::combined: combined route completed engine="metal" job_id=study:3206:20002 outcome="completed" device_access_time_us=3050339
2026-09-21T19:04:37.632984Z DEBUG quip_miner_metal::combined: combined route completed engine="metal" job_id=study:3206:20003 outcome="completed" device_access_time_us=3050339
2026-09-21T19:04:37.632989Z DEBUG quip_miner_metal::combined: combined route completed engine="metal" job_id=study:3206:20004 outcome="completed" device_access_time_us=3050339
2026-09-21T19:04:37.632992Z DEBUG quip_miner_metal::combined: combined route completed engine="metal" job_id=study:3205:20000 outcome="completed" device_access_time_us=3050339
2026-09-21T19:04:37.632996Z DEBUG quip_miner_metal::combined: combined route completed engine="metal" job_id=study:3205:20001 outcome="completed" device_access_time_us=3050339
2026-09-21T19:04:37.632999Z DEBUG quip_miner_metal::combined: combined route completed engine="metal" job_id=study:3205:20002 outcome="completed" device_access_time_us=3050339
2026-09-21T19:04:37.633002Z DEBUG quip_miner_metal::combined: combined route completed engine="metal" job_id=study:3205:20003 outcome="completed" device_access_time_us=3050339
2026-09-21T19:04:37.633005Z DEBUG quip_miner_metal::combined: combined route completed engine="metal" job_id=study:3205:20004 outcome="completed" device_access_time_us=3050339
2026-09-21T19:04:37.633008Z DEBUG quip_miner_metal::combined: combined route completed engine="metal" job_id=study:3204:20000 outcome="completed" device_access_time_us=3050339
2026-09-21T19:04:37.633010Z DEBUG quip_miner_metal::combined: combined route completed engine="metal" job_id=study:3204:20001 outcome="completed" device_access_time_us=3050339
2026-09-21T19:04:37.633013Z DEBUG quip_miner_metal::combined: combined route completed engine="metal" job_id=study:3204:20002 outcome="completed" device_access_time_us=3050339
2026-09-21T19:04:37.633019Z DEBUG quip_miner_metal::combined: combined route completed engine="metal" job_id=study:3204:20003 outcome="completed" device_access_time_us=3050339
2026-09-21T19:04:37.633022Z DEBUG quip_miner_metal::combined: combined route completed engine="metal" job_id=study:3204:20004 outcome="completed" device_access_time_us=3050339
2026-09-21T19:04:37.633025Z DEBUG quip_miner_metal::combined: combined route completed engine="metal" job_id=study:3203:20000 outcome="completed" device_access_time_us=3050339
2026-09-21T19:04:37.633028Z DEBUG quip_miner_metal::combined: combined route completed engine="metal" job_id=study:3203:20001 outcome="completed" device_access_time_us=3050339
2026-09-21T19:04:37.633031Z DEBUG quip_miner_metal::combined: combined route completed engine="metal" job_id=study:3203:20002 outcome="completed" device_access_time_us=3050339
2026-09-21T19:04:37.633035Z DEBUG quip_miner_metal::combined: combined route completed engine="metal" job_id=study:3203:20003 outcome="completed" device_access_time_us=3050339
2026-09-21T19:04:37.633038Z DEBUG quip_miner_metal::combined: combined route completed engine="metal" job_id=study:3203:20004 outcome="completed" device_access_time_us=3050339
2026-09-21T19:04:37.633043Z DEBUG quip_miner_metal::combined: combined route assigned engine="metal" job_id=study:3198:20000 metal_eligible=true ane_eligible=false
2026-09-21T19:04:37.633177Z DEBUG quip_miner_metal::combined: combined route assigned engine="metal" job_id=study:3198:20001 metal_eligible=true ane_eligible=false
2026-09-21T19:04:37.633311Z DEBUG quip_miner_metal::combined: combined route assigned engine="metal" job_id=study:3198:20002 metal_eligible=true ane_eligible=false
2026-09-21T19:04:37.633440Z DEBUG quip_miner_metal::combined: combined route assigned engine="metal" job_id=study:3198:20003 metal_eligible=true ane_eligible=false
2026-09-21T19:04:37.633570Z DEBUG quip_miner_metal::combined: combined route assigned engine="metal" job_id=study:3198:20004 metal_eligible=true ane_eligible=false
2026-09-21T19:04:37.633698Z DEBUG quip_miner_metal::combined: combined route assigned engine="metal" job_id=study:3197:20000 metal_eligible=true ane_eligible=false
2026-09-21T19:04:37.633831Z DEBUG quip_miner_metal::combined: combined route assigned engine="metal" job_id=study:3197:20001 metal_eligible=true ane_eligible=false
2026-09-21T19:04:37.633962Z DEBUG quip_miner_metal::combined: combined route assigned engine="metal" job_id=study:3197:20002 metal_eligible=true ane_eligible=false
2026-09-21T19:04:37.634091Z DEBUG quip_miner_metal::combined: combined route assigned engine="metal" job_id=study:3197:20003 metal_eligible=true ane_eligible=false
2026-09-21T19:04:37.634224Z DEBUG quip_miner_metal::combined: combined route assigned engine="metal" job_id=study:3197:20004 metal_eligible=true ane_eligible=false
2026-09-21T19:04:37.634353Z DEBUG quip_miner_metal::combined: combined route assigned engine="metal" job_id=study:3196:20000 metal_eligible=true ane_eligible=false
2026-09-21T19:04:37.634481Z DEBUG quip_miner_metal::combined: combined route assigned engine="metal" job_id=study:3196:20001 metal_eligible=true ane_eligible=false
2026-09-21T19:04:37.634607Z DEBUG quip_miner_metal::combined: combined route assigned engine="metal" job_id=study:3196:20002 metal_eligible=true ane_eligible=false
2026-09-21T19:04:37.634734Z DEBUG quip_miner_metal::combined: combined route assigned engine="metal" job_id=study:3196:20003 metal_eligible=true ane_eligible=false
2026-09-21T19:04:37.634864Z DEBUG quip_miner_metal::combined: combined route assigned engine="metal" job_id=study:3196:20004 metal_eligible=true ane_eligible=false
2026-09-21T19:04:37.634991Z DEBUG quip_miner_metal::combined: combined route assigned engine="metal" job_id=study:3195:20000 metal_eligible=true ane_eligible=false
2026-09-21T19:04:37.635118Z DEBUG quip_miner_metal::combined: combined route assigned engine="metal" job_id=study:3195:20001 metal_eligible=true ane_eligible=false
2026-09-21T19:04:37.635248Z DEBUG quip_miner_metal::combined: combined route assigned engine="metal" job_id=study:3195:20002 metal_eligible=true ane_eligible=false
2026-09-21T19:04:37.635388Z DEBUG quip_miner_metal::combined: combined route assigned engine="metal" job_id=study:3195:20003 metal_eligible=true ane_eligible=false
2026-09-21T19:04:37.635537Z DEBUG quip_miner_metal::combined: combined route assigned engine="metal" job_id=study:3195:20004 metal_eligible=true ane_eligible=false
2026-09-21T19:04:40.605699Z DEBUG quip_miner_metal::combined: combined route completed engine="metal" job_id=study:3202:20000 outcome="completed" device_access_time_us=2685621
2026-09-21T19:04:40.605746Z DEBUG quip_miner_metal::combined: combined route completed engine="metal" job_id=study:3202:20001 outcome="completed" device_access_time_us=2685621
2026-09-21T19:04:40.605754Z DEBUG quip_miner_metal::combined: combined route completed engine="metal" job_id=study:3202:20002 outcome="completed" device_access_time_us=2685621
2026-09-21T19:04:40.605759Z DEBUG quip_miner_metal::combined: combined route completed engine="metal" job_id=study:3202:20003 outcome="completed" device_access_time_us=2685621
2026-09-21T19:04:40.605763Z DEBUG quip_miner_metal::combined: combined route completed engine="metal" job_id=study:3202:20004 outcome="completed" device_access_time_us=2685621
2026-09-21T19:04:40.605767Z DEBUG quip_miner_metal::combined: combined route completed engine="metal" job_id=study:3201:20000 outcome="completed" device_access_time_us=2685621
2026-09-21T19:04:40.605771Z DEBUG quip_miner_metal::combined: combined route completed engine="metal" job_id=study:3201:20001 outcome="completed" device_access_time_us=2685621
2026-09-21T19:04:40.605774Z DEBUG quip_miner_metal::combined: combined route completed engine="metal" job_id=study:3201:20002 outcome="completed" device_access_time_us=2685621
2026-09-21T19:04:40.605777Z DEBUG quip_miner_metal::combined: combined route completed engine="metal" job_id=study:3201:20003 outcome="completed" device_access_time_us=2685621
2026-09-21T19:04:40.605780Z DEBUG quip_miner_metal::combined: combined route completed engine="metal" job_id=study:3201:20004 outcome="completed" device_access_time_us=2685621
2026-09-21T19:04:40.605782Z DEBUG quip_miner_metal::combined: combined route completed engine="metal" job_id=study:3200:20000 outcome="completed" device_access_time_us=2685621
2026-09-21T19:04:40.605785Z DEBUG quip_miner_metal::combined: combined route completed engine="metal" job_id=study:3200:20001 outcome="completed" device_access_time_us=2685621
2026-09-21T19:04:40.605788Z DEBUG quip_miner_metal::combined: combined route completed engine="metal" job_id=study:3200:20002 outcome="completed" device_access_time_us=2685621
2026-09-21T19:04:40.605791Z DEBUG quip_miner_metal::combined: combined route completed engine="metal" job_id=study:3200:20003 outcome="completed" device_access_time_us=2685621
2026-09-21T19:04:40.605793Z DEBUG quip_miner_metal::combined: combined route completed engine="metal" job_id=study:3200:20004 outcome="completed" device_access_time_us=2685621
2026-09-21T19:04:40.605796Z DEBUG quip_miner_metal::combined: combined route completed engine="metal" job_id=study:3199:20000 outcome="completed" device_access_time_us=2685621
2026-09-21T19:04:40.605799Z DEBUG quip_miner_metal::combined: combined route completed engine="metal" job_id=study:3199:20001 outcome="completed" device_access_time_us=2685621
2026-09-21T19:04:40.605801Z DEBUG quip_miner_metal::combined: combined route completed engine="metal" job_id=study:3199:20002 outcome="completed" device_access_time_us=2685621
2026-09-21T19:04:40.605803Z DEBUG quip_miner_metal::combined: combined route completed engine="metal" job_id=study:3199:20003 outcome="completed" device_access_time_us=2685621
2026-09-21T19:04:40.605806Z DEBUG quip_miner_metal::combined: combined route completed engine="metal" job_id=study:3199:20004 outcome="completed" device_access_time_us=2685621
2026-09-21T19:04:40.605809Z DEBUG quip_miner_metal::combined: combined route assigned engine="metal" job_id=study:3194:20000 metal_eligible=true ane_eligible=false
2026-09-21T19:04:40.605921Z DEBUG quip_miner_metal::combined: combined route assigned engine="metal" job_id=study:3194:20001 metal_eligible=true ane_eligible=false
2026-09-21T19:04:40.606030Z DEBUG quip_miner_metal::combined: combined route assigned engine="metal" job_id=study:3194:20002 metal_eligible=true ane_eligible=false
2026-09-21T19:04:40.606135Z DEBUG quip_miner_metal::combined: combined route assigned engine="metal" job_id=study:3194:20003 metal_eligible=true ane_eligible=false
2026-09-21T19:04:40.606241Z DEBUG quip_miner_metal::combined: combined route assigned engine="metal" job_id=study:3194:20004 metal_eligible=true ane_eligible=false
2026-09-21T19:04:40.606345Z DEBUG quip_miner_metal::combined: combined route assigned engine="metal" job_id=study:3193:20000 metal_eligible=true ane_eligible=false
2026-09-21T19:04:40.606449Z DEBUG quip_miner_metal::combined: combined route assigned engine="metal" job_id=study:3193:20001 metal_eligible=true ane_eligible=false
2026-09-21T19:04:40.606554Z DEBUG quip_miner_metal::combined: combined route assigned engine="metal" job_id=study:3193:20002 metal_eligible=true ane_eligible=false
2026-09-21T19:04:40.606658Z DEBUG quip_miner_metal::combined: combined route assigned engine="metal" job_id=study:3193:20003 metal_eligible=true ane_eligible=false
2026-09-21T19:04:40.606761Z DEBUG quip_miner_metal::combined: combined route assigned engine="metal" job_id=study:3193:20004 metal_eligible=true ane_eligible=false
2026-09-21T19:04:40.606868Z DEBUG quip_miner_metal::combined: combined route assigned engine="metal" job_id=study:3192:20000 metal_eligible=true ane_eligible=false
2026-09-21T19:04:40.606973Z DEBUG quip_miner_metal::combined: combined route assigned engine="metal" job_id=study:3192:20001 metal_eligible=true ane_eligible=false
2026-09-21T19:04:40.607077Z DEBUG quip_miner_metal::combined: combined route assigned engine="metal" job_id=study:3192:20002 metal_eligible=true ane_eligible=false
2026-09-21T19:04:40.607182Z DEBUG quip_miner_metal::combined: combined route assigned engine="metal" job_id=study:3192:20003 metal_eligible=true ane_eligible=false
2026-09-21T19:04:40.607286Z DEBUG quip_miner_metal::combined: combined route assigned engine="metal" job_id=study:3192:20004 metal_eligible=true ane_eligible=false
2026-09-21T19:04:40.607390Z DEBUG quip_miner_metal::combined: combined route assigned engine="metal" job_id=study:3191:20000 metal_eligible=true ane_eligible=false
2026-09-21T19:04:40.607494Z DEBUG quip_miner_metal::combined: combined route assigned engine="metal" job_id=study:3191:20001 metal_eligible=true ane_eligible=false
2026-09-21T19:04:40.607598Z DEBUG quip_miner_metal::combined: combined route assigned engine="metal" job_id=study:3191:20002 metal_eligible=true ane_eligible=false
2026-09-21T19:04:40.607706Z DEBUG quip_miner_metal::combined: combined route assigned engine="metal" job_id=study:3191:20003 metal_eligible=true ane_eligible=false
2026-09-21T19:04:40.607810Z DEBUG quip_miner_metal::combined: combined route assigned engine="metal" job_id=study:3191:20004 metal_eligible=true ane_eligible=false
2026-09-21T19:04:40.624279Z DEBUG quip_miner_metal::combined: combined route completed engine="metal" job_id=study:3198:20000 outcome="completed" device_access_time_us=2949850
2026-09-21T19:04:40.624316Z DEBUG quip_miner_metal::combined: combined route completed engine="metal" job_id=study:3198:20001 outcome="completed" device_access_time_us=2949850
2026-09-21T19:04:40.624322Z DEBUG quip_miner_metal::combined: combined route completed engine="metal" job_id=study:3198:20002 outcome="completed" device_access_time_us=2949850
2026-09-21T19:04:40.624326Z DEBUG quip_miner_metal::combined: combined route completed engine="metal" job_id=study:3198:20003 outcome="completed" device_access_time_us=2949850
2026-09-21T19:04:40.624330Z DEBUG quip_miner_metal::combined: combined route completed engine="metal" job_id=study:3198:20004 outcome="completed" device_access_time_us=2949850
2026-09-21T19:04:40.624333Z DEBUG quip_miner_metal::combined: combined route completed engine="metal" job_id=study:3197:20000 outcome="completed" device_access_time_us=2949850
2026-09-21T19:04:40.624336Z DEBUG quip_miner_metal::combined: combined route completed engine="metal" job_id=study:3197:20001 outcome="completed" device_access_time_us=2949850
2026-09-21T19:04:40.624339Z DEBUG quip_miner_metal::combined: combined route completed engine="metal" job_id=study:3197:20002 outcome="completed" device_access_time_us=2949850
2026-09-21T19:04:40.624342Z DEBUG quip_miner_metal::combined: combined route completed engine="metal" job_id=study:3197:20003 outcome="completed" device_access_time_us=2949850
2026-09-21T19:04:40.624344Z DEBUG quip_miner_metal::combined: combined route completed engine="metal" job_id=study:3197:20004 outcome="completed" device_access_time_us=2949850
2026-09-21T19:04:40.624347Z DEBUG quip_miner_metal::combined: combined route completed engine="metal" job_id=study:3196:20000 outcome="completed" device_access_time_us=2949850
2026-09-21T19:04:40.624350Z DEBUG quip_miner_metal::combined: combined route completed engine="metal" job_id=study:3196:20001 outcome="completed" device_access_time_us=2949850
2026-09-21T19:04:40.624352Z DEBUG quip_miner_metal::combined: combined route completed engine="metal" job_id=study:3196:20002 outcome="completed" device_access_time_us=2949850
2026-09-21T19:04:40.624355Z DEBUG quip_miner_metal::combined: combined route completed engine="metal" job_id=study:3196:20003 outcome="completed" device_access_time_us=2949850
2026-09-21T19:04:40.624358Z DEBUG quip_miner_metal::combined: combined route completed engine="metal" job_id=study:3196:20004 outcome="completed" device_access_time_us=2949850
2026-09-21T19:04:40.624360Z DEBUG quip_miner_metal::combined: combined route completed engine="metal" job_id=study:3195:20000 outcome="completed" device_access_time_us=2949850
2026-09-21T19:04:40.624363Z DEBUG quip_miner_metal::combined: combined route completed engine="metal" job_id=study:3195:20001 outcome="completed" device_access_time_us=2949850
2026-09-21T19:04:40.624366Z DEBUG quip_miner_metal::combined: combined route completed engine="metal" job_id=study:3195:20002 outcome="completed" device_access_time_us=2949850
2026-09-21T19:04:40.624371Z DEBUG quip_miner_metal::combined: combined route completed engine="metal" job_id=study:3195:20003 outcome="completed" device_access_time_us=2949850
2026-09-21T19:04:40.624374Z DEBUG quip_miner_metal::combined: combined route completed engine="metal" job_id=study:3195:20004 outcome="completed" device_access_time_us=2949850
2026-09-21T19:04:42.428669Z DEBUG quip_miner_metal::combined: combined route completed engine="metal" job_id=study:3194:20000 outcome="completed" device_access_time_us=1773213
2026-09-21T19:04:42.428715Z DEBUG quip_miner_metal::combined: combined route completed engine="metal" job_id=study:3194:20001 outcome="completed" device_access_time_us=1773213
2026-09-21T19:04:42.428723Z DEBUG quip_miner_metal::combined: combined route completed engine="metal" job_id=study:3194:20002 outcome="completed" device_access_time_us=1773213
2026-09-21T19:04:42.428728Z DEBUG quip_miner_metal::combined: combined route completed engine="metal" job_id=study:3194:20003 outcome="completed" device_access_time_us=1773213
2026-09-21T19:04:42.428731Z DEBUG quip_miner_metal::combined: combined route completed engine="metal" job_id=study:3194:20004 outcome="completed" device_access_time_us=1773213
2026-09-21T19:04:42.428735Z DEBUG quip_miner_metal::combined: combined route completed engine="metal" job_id=study:3193:20000 outcome="completed" device_access_time_us=1773213
2026-09-21T19:04:42.428737Z DEBUG quip_miner_metal::combined: combined route completed engine="metal" job_id=study:3193:20001 outcome="completed" device_access_time_us=1773213
2026-09-21T19:04:42.428740Z DEBUG quip_miner_metal::combined: combined route completed engine="metal" job_id=study:3193:20002 outcome="completed" device_access_time_us=1773213
2026-09-21T19:04:42.428743Z DEBUG quip_miner_metal::combined: combined route completed engine="metal" job_id=study:3193:20003 outcome="completed" device_access_time_us=1773213
2026-09-21T19:04:42.428746Z DEBUG quip_miner_metal::combined: combined route completed engine="metal" job_id=study:3193:20004 outcome="completed" device_access_time_us=1773213
2026-09-21T19:04:42.428748Z DEBUG quip_miner_metal::combined: combined route completed engine="metal" job_id=study:3192:20000 outcome="completed" device_access_time_us=1773213
2026-09-21T19:04:42.428751Z DEBUG quip_miner_metal::combined: combined route completed engine="metal" job_id=study:3192:20001 outcome="completed" device_access_time_us=1773213
2026-09-21T19:04:42.428753Z DEBUG quip_miner_metal::combined: combined route completed engine="metal" job_id=study:3192:20002 outcome="completed" device_access_time_us=1773213
2026-09-21T19:04:42.428755Z DEBUG quip_miner_metal::combined: combined route completed engine="metal" job_id=study:3192:20003 outcome="completed" device_access_time_us=1773213
2026-09-21T19:04:42.428758Z DEBUG quip_miner_metal::combined: combined route completed engine="metal" job_id=study:3192:20004 outcome="completed" device_access_time_us=1773213
2026-09-21T19:04:42.428760Z DEBUG quip_miner_metal::combined: combined route completed engine="metal" job_id=study:3191:20000 outcome="completed" device_access_time_us=1773213
2026-09-21T19:04:42.428762Z DEBUG quip_miner_metal::combined: combined route completed engine="metal" job_id=study:3191:20001 outcome="completed" device_access_time_us=1773213
2026-09-21T19:04:42.428764Z DEBUG quip_miner_metal::combined: combined route completed engine="metal" job_id=study:3191:20002 outcome="completed" device_access_time_us=1773213
2026-09-21T19:04:42.428767Z DEBUG quip_miner_metal::combined: combined route completed engine="metal" job_id=study:3191:20003 outcome="completed" device_access_time_us=1773213
2026-09-21T19:04:42.428769Z DEBUG quip_miner_metal::combined: combined route completed engine="metal" job_id=study:3191:20004 outcome="completed" device_access_time_us=1773213
