2026-09-21T19:06:35.087354Z DEBUG quip_miner_metal::combined: combined route assigned engine="metal" job_id=warmup:3250:20010:0 metal_eligible=true ane_eligible=false
2026-09-21T19:06:36.152125Z DEBUG quip_miner_metal::combined: combined route completed engine="metal" job_id=warmup:3250:20010:0 outcome="completed" device_access_time_us=978059
2026-09-21T19:06:36.162343Z DEBUG quip_miner_metal::combined: combined route assigned engine="metal" job_id=study:3250:20010 metal_eligible=true ane_eligible=false
2026-09-21T19:06:36.162475Z DEBUG quip_miner_metal::combined: combined route assigned engine="metal" job_id=study:3250:20011 metal_eligible=true ane_eligible=false
2026-09-21T19:06:36.163861Z DEBUG quip_miner_metal::combined: combined route assigned engine="metal" job_id=study:3250:20012 metal_eligible=true ane_eligible=false
2026-09-21T19:06:36.164007Z DEBUG quip_miner_metal::combined: combined route assigned engine="metal" job_id=study:3250:20013 metal_eligible=true ane_eligible=false
2026-09-21T19:06:36.165381Z DEBUG quip_miner_metal::combined: combined route assigned engine="metal" job_id=study:3250:20014 metal_eligible=true ane_eligible=false
2026-09-21T19:06:36.165511Z DEBUG quip_miner_metal::combined: combined route assigned engine="metal" job_id=study:3249:20010 metal_eligible=true ane_eligible=false
2026-09-21T19:06:36.166880Z DEBUG quip_miner_metal::combined: combined route assigned engine="metal" job_id=study:3249:20011 metal_eligible=true ane_eligible=false
2026-09-21T19:06:36.166997Z DEBUG quip_miner_metal::combined: combined route assigned engine="metal" job_id=study:3249:20012 metal_eligible=true ane_eligible=false
2026-09-21T19:06:36.168369Z DEBUG quip_miner_metal::combined: combined route assigned engine="metal" job_id=study:3249:20013 metal_eligible=true ane_eligible=false
2026-09-21T19:06:36.168488Z DEBUG quip_miner_metal::combined: combined route assigned engine="metal" job_id=study:3249:20014 metal_eligible=true ane_eligible=false
2026-09-21T19:06:36.169854Z DEBUG quip_miner_metal::combined: combined route assigned engine="metal" job_id=study:3248:20010 metal_eligible=true ane_eligible=false
2026-09-21T19:06:36.171228Z DEBUG quip_miner_metal::combined: combined route assigned engine="metal" job_id=study:3248:20011 metal_eligible=true ane_eligible=false
2026-09-21T19:06:36.171337Z DEBUG quip_miner_metal::combined: combined route assigned engine="metal" job_id=study:3248:20012 metal_eligible=true ane_eligible=false
2026-09-21T19:06:36.172697Z DEBUG quip_miner_metal::combined: combined route assigned engine="metal" job_id=study:3248:20013 metal_eligible=true ane_eligible=false
2026-09-21T19:06:36.172808Z DEBUG quip_miner_metal::combined: combined route assigned engine="metal" job_id=study:3248:20014 metal_eligible=true ane_eligible=false
2026-09-21T19:06:36.174175Z DEBUG quip_miner_metal::combined: combined route assigned engine="metal" job_id=study:3247:20010 metal_eligible=true ane_eligible=false
2026-09-21T19:06:36.174293Z DEBUG quip_miner_metal::combined: combined route assigned engine="metal" job_id=study:3247:20011 metal_eligible=true ane_eligible=false
2026-09-21T19:06:36.175665Z DEBUG quip_miner_metal::combined: combined route assigned engine="metal" job_id=study:3247:20012 metal_eligible=true ane_eligible=false
2026-09-21T19:06:36.175780Z DEBUG quip_miner_metal::combined: combined route assigned engine="metal" job_id=study:3247:20013 metal_eligible=true ane_eligible=false
2026-09-21T19:06:36.177145Z DEBUG quip_miner_metal::combined: combined route assigned engine="metal" job_id=study:3247:20014 metal_eligible=true ane_eligible=false
2026-09-21T19:06:36.177255Z DEBUG quip_miner_metal::combined: combined route assigned engine="metal" job_id=study:3246:20010 metal_eligible=true ane_eligible=false
2026-09-21T19:06:36.178623Z DEBUG quip_miner_metal::combined: combined route assigned engine="metal" job_id=study:3246:20011 metal_eligible=true ane_eligible=false
2026-09-21T19:06:36.178735Z DEBUG quip_miner_metal::combined: combined route assigned engine="metal" job_id=study:3246:20012 metal_eligible=true ane_eligible=false
2026-09-21T19:06:36.180107Z DEBUG quip_miner_metal::combined: combined route assigned engine="metal" job_id=study:3246:20013 metal_eligible=true ane_eligible=false
2026-09-21T19:06:36.180219Z DEBUG quip_miner_metal::combined: combined route assigned engine="metal" job_id=study:3246:20014 metal_eligible=true ane_eligible=false
2026-09-21T19:06:36.181585Z DEBUG quip_miner_metal::combined: combined route assigned engine="metal" job_id=study:3245:20010 metal_eligible=true ane_eligible=false
2026-09-21T19:06:36.181699Z DEBUG quip_miner_metal::combined: combined route assigned engine="metal" job_id=study:3245:20011 metal_eligible=true ane_eligible=false
2026-09-21T19:06:36.183064Z DEBUG quip_miner_metal::combined: combined route assigned engine="metal" job_id=study:3245:20012 metal_eligible=true ane_eligible=false
2026-09-21T19:06:36.183189Z DEBUG quip_miner_metal::combined: combined route assigned engine="metal" job_id=study:3245:20013 metal_eligible=true ane_eligible=false
2026-09-21T19:06:36.184551Z DEBUG quip_miner_metal::combined: combined route assigned engine="metal" job_id=study:3245:20014 metal_eligible=true ane_eligible=false
2026-09-21T19:06:36.184660Z DEBUG quip_miner_metal::combined: combined route assigned engine="metal" job_id=study:3244:20010 metal_eligible=true ane_eligible=false
2026-09-21T19:06:36.186028Z DEBUG quip_miner_metal::combined: combined route assigned engine="metal" job_id=study:3244:20011 metal_eligible=true ane_eligible=false
2026-09-21T19:06:36.186141Z DEBUG quip_miner_metal::combined: combined route assigned engine="metal" job_id=study:3244:20012 metal_eligible=true ane_eligible=false
2026-09-21T19:06:36.187510Z DEBUG quip_miner_metal::combined: combined route assigned engine="metal" job_id=study:3244:20013 metal_eligible=true ane_eligible=false
2026-09-21T19:06:36.187619Z DEBUG quip_miner_metal::combined: combined route assigned engine="metal" job_id=study:3244:20014 metal_eligible=true ane_eligible=false
2026-09-21T19:06:36.188983Z DEBUG quip_miner_metal::combined: combined route assigned engine="metal" job_id=study:3243:20010 metal_eligible=true ane_eligible=false
2026-09-21T19:06:36.189095Z DEBUG quip_miner_metal::combined: combined route assigned engine="metal" job_id=study:3243:20011 metal_eligible=true ane_eligible=false
2026-09-21T19:06:36.190456Z DEBUG quip_miner_metal::combined: combined route assigned engine="metal" job_id=study:3243:20012 metal_eligible=true ane_eligible=false
2026-09-21T19:06:36.190565Z DEBUG quip_miner_metal::combined: combined route assigned engine="metal" job_id=study:3243:20013 metal_eligible=true ane_eligible=false
2026-09-21T19:06:36.191929Z DEBUG quip_miner_metal::combined: combined route assigned engine="metal" job_id=study:3243:20014 metal_eligible=true ane_eligible=false
2026-09-21T19:06:38.964234Z DEBUG quip_miner_metal::combined: combined route completed engine="metal" job_id=study:3250:20010 outcome="completed" device_access_time_us=2493055
2026-09-21T19:06:38.964272Z DEBUG quip_miner_metal::combined: combined route completed engine="metal" job_id=study:3250:20011 outcome="completed" device_access_time_us=2493055
2026-09-21T19:06:38.964279Z DEBUG quip_miner_metal::combined: combined route completed engine="metal" job_id=study:3250:20012 outcome="completed" device_access_time_us=2493055
2026-09-21T19:06:38.964283Z DEBUG quip_miner_metal::combined: combined route completed engine="metal" job_id=study:3250:20013 outcome="completed" device_access_time_us=2493055
2026-09-21T19:06:38.964287Z DEBUG quip_miner_metal::combined: combined route completed engine="metal" job_id=study:3250:20014 outcome="completed" device_access_time_us=2493055
2026-09-21T19:06:38.964290Z DEBUG quip_miner_metal::combined: combined route completed engine="metal" job_id=study:3249:20010 outcome="completed" device_access_time_us=2493055
2026-09-21T19:06:38.964294Z DEBUG quip_miner_metal::combined: combined route completed engine="metal" job_id=study:3249:20011 outcome="completed" device_access_time_us=2493055
2026-09-21T19:06:38.964297Z DEBUG quip_miner_metal::combined: combined route completed engine="metal" job_id=study:3249:20012 outcome="completed" device_access_time_us=2493055
2026-09-21T19:06:38.964311Z DEBUG quip_miner_metal::combined: combined route completed engine="metal" job_id=study:3249:20013 outcome="completed" device_access_time_us=2493055
2026-09-21T19:06:38.964314Z DEBUG quip_miner_metal::combined: combined route completed engine="metal" job_id=study:3249:20014 outcome="completed" device_access_time_us=2493055
2026-09-21T19:06:38.964317Z DEBUG quip_miner_metal::combined: combined route completed engine="metal" job_id=study:3248:20010 outcome="completed" device_access_time_us=2493055
2026-09-21T19:06:38.964319Z DEBUG quip_miner_metal::combined: combined route completed engine="metal" job_id=study:3248:20011 outcome="completed" device_access_time_us=2493055
2026-09-21T19:06:38.964322Z DEBUG quip_miner_metal::combined: combined route completed engine="metal" job_id=study:3248:20012 outcome="completed" device_access_time_us=2493055
2026-09-21T19:06:38.964324Z DEBUG quip_miner_metal::combined: combined route completed engine="metal" job_id=study:3248:20013 outcome="completed" device_access_time_us=2493055
2026-09-21T19:06:38.964327Z DEBUG quip_miner_metal::combined: combined route completed engine="metal" job_id=study:3248:20014 outcome="completed" device_access_time_us=2493055
2026-09-21T19:06:38.964329Z DEBUG quip_miner_metal::combined: combined route completed engine="metal" job_id=study:3247:20010 outcome="completed" device_access_time_us=2493055
2026-09-21T19:06:38.964332Z DEBUG quip_miner_metal::combined: combined route completed engine="metal" job_id=study:3247:20011 outcome="completed" device_access_time_us=2493055
2026-09-21T19:06:38.964334Z DEBUG quip_miner_metal::combined: combined route completed engine="metal" job_id=study:3247:20012 outcome="completed" device_access_time_us=2493055
2026-09-21T19:06:38.964336Z DEBUG quip_miner_metal::combined: combined route completed engine="metal" job_id=study:3247:20013 outcome="completed" device_access_time_us=2493055
2026-09-21T19:06:38.964339Z DEBUG quip_miner_metal::combined: combined route completed engine="metal" job_id=study:3247:20014 outcome="completed" device_access_time_us=2493055
2026-09-21T19:06:38.964342Z DEBUG quip_miner_metal::combined: combined route assigned engine="metal" job_id=study:3242:20010 metal_eligible=true ane_eligible=false
2026-09-21T19:06:38.964451Z DEBUG quip_miner_metal::combined: combined route assigned engine="metal" job_id=study:3242:20011 metal_eligible=true ane_eligible=false
2026-09-21T19:06:38.964558Z DEBUG quip_miner_metal::combined: combined route assigned engine="metal" job_id=study:3242:20012 metal_eligible=true ane_eligible=false
2026-09-21T19:06:38.964666Z DEBUG quip_miner_metal::combined: combined route assigned engine="metal" job_id=study:3242:20013 metal_eligible=true ane_eligible=false
2026-09-21T19:06:38.964778Z DEBUG quip_miner_metal::combined: combined route assigned engine="metal" job_id=study:3242:20014 metal_eligible=true ane_eligible=false
2026-09-21T19:06:38.964895Z DEBUG quip_miner_metal::combined: combined route assigned engine="metal" job_id=study:3241:20010 metal_eligible=true ane_eligible=false
2026-09-21T19:06:38.965008Z DEBUG quip_miner_metal::combined: combined route assigned engine="metal" job_id=study:3241:20011 metal_eligible=true ane_eligible=false
2026-09-21T19:06:38.965128Z DEBUG quip_miner_metal::combined: combined route assigned engine="metal" job_id=study:3241:20012 metal_eligible=true ane_eligible=false
2026-09-21T19:06:38.965252Z DEBUG quip_miner_metal::combined: combined route assigned engine="metal" job_id=study:3241:20013 metal_eligible=true ane_eligible=false
2026-09-21T19:06:38.965374Z DEBUG quip_miner_metal::combined: combined route assigned engine="metal" job_id=study:3241:20014 metal_eligible=true ane_eligible=false
2026-09-21T19:06:38.965488Z DEBUG quip_miner_metal::combined: combined route assigned engine="metal" job_id=study:3240:20010 metal_eligible=true ane_eligible=false
2026-09-21T19:06:38.965593Z DEBUG quip_miner_metal::combined: combined route assigned engine="metal" job_id=study:3240:20011 metal_eligible=true ane_eligible=false
2026-09-21T19:06:38.965701Z DEBUG quip_miner_metal::combined: combined route assigned engine="metal" job_id=study:3240:20012 metal_eligible=true ane_eligible=false
2026-09-21T19:06:38.965806Z DEBUG quip_miner_metal::combined: combined route assigned engine="metal" job_id=study:3240:20013 metal_eligible=true ane_eligible=false
2026-09-21T19:06:38.965912Z DEBUG quip_miner_metal::combined: combined route assigned engine="metal" job_id=study:3240:20014 metal_eligible=true ane_eligible=false
2026-09-21T19:06:38.966017Z DEBUG quip_miner_metal::combined: combined route assigned engine="metal" job_id=study:3239:20010 metal_eligible=true ane_eligible=false
2026-09-21T19:06:38.966122Z DEBUG quip_miner_metal::combined: combined route assigned engine="metal" job_id=study:3239:20011 metal_eligible=true ane_eligible=false
2026-09-21T19:06:38.966226Z DEBUG quip_miner_metal::combined: combined route assigned engine="metal" job_id=study:3239:20012 metal_eligible=true ane_eligible=false
2026-09-21T19:06:38.966332Z DEBUG quip_miner_metal::combined: combined route assigned engine="metal" job_id=study:3239:20013 metal_eligible=true ane_eligible=false
2026-09-21T19:06:38.966436Z DEBUG quip_miner_metal::combined: combined route assigned engine="metal" job_id=study:3239:20014 metal_eligible=true ane_eligible=false
2026-09-21T19:06:38.982202Z DEBUG quip_miner_metal::combined: combined route completed engine="metal" job_id=study:3246:20010 outcome="completed" device_access_time_us=2763307
2026-09-21T19:06:38.982226Z DEBUG quip_miner_metal::combined: combined route completed engine="metal" job_id=study:3246:20011 outcome="completed" device_access_time_us=2763307
2026-09-21T19:06:38.982233Z DEBUG quip_miner_metal::combined: combined route completed engine="metal" job_id=study:3246:20012 outcome="completed" device_access_time_us=2763307
2026-09-21T19:06:38.982238Z DEBUG quip_miner_metal::combined: combined route completed engine="metal" job_id=study:3246:20013 outcome="completed" device_access_time_us=2763307
2026-09-21T19:06:38.982242Z DEBUG quip_miner_metal::combined: combined route completed engine="metal" job_id=study:3246:20014 outcome="completed" device_access_time_us=2763307
2026-09-21T19:06:38.982245Z DEBUG quip_miner_metal::combined: combined route completed engine="metal" job_id=study:3245:20010 outcome="completed" device_access_time_us=2763307
2026-09-21T19:06:38.982249Z DEBUG quip_miner_metal::combined: combined route completed engine="metal" job_id=study:3245:20011 outcome="completed" device_access_time_us=2763307
2026-09-21T19:06:38.982252Z DEBUG quip_miner_metal::combined: combined route completed engine="metal" job_id=study:3245:20012 outcome="completed" device_access_time_us=2763307
2026-09-21T19:06:38.982255Z DEBUG quip_miner_metal::combined: combined route completed engine="metal" job_id=study:3245:20013 outcome="completed" device_access_time_us=2763307
2026-09-21T19:06:38.982259Z DEBUG quip_miner_metal::combined: combined route completed engine="metal" job_id=study:3245:20014 outcome="completed" device_access_time_us=2763307
2026-09-21T19:06:38.982262Z DEBUG quip_miner_metal::combined: combined route completed engine="metal" job_id=study:3244:20010 outcome="completed" device_access_time_us=2763307
2026-09-21T19:06:38.982265Z DEBUG quip_miner_metal::combined: combined route completed engine="metal" job_id=study:3244:20011 outcome="completed" device_access_time_us=2763307
2026-09-21T19:06:38.982269Z DEBUG quip_miner_metal::combined: combined route completed engine="metal" job_id=study:3244:20012 outcome="completed" device_access_time_us=2763307
2026-09-21T19:06:38.982272Z DEBUG quip_miner_metal::combined: combined route completed engine="metal" job_id=study:3244:20013 outcome="completed" device_access_time_us=2763307
2026-09-21T19:06:38.982275Z DEBUG quip_miner_metal::combined: combined route completed engine="metal" job_id=study:3244:20014 outcome="completed" device_access_time_us=2763307
2026-09-21T19:06:38.982278Z DEBUG quip_miner_metal::combined: combined route completed engine="metal" job_id=study:3243:20010 outcome="completed" device_access_time_us=2763307
2026-09-21T19:06:38.982292Z DEBUG quip_miner_metal::combined: combined route completed engine="metal" job_id=study:3243:20011 outcome="completed" device_access_time_us=2763307
2026-09-21T19:06:38.982296Z DEBUG quip_miner_metal::combined: combined route completed engine="metal" job_id=study:3243:20012 outcome="completed" device_access_time_us=2763307
2026-09-21T19:06:38.982299Z DEBUG quip_miner_metal::combined: combined route completed engine="metal" job_id=study:3243:20013 outcome="completed" device_access_time_us=2763307
2026-09-21T19:06:38.982301Z DEBUG quip_miner_metal::combined: combined route completed engine="metal" job_id=study:3243:20014 outcome="completed" device_access_time_us=2763307
2026-09-21T19:06:38.982305Z DEBUG quip_miner_metal::combined: combined route assigned engine="metal" job_id=study:3238:20010 metal_eligible=true ane_eligible=false
2026-09-21T19:06:38.982433Z DEBUG quip_miner_metal::combined: combined route assigned engine="metal" job_id=study:3238:20011 metal_eligible=true ane_eligible=false
2026-09-21T19:06:38.982563Z DEBUG quip_miner_metal::combined: combined route assigned engine="metal" job_id=study:3238:20012 metal_eligible=true ane_eligible=false
2026-09-21T19:06:38.982706Z DEBUG quip_miner_metal::combined: combined route assigned engine="metal" job_id=study:3238:20013 metal_eligible=true ane_eligible=false
2026-09-21T19:06:38.982850Z DEBUG quip_miner_metal::combined: combined route assigned engine="metal" job_id=study:3238:20014 metal_eligible=true ane_eligible=false
2026-09-21T19:06:38.982993Z DEBUG quip_miner_metal::combined: combined route assigned engine="metal" job_id=study:3237:20010 metal_eligible=true ane_eligible=false
2026-09-21T19:06:38.983150Z DEBUG quip_miner_metal::combined: combined route assigned engine="metal" job_id=study:3237:20011 metal_eligible=true ane_eligible=false
2026-09-21T19:06:38.983301Z DEBUG quip_miner_metal::combined: combined route assigned engine="metal" job_id=study:3237:20012 metal_eligible=true ane_eligible=false
2026-09-21T19:06:38.983445Z DEBUG quip_miner_metal::combined: combined route assigned engine="metal" job_id=study:3237:20013 metal_eligible=true ane_eligible=false
2026-09-21T19:06:38.983588Z DEBUG quip_miner_metal::combined: combined route assigned engine="metal" job_id=study:3237:20014 metal_eligible=true ane_eligible=false
2026-09-21T19:06:38.983732Z DEBUG quip_miner_metal::combined: combined route assigned engine="metal" job_id=study:3236:20010 metal_eligible=true ane_eligible=false
2026-09-21T19:06:38.983876Z DEBUG quip_miner_metal::combined: combined route assigned engine="metal" job_id=study:3236:20011 metal_eligible=true ane_eligible=false
2026-09-21T19:06:38.984020Z DEBUG quip_miner_metal::combined: combined route assigned engine="metal" job_id=study:3236:20012 metal_eligible=true ane_eligible=false
2026-09-21T19:06:38.984166Z DEBUG quip_miner_metal::combined: combined route assigned engine="metal" job_id=study:3236:20013 metal_eligible=true ane_eligible=false
2026-09-21T19:06:38.984312Z DEBUG quip_miner_metal::combined: combined route assigned engine="metal" job_id=study:3236:20014 metal_eligible=true ane_eligible=false
2026-09-21T19:06:38.984455Z DEBUG quip_miner_metal::combined: combined route assigned engine="metal" job_id=study:3235:20010 metal_eligible=true ane_eligible=false
2026-09-21T19:06:38.984602Z DEBUG quip_miner_metal::combined: combined route assigned engine="metal" job_id=study:3235:20011 metal_eligible=true ane_eligible=false
2026-09-21T19:06:38.984747Z DEBUG quip_miner_metal::combined: combined route assigned engine="metal" job_id=study:3235:20012 metal_eligible=true ane_eligible=false
2026-09-21T19:06:38.984909Z DEBUG quip_miner_metal::combined: combined route assigned engine="metal" job_id=study:3235:20013 metal_eligible=true ane_eligible=false
2026-09-21T19:06:38.985058Z DEBUG quip_miner_metal::combined: combined route assigned engine="metal" job_id=study:3235:20014 metal_eligible=true ane_eligible=false
2026-09-21T19:06:41.950355Z DEBUG quip_miner_metal::combined: combined route completed engine="metal" job_id=study:3242:20010 outcome="completed" device_access_time_us=2838306
2026-09-21T19:06:41.950407Z DEBUG quip_miner_metal::combined: combined route completed engine="metal" job_id=study:3242:20011 outcome="completed" device_access_time_us=2838306
2026-09-21T19:06:41.950415Z DEBUG quip_miner_metal::combined: combined route completed engine="metal" job_id=study:3242:20012 outcome="completed" device_access_time_us=2838306
2026-09-21T19:06:41.950420Z DEBUG quip_miner_metal::combined: combined route completed engine="metal" job_id=study:3242:20013 outcome="completed" device_access_time_us=2838306
2026-09-21T19:06:41.950424Z DEBUG quip_miner_metal::combined: combined route completed engine="metal" job_id=study:3242:20014 outcome="completed" device_access_time_us=2838306
2026-09-21T19:06:41.950428Z DEBUG quip_miner_metal::combined: combined route completed engine="metal" job_id=study:3241:20010 outcome="completed" device_access_time_us=2838306
2026-09-21T19:06:41.950432Z DEBUG quip_miner_metal::combined: combined route completed engine="metal" job_id=study:3241:20011 outcome="completed" device_access_time_us=2838306
2026-09-21T19:06:41.950436Z DEBUG quip_miner_metal::combined: combined route completed engine="metal" job_id=study:3241:20012 outcome="completed" device_access_time_us=2838306
2026-09-21T19:06:41.950439Z DEBUG quip_miner_metal::combined: combined route completed engine="metal" job_id=study:3241:20013 outcome="completed" device_access_time_us=2838306
2026-09-21T19:06:41.950443Z DEBUG quip_miner_metal::combined: combined route completed engine="metal" job_id=study:3241:20014 outcome="completed" device_access_time_us=2838306
2026-09-21T19:06:41.950446Z DEBUG quip_miner_metal::combined: combined route completed engine="metal" job_id=study:3240:20010 outcome="completed" device_access_time_us=2838306
2026-09-21T19:06:41.950449Z DEBUG quip_miner_metal::combined: combined route completed engine="metal" job_id=study:3240:20011 outcome="completed" device_access_time_us=2838306
2026-09-21T19:06:41.950453Z DEBUG quip_miner_metal::combined: combined route completed engine="metal" job_id=study:3240:20012 outcome="completed" device_access_time_us=2838306
2026-09-21T19:06:41.950456Z DEBUG quip_miner_metal::combined: combined route completed engine="metal" job_id=study:3240:20013 outcome="completed" device_access_time_us=2838306
2026-09-21T19:06:41.950460Z DEBUG quip_miner_metal::combined: combined route completed engine="metal" job_id=study:3240:20014 outcome="completed" device_access_time_us=2838306
2026-09-21T19:06:41.950463Z DEBUG quip_miner_metal::combined: combined route completed engine="metal" job_id=study:3239:20010 outcome="completed" device_access_time_us=2838306
2026-09-21T19:06:41.950467Z DEBUG quip_miner_metal::combined: combined route completed engine="metal" job_id=study:3239:20011 outcome="completed" device_access_time_us=2838306
2026-09-21T19:06:41.950470Z DEBUG quip_miner_metal::combined: combined route completed engine="metal" job_id=study:3239:20012 outcome="completed" device_access_time_us=2838306
2026-09-21T19:06:41.950474Z DEBUG quip_miner_metal::combined: combined route completed engine="metal" job_id=study:3239:20013 outcome="completed" device_access_time_us=2838306
2026-09-21T19:06:41.950477Z DEBUG quip_miner_metal::combined: combined route completed engine="metal" job_id=study:3239:20014 outcome="completed" device_access_time_us=2838306
2026-09-21T19:06:41.950481Z DEBUG quip_miner_metal::combined: combined route assigned engine="metal" job_id=study:3234:20010 metal_eligible=true ane_eligible=false
2026-09-21T19:06:41.950627Z DEBUG quip_miner_metal::combined: combined route assigned engine="metal" job_id=study:3234:20011 metal_eligible=true ane_eligible=false
2026-09-21T19:06:41.950771Z DEBUG quip_miner_metal::combined: combined route assigned engine="metal" job_id=study:3234:20012 metal_eligible=true ane_eligible=false
2026-09-21T19:06:41.950916Z DEBUG quip_miner_metal::combined: combined route assigned engine="metal" job_id=study:3234:20013 metal_eligible=true ane_eligible=false
2026-09-21T19:06:41.951079Z DEBUG quip_miner_metal::combined: combined route assigned engine="metal" job_id=study:3234:20014 metal_eligible=true ane_eligible=false
2026-09-21T19:06:41.951227Z DEBUG quip_miner_metal::combined: combined route assigned engine="metal" job_id=study:3233:20010 metal_eligible=true ane_eligible=false
2026-09-21T19:06:41.951372Z DEBUG quip_miner_metal::combined: combined route assigned engine="metal" job_id=study:3233:20011 metal_eligible=true ane_eligible=false
2026-09-21T19:06:41.951518Z DEBUG quip_miner_metal::combined: combined route assigned engine="metal" job_id=study:3233:20012 metal_eligible=true ane_eligible=false
2026-09-21T19:06:41.951664Z DEBUG quip_miner_metal::combined: combined route assigned engine="metal" job_id=study:3233:20013 metal_eligible=true ane_eligible=false
2026-09-21T19:06:41.951807Z DEBUG quip_miner_metal::combined: combined route assigned engine="metal" job_id=study:3233:20014 metal_eligible=true ane_eligible=false
2026-09-21T19:06:41.951950Z DEBUG quip_miner_metal::combined: combined route assigned engine="metal" job_id=study:3232:20010 metal_eligible=true ane_eligible=false
2026-09-21T19:06:41.952093Z DEBUG quip_miner_metal::combined: combined route assigned engine="metal" job_id=study:3232:20011 metal_eligible=true ane_eligible=false
2026-09-21T19:06:41.952236Z DEBUG quip_miner_metal::combined: combined route assigned engine="metal" job_id=study:3232:20012 metal_eligible=true ane_eligible=false
2026-09-21T19:06:41.952378Z DEBUG quip_miner_metal::combined: combined route assigned engine="metal" job_id=study:3232:20013 metal_eligible=true ane_eligible=false
2026-09-21T19:06:41.952521Z DEBUG quip_miner_metal::combined: combined route assigned engine="metal" job_id=study:3232:20014 metal_eligible=true ane_eligible=false
2026-09-21T19:06:41.952663Z DEBUG quip_miner_metal::combined: combined route assigned engine="metal" job_id=study:3231:20010 metal_eligible=true ane_eligible=false
2026-09-21T19:06:41.952807Z DEBUG quip_miner_metal::combined: combined route assigned engine="metal" job_id=study:3231:20011 metal_eligible=true ane_eligible=false
2026-09-21T19:06:41.952951Z DEBUG quip_miner_metal::combined: combined route assigned engine="metal" job_id=study:3231:20012 metal_eligible=true ane_eligible=false
2026-09-21T19:06:41.953094Z DEBUG quip_miner_metal::combined: combined route assigned engine="metal" job_id=study:3231:20013 metal_eligible=true ane_eligible=false
2026-09-21T19:06:41.953237Z DEBUG quip_miner_metal::combined: combined route assigned engine="metal" job_id=study:3231:20014 metal_eligible=true ane_eligible=false
2026-09-21T19:06:42.018677Z DEBUG quip_miner_metal::combined: combined route completed engine="metal" job_id=study:3238:20010 outcome="completed" device_access_time_us=2792199
2026-09-21T19:06:42.018719Z DEBUG quip_miner_metal::combined: combined route completed engine="metal" job_id=study:3238:20011 outcome="completed" device_access_time_us=2792199
2026-09-21T19:06:42.018727Z DEBUG quip_miner_metal::combined: combined route completed engine="metal" job_id=study:3238:20012 outcome="completed" device_access_time_us=2792199
2026-09-21T19:06:42.018732Z DEBUG quip_miner_metal::combined: combined route completed engine="metal" job_id=study:3238:20013 outcome="completed" device_access_time_us=2792199
2026-09-21T19:06:42.018737Z DEBUG quip_miner_metal::combined: combined route completed engine="metal" job_id=study:3238:20014 outcome="completed" device_access_time_us=2792199
2026-09-21T19:06:42.018742Z DEBUG quip_miner_metal::combined: combined route completed engine="metal" job_id=study:3237:20010 outcome="completed" device_access_time_us=2792199
2026-09-21T19:06:42.018745Z DEBUG quip_miner_metal::combined: combined route completed engine="metal" job_id=study:3237:20011 outcome="completed" device_access_time_us=2792199
2026-09-21T19:06:42.018749Z DEBUG quip_miner_metal::combined: combined route completed engine="metal" job_id=study:3237:20012 outcome="completed" device_access_time_us=2792199
2026-09-21T19:06:42.018768Z DEBUG quip_miner_metal::combined: combined route completed engine="metal" job_id=study:3237:20013 outcome="completed" device_access_time_us=2792199
2026-09-21T19:06:42.018773Z DEBUG quip_miner_metal::combined: combined route completed engine="metal" job_id=study:3237:20014 outcome="completed" device_access_time_us=2792199
2026-09-21T19:06:42.018776Z DEBUG quip_miner_metal::combined: combined route completed engine="metal" job_id=study:3236:20010 outcome="completed" device_access_time_us=2792199
2026-09-21T19:06:42.018780Z DEBUG quip_miner_metal::combined: combined route completed engine="metal" job_id=study:3236:20011 outcome="completed" device_access_time_us=2792199
2026-09-21T19:06:42.018783Z DEBUG quip_miner_metal::combined: combined route completed engine="metal" job_id=study:3236:20012 outcome="completed" device_access_time_us=2792199
2026-09-21T19:06:42.018787Z DEBUG quip_miner_metal::combined: combined route completed engine="metal" job_id=study:3236:20013 outcome="completed" device_access_time_us=2792199
2026-09-21T19:06:42.018791Z DEBUG quip_miner_metal::combined: combined route completed engine="metal" job_id=study:3236:20014 outcome="completed" device_access_time_us=2792199
2026-09-21T19:06:42.018794Z DEBUG quip_miner_metal::combined: combined route completed engine="metal" job_id=study:3235:20010 outcome="completed" device_access_time_us=2792199
2026-09-21T19:06:42.018798Z DEBUG quip_miner_metal::combined: combined route completed engine="metal" job_id=study:3235:20011 outcome="completed" device_access_time_us=2792199
2026-09-21T19:06:42.018801Z DEBUG quip_miner_metal::combined: combined route completed engine="metal" job_id=study:3235:20012 outcome="completed" device_access_time_us=2792199
2026-09-21T19:06:42.018804Z DEBUG quip_miner_metal::combined: combined route completed engine="metal" job_id=study:3235:20013 outcome="completed" device_access_time_us=2792199
2026-09-21T19:06:42.018808Z DEBUG quip_miner_metal::combined: combined route completed engine="metal" job_id=study:3235:20014 outcome="completed" device_access_time_us=2792199
2026-09-21T19:06:42.018812Z DEBUG quip_miner_metal::combined: combined route assigned engine="metal" job_id=study:3230:20010 metal_eligible=true ane_eligible=false
2026-09-21T19:06:42.018988Z DEBUG quip_miner_metal::combined: combined route assigned engine="metal" job_id=study:3230:20011 metal_eligible=true ane_eligible=false
2026-09-21T19:06:42.019157Z DEBUG quip_miner_metal::combined: combined route assigned engine="metal" job_id=study:3230:20012 metal_eligible=true ane_eligible=false
2026-09-21T19:06:42.019325Z DEBUG quip_miner_metal::combined: combined route assigned engine="metal" job_id=study:3230:20013 metal_eligible=true ane_eligible=false
2026-09-21T19:06:42.019492Z DEBUG quip_miner_metal::combined: combined route assigned engine="metal" job_id=study:3230:20014 metal_eligible=true ane_eligible=false
2026-09-21T19:06:42.019658Z DEBUG quip_miner_metal::combined: combined route assigned engine="metal" job_id=study:3229:20010 metal_eligible=true ane_eligible=false
2026-09-21T19:06:42.019823Z DEBUG quip_miner_metal::combined: combined route assigned engine="metal" job_id=study:3229:20011 metal_eligible=true ane_eligible=false
2026-09-21T19:06:42.019988Z DEBUG quip_miner_metal::combined: combined route assigned engine="metal" job_id=study:3229:20012 metal_eligible=true ane_eligible=false
2026-09-21T19:06:42.020154Z DEBUG quip_miner_metal::combined: combined route assigned engine="metal" job_id=study:3229:20013 metal_eligible=true ane_eligible=false
2026-09-21T19:06:42.020321Z DEBUG quip_miner_metal::combined: combined route assigned engine="metal" job_id=study:3229:20014 metal_eligible=true ane_eligible=false
2026-09-21T19:06:42.020489Z DEBUG quip_miner_metal::combined: combined route assigned engine="metal" job_id=study:3228:20010 metal_eligible=true ane_eligible=false
2026-09-21T19:06:42.020658Z DEBUG quip_miner_metal::combined: combined route assigned engine="metal" job_id=study:3228:20011 metal_eligible=true ane_eligible=false
2026-09-21T19:06:42.020834Z DEBUG quip_miner_metal::combined: combined route assigned engine="metal" job_id=study:3228:20012 metal_eligible=true ane_eligible=false
2026-09-21T19:06:42.021014Z DEBUG quip_miner_metal::combined: combined route assigned engine="metal" job_id=study:3228:20013 metal_eligible=true ane_eligible=false
2026-09-21T19:06:42.021180Z DEBUG quip_miner_metal::combined: combined route assigned engine="metal" job_id=study:3228:20014 metal_eligible=true ane_eligible=false
2026-09-21T19:06:42.021346Z DEBUG quip_miner_metal::combined: combined route assigned engine="metal" job_id=study:3227:20010 metal_eligible=true ane_eligible=false
2026-09-21T19:06:42.021512Z DEBUG quip_miner_metal::combined: combined route assigned engine="metal" job_id=study:3227:20011 metal_eligible=true ane_eligible=false
2026-09-21T19:06:42.021678Z DEBUG quip_miner_metal::combined: combined route assigned engine="metal" job_id=study:3227:20012 metal_eligible=true ane_eligible=false
2026-09-21T19:06:42.021844Z DEBUG quip_miner_metal::combined: combined route assigned engine="metal" job_id=study:3227:20013 metal_eligible=true ane_eligible=false
2026-09-21T19:06:42.022036Z DEBUG quip_miner_metal::combined: combined route assigned engine="metal" job_id=study:3227:20014 metal_eligible=true ane_eligible=false
2026-09-21T19:06:45.079098Z DEBUG quip_miner_metal::combined: combined route completed engine="metal" job_id=study:3234:20010 outcome="completed" device_access_time_us=2948583
2026-09-21T19:06:45.079136Z DEBUG quip_miner_metal::combined: combined route completed engine="metal" job_id=study:3234:20011 outcome="completed" device_access_time_us=2948583
2026-09-21T19:06:45.079143Z DEBUG quip_miner_metal::combined: combined route completed engine="metal" job_id=study:3234:20012 outcome="completed" device_access_time_us=2948583
2026-09-21T19:06:45.079147Z DEBUG quip_miner_metal::combined: combined route completed engine="metal" job_id=study:3234:20013 outcome="completed" device_access_time_us=2948583
2026-09-21T19:06:45.079151Z DEBUG quip_miner_metal::combined: combined route completed engine="metal" job_id=study:3234:20014 outcome="completed" device_access_time_us=2948583
2026-09-21T19:06:45.079154Z DEBUG quip_miner_metal::combined: combined route completed engine="metal" job_id=study:3233:20010 outcome="completed" device_access_time_us=2948583
2026-09-21T19:06:45.079156Z DEBUG quip_miner_metal::combined: combined route completed engine="metal" job_id=study:3233:20011 outcome="completed" device_access_time_us=2948583
2026-09-21T19:06:45.079159Z DEBUG quip_miner_metal::combined: combined route completed engine="metal" job_id=study:3233:20012 outcome="completed" device_access_time_us=2948583
2026-09-21T19:06:45.079161Z DEBUG quip_miner_metal::combined: combined route completed engine="metal" job_id=study:3233:20013 outcome="completed" device_access_time_us=2948583
2026-09-21T19:06:45.079164Z DEBUG quip_miner_metal::combined: combined route completed engine="metal" job_id=study:3233:20014 outcome="completed" device_access_time_us=2948583
2026-09-21T19:06:45.079167Z DEBUG quip_miner_metal::combined: combined route completed engine="metal" job_id=study:3232:20010 outcome="completed" device_access_time_us=2948583
2026-09-21T19:06:45.079170Z DEBUG quip_miner_metal::combined: combined route completed engine="metal" job_id=study:3232:20011 outcome="completed" device_access_time_us=2948583
2026-09-21T19:06:45.079172Z DEBUG quip_miner_metal::combined: combined route completed engine="metal" job_id=study:3232:20012 outcome="completed" device_access_time_us=2948583
2026-09-21T19:06:45.079174Z DEBUG quip_miner_metal::combined: combined route completed engine="metal" job_id=study:3232:20013 outcome="completed" device_access_time_us=2948583
2026-09-21T19:06:45.079177Z DEBUG quip_miner_metal::combined: combined route completed engine="metal" job_id=study:3232:20014 outcome="completed" device_access_time_us=2948583
2026-09-21T19:06:45.079179Z DEBUG quip_miner_metal::combined: combined route completed engine="metal" job_id=study:3231:20010 outcome="completed" device_access_time_us=2948583
2026-09-21T19:06:45.079192Z DEBUG quip_miner_metal::combined: combined route completed engine="metal" job_id=study:3231:20011 outcome="completed" device_access_time_us=2948583
2026-09-21T19:06:45.079195Z DEBUG quip_miner_metal::combined: combined route completed engine="metal" job_id=study:3231:20012 outcome="completed" device_access_time_us=2948583
2026-09-21T19:06:45.079197Z DEBUG quip_miner_metal::combined: combined route completed engine="metal" job_id=study:3231:20013 outcome="completed" device_access_time_us=2948583
2026-09-21T19:06:45.079200Z DEBUG quip_miner_metal::combined: combined route completed engine="metal" job_id=study:3231:20014 outcome="completed" device_access_time_us=2948583
2026-09-21T19:06:45.079203Z DEBUG quip_miner_metal::combined: combined route assigned engine="metal" job_id=study:3226:20010 metal_eligible=true ane_eligible=false
2026-09-21T19:06:45.079309Z DEBUG quip_miner_metal::combined: combined route assigned engine="metal" job_id=study:3226:20011 metal_eligible=true ane_eligible=false
2026-09-21T19:06:45.079415Z DEBUG quip_miner_metal::combined: combined route assigned engine="metal" job_id=study:3226:20012 metal_eligible=true ane_eligible=false
2026-09-21T19:06:45.079521Z DEBUG quip_miner_metal::combined: combined route assigned engine="metal" job_id=study:3226:20013 metal_eligible=true ane_eligible=false
2026-09-21T19:06:45.079625Z DEBUG quip_miner_metal::combined: combined route assigned engine="metal" job_id=study:3226:20014 metal_eligible=true ane_eligible=false
2026-09-21T19:06:45.079731Z DEBUG quip_miner_metal::combined: combined route assigned engine="metal" job_id=study:3225:20010 metal_eligible=true ane_eligible=false
2026-09-21T19:06:45.079836Z DEBUG quip_miner_metal::combined: combined route assigned engine="metal" job_id=study:3225:20011 metal_eligible=true ane_eligible=false
2026-09-21T19:06:45.079940Z DEBUG quip_miner_metal::combined: combined route assigned engine="metal" job_id=study:3225:20012 metal_eligible=true ane_eligible=false
2026-09-21T19:06:45.080045Z DEBUG quip_miner_metal::combined: combined route assigned engine="metal" job_id=study:3225:20013 metal_eligible=true ane_eligible=false
2026-09-21T19:06:45.080150Z DEBUG quip_miner_metal::combined: combined route assigned engine="metal" job_id=study:3225:20014 metal_eligible=true ane_eligible=false
2026-09-21T19:06:45.080256Z DEBUG quip_miner_metal::combined: combined route assigned engine="metal" job_id=study:3224:20010 metal_eligible=true ane_eligible=false
2026-09-21T19:06:45.080361Z DEBUG quip_miner_metal::combined: combined route assigned engine="metal" job_id=study:3224:20011 metal_eligible=true ane_eligible=false
2026-09-21T19:06:45.080466Z DEBUG quip_miner_metal::combined: combined route assigned engine="metal" job_id=study:3224:20012 metal_eligible=true ane_eligible=false
2026-09-21T19:06:45.080570Z DEBUG quip_miner_metal::combined: combined route assigned engine="metal" job_id=study:3224:20013 metal_eligible=true ane_eligible=false
2026-09-21T19:06:45.080675Z DEBUG quip_miner_metal::combined: combined route assigned engine="metal" job_id=study:3224:20014 metal_eligible=true ane_eligible=false
2026-09-21T19:06:45.080781Z DEBUG quip_miner_metal::combined: combined route assigned engine="metal" job_id=study:3223:20010 metal_eligible=true ane_eligible=false
2026-09-21T19:06:45.080886Z DEBUG quip_miner_metal::combined: combined route assigned engine="metal" job_id=study:3223:20011 metal_eligible=true ane_eligible=false
2026-09-21T19:06:45.080990Z DEBUG quip_miner_metal::combined: combined route assigned engine="metal" job_id=study:3223:20012 metal_eligible=true ane_eligible=false
2026-09-21T19:06:45.081094Z DEBUG quip_miner_metal::combined: combined route assigned engine="metal" job_id=study:3223:20013 metal_eligible=true ane_eligible=false
2026-09-21T19:06:45.081200Z DEBUG quip_miner_metal::combined: combined route assigned engine="metal" job_id=study:3223:20014 metal_eligible=true ane_eligible=false
2026-09-21T19:06:45.140678Z DEBUG quip_miner_metal::combined: combined route completed engine="metal" job_id=study:3230:20010 outcome="completed" device_access_time_us=2732838
2026-09-21T19:06:45.140718Z DEBUG quip_miner_metal::combined: combined route completed engine="metal" job_id=study:3230:20011 outcome="completed" device_access_time_us=2732838
2026-09-21T19:06:45.140724Z DEBUG quip_miner_metal::combined: combined route completed engine="metal" job_id=study:3230:20012 outcome="completed" device_access_time_us=2732838
2026-09-21T19:06:45.140729Z DEBUG quip_miner_metal::combined: combined route completed engine="metal" job_id=study:3230:20013 outcome="completed" device_access_time_us=2732838
2026-09-21T19:06:45.140733Z DEBUG quip_miner_metal::combined: combined route completed engine="metal" job_id=study:3230:20014 outcome="completed" device_access_time_us=2732838
2026-09-21T19:06:45.140736Z DEBUG quip_miner_metal::combined: combined route completed engine="metal" job_id=study:3229:20010 outcome="completed" device_access_time_us=2732838
2026-09-21T19:06:45.140740Z DEBUG quip_miner_metal::combined: combined route completed engine="metal" job_id=study:3229:20011 outcome="completed" device_access_time_us=2732838
2026-09-21T19:06:45.140744Z DEBUG quip_miner_metal::combined: combined route completed engine="metal" job_id=study:3229:20012 outcome="completed" device_access_time_us=2732838
2026-09-21T19:06:45.140748Z DEBUG quip_miner_metal::combined: combined route completed engine="metal" job_id=study:3229:20013 outcome="completed" device_access_time_us=2732838
2026-09-21T19:06:45.140751Z DEBUG quip_miner_metal::combined: combined route completed engine="metal" job_id=study:3229:20014 outcome="completed" device_access_time_us=2732838
2026-09-21T19:06:45.140755Z DEBUG quip_miner_metal::combined: combined route completed engine="metal" job_id=study:3228:20010 outcome="completed" device_access_time_us=2732838
2026-09-21T19:06:45.140759Z DEBUG quip_miner_metal::combined: combined route completed engine="metal" job_id=study:3228:20011 outcome="completed" device_access_time_us=2732838
2026-09-21T19:06:45.140763Z DEBUG quip_miner_metal::combined: combined route completed engine="metal" job_id=study:3228:20012 outcome="completed" device_access_time_us=2732838
2026-09-21T19:06:45.140766Z DEBUG quip_miner_metal::combined: combined route completed engine="metal" job_id=study:3228:20013 outcome="completed" device_access_time_us=2732838
2026-09-21T19:06:45.140770Z DEBUG quip_miner_metal::combined: combined route completed engine="metal" job_id=study:3228:20014 outcome="completed" device_access_time_us=2732838
2026-09-21T19:06:45.140773Z DEBUG quip_miner_metal::combined: combined route completed engine="metal" job_id=study:3227:20010 outcome="completed" device_access_time_us=2732838
2026-09-21T19:06:45.140777Z DEBUG quip_miner_metal::combined: combined route completed engine="metal" job_id=study:3227:20011 outcome="completed" device_access_time_us=2732838
2026-09-21T19:06:45.140780Z DEBUG quip_miner_metal::combined: combined route completed engine="metal" job_id=study:3227:20012 outcome="completed" device_access_time_us=2732838
2026-09-21T19:06:45.140783Z DEBUG quip_miner_metal::combined: combined route completed engine="metal" job_id=study:3227:20013 outcome="completed" device_access_time_us=2732838
2026-09-21T19:06:45.140787Z DEBUG quip_miner_metal::combined: combined route completed engine="metal" job_id=study:3227:20014 outcome="completed" device_access_time_us=2732838
2026-09-21T19:06:45.140791Z DEBUG quip_miner_metal::combined: combined route assigned engine="metal" job_id=study:3222:20010 metal_eligible=true ane_eligible=false
2026-09-21T19:06:45.140957Z DEBUG quip_miner_metal::combined: combined route assigned engine="metal" job_id=study:3222:20011 metal_eligible=true ane_eligible=false
2026-09-21T19:06:45.141124Z DEBUG quip_miner_metal::combined: combined route assigned engine="metal" job_id=study:3222:20012 metal_eligible=true ane_eligible=false
2026-09-21T19:06:45.141289Z DEBUG quip_miner_metal::combined: combined route assigned engine="metal" job_id=study:3222:20013 metal_eligible=true ane_eligible=false
2026-09-21T19:06:45.141461Z DEBUG quip_miner_metal::combined: combined route assigned engine="metal" job_id=study:3222:20014 metal_eligible=true ane_eligible=false
2026-09-21T19:06:45.141627Z DEBUG quip_miner_metal::combined: combined route assigned engine="metal" job_id=study:3221:20010 metal_eligible=true ane_eligible=false
2026-09-21T19:06:45.141792Z DEBUG quip_miner_metal::combined: combined route assigned engine="metal" job_id=study:3221:20011 metal_eligible=true ane_eligible=false
2026-09-21T19:06:45.141960Z DEBUG quip_miner_metal::combined: combined route assigned engine="metal" job_id=study:3221:20012 metal_eligible=true ane_eligible=false
2026-09-21T19:06:45.142127Z DEBUG quip_miner_metal::combined: combined route assigned engine="metal" job_id=study:3221:20013 metal_eligible=true ane_eligible=false
2026-09-21T19:06:45.142292Z DEBUG quip_miner_metal::combined: combined route assigned engine="metal" job_id=study:3221:20014 metal_eligible=true ane_eligible=false
2026-09-21T19:06:45.142458Z DEBUG quip_miner_metal::combined: combined route assigned engine="metal" job_id=study:3220:20010 metal_eligible=true ane_eligible=false
2026-09-21T19:06:45.142625Z DEBUG quip_miner_metal::combined: combined route assigned engine="metal" job_id=study:3220:20011 metal_eligible=true ane_eligible=false
2026-09-21T19:06:45.142792Z DEBUG quip_miner_metal::combined: combined route assigned engine="metal" job_id=study:3220:20012 metal_eligible=true ane_eligible=false
2026-09-21T19:06:45.142960Z DEBUG quip_miner_metal::combined: combined route assigned engine="metal" job_id=study:3220:20013 metal_eligible=true ane_eligible=false
2026-09-21T19:06:45.143127Z DEBUG quip_miner_metal::combined: combined route assigned engine="metal" job_id=study:3220:20014 metal_eligible=true ane_eligible=false
2026-09-21T19:06:45.143295Z DEBUG quip_miner_metal::combined: combined route assigned engine="metal" job_id=study:3219:20010 metal_eligible=true ane_eligible=false
2026-09-21T19:06:45.143461Z DEBUG quip_miner_metal::combined: combined route assigned engine="metal" job_id=study:3219:20011 metal_eligible=true ane_eligible=false
2026-09-21T19:06:45.143628Z DEBUG quip_miner_metal::combined: combined route assigned engine="metal" job_id=study:3219:20012 metal_eligible=true ane_eligible=false
2026-09-21T19:06:45.143793Z DEBUG quip_miner_metal::combined: combined route assigned engine="metal" job_id=study:3219:20013 metal_eligible=true ane_eligible=false
2026-09-21T19:06:45.143961Z DEBUG quip_miner_metal::combined: combined route assigned engine="metal" job_id=study:3219:20014 metal_eligible=true ane_eligible=false
2026-09-21T19:06:48.379803Z DEBUG quip_miner_metal::combined: combined route completed engine="metal" job_id=study:3226:20010 outcome="completed" device_access_time_us=2910965
2026-09-21T19:06:48.379845Z DEBUG quip_miner_metal::combined: combined route completed engine="metal" job_id=study:3226:20011 outcome="completed" device_access_time_us=2910965
2026-09-21T19:06:48.379851Z DEBUG quip_miner_metal::combined: combined route completed engine="metal" job_id=study:3226:20012 outcome="completed" device_access_time_us=2910965
2026-09-21T19:06:48.379855Z DEBUG quip_miner_metal::combined: combined route completed engine="metal" job_id=study:3226:20013 outcome="completed" device_access_time_us=2910965
2026-09-21T19:06:48.379858Z DEBUG quip_miner_metal::combined: combined route completed engine="metal" job_id=study:3226:20014 outcome="completed" device_access_time_us=2910965
2026-09-21T19:06:48.379861Z DEBUG quip_miner_metal::combined: combined route completed engine="metal" job_id=study:3225:20010 outcome="completed" device_access_time_us=2910965
2026-09-21T19:06:48.379864Z DEBUG quip_miner_metal::combined: combined route completed engine="metal" job_id=study:3225:20011 outcome="completed" device_access_time_us=2910965
2026-09-21T19:06:48.379866Z DEBUG quip_miner_metal::combined: combined route completed engine="metal" job_id=study:3225:20012 outcome="completed" device_access_time_us=2910965
2026-09-21T19:06:48.379869Z DEBUG quip_miner_metal::combined: combined route completed engine="metal" job_id=study:3225:20013 outcome="completed" device_access_time_us=2910965
2026-09-21T19:06:48.379887Z DEBUG quip_miner_metal::combined: combined route completed engine="metal" job_id=study:3225:20014 outcome="completed" device_access_time_us=2910965
2026-09-21T19:06:48.379890Z DEBUG quip_miner_metal::combined: combined route completed engine="metal" job_id=study:3224:20010 outcome="completed" device_access_time_us=2910965
2026-09-21T19:06:48.379892Z DEBUG quip_miner_metal::combined: combined route completed engine="metal" job_id=study:3224:20011 outcome="completed" device_access_time_us=2910965
2026-09-21T19:06:48.379895Z DEBUG quip_miner_metal::combined: combined route completed engine="metal" job_id=study:3224:20012 outcome="completed" device_access_time_us=2910965
2026-09-21T19:06:48.379897Z DEBUG quip_miner_metal::combined: combined route completed engine="metal" job_id=study:3224:20013 outcome="completed" device_access_time_us=2910965
2026-09-21T19:06:48.379900Z DEBUG quip_miner_metal::combined: combined route completed engine="metal" job_id=study:3224:20014 outcome="completed" device_access_time_us=2910965
2026-09-21T19:06:48.379902Z DEBUG quip_miner_metal::combined: combined route completed engine="metal" job_id=study:3223:20010 outcome="completed" device_access_time_us=2910965
2026-09-21T19:06:48.379905Z DEBUG quip_miner_metal::combined: combined route completed engine="metal" job_id=study:3223:20011 outcome="completed" device_access_time_us=2910965
2026-09-21T19:06:48.379907Z DEBUG quip_miner_metal::combined: combined route completed engine="metal" job_id=study:3223:20012 outcome="completed" device_access_time_us=2910965
2026-09-21T19:06:48.379910Z DEBUG quip_miner_metal::combined: combined route completed engine="metal" job_id=study:3223:20013 outcome="completed" device_access_time_us=2910965
2026-09-21T19:06:48.379912Z DEBUG quip_miner_metal::combined: combined route completed engine="metal" job_id=study:3223:20014 outcome="completed" device_access_time_us=2910965
2026-09-21T19:06:48.379915Z DEBUG quip_miner_metal::combined: combined route assigned engine="metal" job_id=study:3218:20010 metal_eligible=true ane_eligible=false
2026-09-21T19:06:48.380023Z DEBUG quip_miner_metal::combined: combined route assigned engine="metal" job_id=study:3218:20011 metal_eligible=true ane_eligible=false
2026-09-21T19:06:48.380131Z DEBUG quip_miner_metal::combined: combined route assigned engine="metal" job_id=study:3218:20012 metal_eligible=true ane_eligible=false
2026-09-21T19:06:48.380236Z DEBUG quip_miner_metal::combined: combined route assigned engine="metal" job_id=study:3218:20013 metal_eligible=true ane_eligible=false
2026-09-21T19:06:48.380341Z DEBUG quip_miner_metal::combined: combined route assigned engine="metal" job_id=study:3218:20014 metal_eligible=true ane_eligible=false
2026-09-21T19:06:48.380448Z DEBUG quip_miner_metal::combined: combined route assigned engine="metal" job_id=study:3217:20010 metal_eligible=true ane_eligible=false
2026-09-21T19:06:48.380563Z DEBUG quip_miner_metal::combined: combined route assigned engine="metal" job_id=study:3217:20011 metal_eligible=true ane_eligible=false
2026-09-21T19:06:48.380667Z DEBUG quip_miner_metal::combined: combined route assigned engine="metal" job_id=study:3217:20012 metal_eligible=true ane_eligible=false
2026-09-21T19:06:48.380772Z DEBUG quip_miner_metal::combined: combined route assigned engine="metal" job_id=study:3217:20013 metal_eligible=true ane_eligible=false
2026-09-21T19:06:48.380876Z DEBUG quip_miner_metal::combined: combined route assigned engine="metal" job_id=study:3217:20014 metal_eligible=true ane_eligible=false
2026-09-21T19:06:48.380981Z DEBUG quip_miner_metal::combined: combined route assigned engine="metal" job_id=study:3216:20010 metal_eligible=true ane_eligible=false
2026-09-21T19:06:48.381085Z DEBUG quip_miner_metal::combined: combined route assigned engine="metal" job_id=study:3216:20011 metal_eligible=true ane_eligible=false
2026-09-21T19:06:48.381189Z DEBUG quip_miner_metal::combined: combined route assigned engine="metal" job_id=study:3216:20012 metal_eligible=true ane_eligible=false
2026-09-21T19:06:48.381298Z DEBUG quip_miner_metal::combined: combined route assigned engine="metal" job_id=study:3216:20013 metal_eligible=true ane_eligible=false
2026-09-21T19:06:48.381403Z DEBUG quip_miner_metal::combined: combined route assigned engine="metal" job_id=study:3216:20014 metal_eligible=true ane_eligible=false
2026-09-21T19:06:48.381507Z DEBUG quip_miner_metal::combined: combined route assigned engine="metal" job_id=study:3215:20010 metal_eligible=true ane_eligible=false
2026-09-21T19:06:48.381611Z DEBUG quip_miner_metal::combined: combined route assigned engine="metal" job_id=study:3215:20011 metal_eligible=true ane_eligible=false
2026-09-21T19:06:48.381715Z DEBUG quip_miner_metal::combined: combined route assigned engine="metal" job_id=study:3215:20012 metal_eligible=true ane_eligible=false
2026-09-21T19:06:48.381819Z DEBUG quip_miner_metal::combined: combined route assigned engine="metal" job_id=study:3215:20013 metal_eligible=true ane_eligible=false
2026-09-21T19:06:48.381923Z DEBUG quip_miner_metal::combined: combined route assigned engine="metal" job_id=study:3215:20014 metal_eligible=true ane_eligible=false
2026-09-21T19:06:48.398373Z DEBUG quip_miner_metal::combined: combined route completed engine="metal" job_id=study:3222:20010 outcome="completed" device_access_time_us=3210196
2026-09-21T19:06:48.398413Z DEBUG quip_miner_metal::combined: combined route completed engine="metal" job_id=study:3222:20011 outcome="completed" device_access_time_us=3210196
2026-09-21T19:06:48.398420Z DEBUG quip_miner_metal::combined: combined route completed engine="metal" job_id=study:3222:20012 outcome="completed" device_access_time_us=3210196
2026-09-21T19:06:48.398424Z DEBUG quip_miner_metal::combined: combined route completed engine="metal" job_id=study:3222:20013 outcome="completed" device_access_time_us=3210196
2026-09-21T19:06:48.398428Z DEBUG quip_miner_metal::combined: combined route completed engine="metal" job_id=study:3222:20014 outcome="completed" device_access_time_us=3210196
2026-09-21T19:06:48.398432Z DEBUG quip_miner_metal::combined: combined route completed engine="metal" job_id=study:3221:20010 outcome="completed" device_access_time_us=3210196
2026-09-21T19:06:48.398435Z DEBUG quip_miner_metal::combined: combined route completed engine="metal" job_id=study:3221:20011 outcome="completed" device_access_time_us=3210196
2026-09-21T19:06:48.398439Z DEBUG quip_miner_metal::combined: combined route completed engine="metal" job_id=study:3221:20012 outcome="completed" device_access_time_us=3210196
2026-09-21T19:06:48.398442Z DEBUG quip_miner_metal::combined: combined route completed engine="metal" job_id=study:3221:20013 outcome="completed" device_access_time_us=3210196
2026-09-21T19:06:48.398446Z DEBUG quip_miner_metal::combined: combined route completed engine="metal" job_id=study:3221:20014 outcome="completed" device_access_time_us=3210196
2026-09-21T19:06:48.398449Z DEBUG quip_miner_metal::combined: combined route completed engine="metal" job_id=study:3220:20010 outcome="completed" device_access_time_us=3210196
2026-09-21T19:06:48.398452Z DEBUG quip_miner_metal::combined: combined route completed engine="metal" job_id=study:3220:20011 outcome="completed" device_access_time_us=3210196
2026-09-21T19:06:48.398455Z DEBUG quip_miner_metal::combined: combined route completed engine="metal" job_id=study:3220:20012 outcome="completed" device_access_time_us=3210196
2026-09-21T19:06:48.398458Z DEBUG quip_miner_metal::combined: combined route completed engine="metal" job_id=study:3220:20013 outcome="completed" device_access_time_us=3210196
2026-09-21T19:06:48.398461Z DEBUG quip_miner_metal::combined: combined route completed engine="metal" job_id=study:3220:20014 outcome="completed" device_access_time_us=3210196
2026-09-21T19:06:48.398463Z DEBUG quip_miner_metal::combined: combined route completed engine="metal" job_id=study:3219:20010 outcome="completed" device_access_time_us=3210196
2026-09-21T19:06:48.398466Z DEBUG quip_miner_metal::combined: combined route completed engine="metal" job_id=study:3219:20011 outcome="completed" device_access_time_us=3210196
2026-09-21T19:06:48.398482Z DEBUG quip_miner_metal::combined: combined route completed engine="metal" job_id=study:3219:20012 outcome="completed" device_access_time_us=3210196
2026-09-21T19:06:48.398486Z DEBUG quip_miner_metal::combined: combined route completed engine="metal" job_id=study:3219:20013 outcome="completed" device_access_time_us=3210196
2026-09-21T19:06:48.398488Z DEBUG quip_miner_metal::combined: combined route completed engine="metal" job_id=study:3219:20014 outcome="completed" device_access_time_us=3210196
2026-09-21T19:06:48.398492Z DEBUG quip_miner_metal::combined: combined route assigned engine="metal" job_id=study:3214:20010 metal_eligible=true ane_eligible=false
2026-09-21T19:06:48.398623Z DEBUG quip_miner_metal::combined: combined route assigned engine="metal" job_id=study:3214:20011 metal_eligible=true ane_eligible=false
2026-09-21T19:06:48.398750Z DEBUG quip_miner_metal::combined: combined route assigned engine="metal" job_id=study:3214:20012 metal_eligible=true ane_eligible=false
2026-09-21T19:06:48.398883Z DEBUG quip_miner_metal::combined: combined route assigned engine="metal" job_id=study:3214:20013 metal_eligible=true ane_eligible=false
2026-09-21T19:06:48.399010Z DEBUG quip_miner_metal::combined: combined route assigned engine="metal" job_id=study:3214:20014 metal_eligible=true ane_eligible=false
2026-09-21T19:06:48.399139Z DEBUG quip_miner_metal::combined: combined route assigned engine="metal" job_id=study:3213:20010 metal_eligible=true ane_eligible=false
2026-09-21T19:06:48.399266Z DEBUG quip_miner_metal::combined: combined route assigned engine="metal" job_id=study:3213:20011 metal_eligible=true ane_eligible=false
2026-09-21T19:06:48.399395Z DEBUG quip_miner_metal::combined: combined route assigned engine="metal" job_id=study:3213:20012 metal_eligible=true ane_eligible=false
2026-09-21T19:06:48.399523Z DEBUG quip_miner_metal::combined: combined route assigned engine="metal" job_id=study:3213:20013 metal_eligible=true ane_eligible=false
2026-09-21T19:06:48.399651Z DEBUG quip_miner_metal::combined: combined route assigned engine="metal" job_id=study:3213:20014 metal_eligible=true ane_eligible=false
2026-09-21T19:06:48.399782Z DEBUG quip_miner_metal::combined: combined route assigned engine="metal" job_id=study:3212:20010 metal_eligible=true ane_eligible=false
2026-09-21T19:06:48.399916Z DEBUG quip_miner_metal::combined: combined route assigned engine="metal" job_id=study:3212:20011 metal_eligible=true ane_eligible=false
2026-09-21T19:06:48.400045Z DEBUG quip_miner_metal::combined: combined route assigned engine="metal" job_id=study:3212:20012 metal_eligible=true ane_eligible=false
2026-09-21T19:06:48.400174Z DEBUG quip_miner_metal::combined: combined route assigned engine="metal" job_id=study:3212:20013 metal_eligible=true ane_eligible=false
2026-09-21T19:06:48.400303Z DEBUG quip_miner_metal::combined: combined route assigned engine="metal" job_id=study:3212:20014 metal_eligible=true ane_eligible=false
2026-09-21T19:06:48.400430Z DEBUG quip_miner_metal::combined: combined route assigned engine="metal" job_id=study:3211:20010 metal_eligible=true ane_eligible=false
2026-09-21T19:06:48.400559Z DEBUG quip_miner_metal::combined: combined route assigned engine="metal" job_id=study:3211:20011 metal_eligible=true ane_eligible=false
2026-09-21T19:06:48.400691Z DEBUG quip_miner_metal::combined: combined route assigned engine="metal" job_id=study:3211:20012 metal_eligible=true ane_eligible=false
2026-09-21T19:06:48.400819Z DEBUG quip_miner_metal::combined: combined route assigned engine="metal" job_id=study:3211:20013 metal_eligible=true ane_eligible=false
2026-09-21T19:06:48.400945Z DEBUG quip_miner_metal::combined: combined route assigned engine="metal" job_id=study:3211:20014 metal_eligible=true ane_eligible=false
2026-09-21T19:06:51.419620Z DEBUG quip_miner_metal::combined: combined route completed engine="metal" job_id=study:3218:20010 outcome="completed" device_access_time_us=2918547
2026-09-21T19:06:51.419680Z DEBUG quip_miner_metal::combined: combined route completed engine="metal" job_id=study:3218:20011 outcome="completed" device_access_time_us=2918547
2026-09-21T19:06:51.419690Z DEBUG quip_miner_metal::combined: combined route completed engine="metal" job_id=study:3218:20012 outcome="completed" device_access_time_us=2918547
2026-09-21T19:06:51.419695Z DEBUG quip_miner_metal::combined: combined route completed engine="metal" job_id=study:3218:20013 outcome="completed" device_access_time_us=2918547
2026-09-21T19:06:51.419699Z DEBUG quip_miner_metal::combined: combined route completed engine="metal" job_id=study:3218:20014 outcome="completed" device_access_time_us=2918547
2026-09-21T19:06:51.419704Z DEBUG quip_miner_metal::combined: combined route completed engine="metal" job_id=study:3217:20010 outcome="completed" device_access_time_us=2918547
2026-09-21T19:06:51.419707Z DEBUG quip_miner_metal::combined: combined route completed engine="metal" job_id=study:3217:20011 outcome="completed" device_access_time_us=2918547
2026-09-21T19:06:51.419710Z DEBUG quip_miner_metal::combined: combined route completed engine="metal" job_id=study:3217:20012 outcome="completed" device_access_time_us=2918547
2026-09-21T19:06:51.419713Z DEBUG quip_miner_metal::combined: combined route completed engine="metal" job_id=study:3217:20013 outcome="completed" device_access_time_us=2918547
2026-09-21T19:06:51.419716Z DEBUG quip_miner_metal::combined: combined route completed engine="metal" job_id=study:3217:20014 outcome="completed" device_access_time_us=2918547
2026-09-21T19:06:51.419719Z DEBUG quip_miner_metal::combined: combined route completed engine="metal" job_id=study:3216:20010 outcome="completed" device_access_time_us=2918547
2026-09-21T19:06:51.419722Z DEBUG quip_miner_metal::combined: combined route completed engine="metal" job_id=study:3216:20011 outcome="completed" device_access_time_us=2918547
2026-09-21T19:06:51.419724Z DEBUG quip_miner_metal::combined: combined route completed engine="metal" job_id=study:3216:20012 outcome="completed" device_access_time_us=2918547
2026-09-21T19:06:51.419727Z DEBUG quip_miner_metal::combined: combined route completed engine="metal" job_id=study:3216:20013 outcome="completed" device_access_time_us=2918547
2026-09-21T19:06:51.419730Z DEBUG quip_miner_metal::combined: combined route completed engine="metal" job_id=study:3216:20014 outcome="completed" device_access_time_us=2918547
2026-09-21T19:06:51.419733Z DEBUG quip_miner_metal::combined: combined route completed engine="metal" job_id=study:3215:20010 outcome="completed" device_access_time_us=2918547
2026-09-21T19:06:51.419736Z DEBUG quip_miner_metal::combined: combined route completed engine="metal" job_id=study:3215:20011 outcome="completed" device_access_time_us=2918547
2026-09-21T19:06:51.419738Z DEBUG quip_miner_metal::combined: combined route completed engine="metal" job_id=study:3215:20012 outcome="completed" device_access_time_us=2918547
2026-09-21T19:06:51.419741Z DEBUG quip_miner_metal::combined: combined route completed engine="metal" job_id=study:3215:20013 outcome="completed" device_access_time_us=2918547
2026-09-21T19:06:51.419744Z DEBUG quip_miner_metal::combined: combined route completed engine="metal" job_id=study:3215:20014 outcome="completed" device_access_time_us=2918547
2026-09-21T19:06:51.419748Z DEBUG quip_miner_metal::combined: combined route assigned engine="metal" job_id=study:3210:20010 metal_eligible=true ane_eligible=false
2026-09-21T19:06:51.419878Z DEBUG quip_miner_metal::combined: combined route assigned engine="metal" job_id=study:3210:20011 metal_eligible=true ane_eligible=false
2026-09-21T19:06:51.420009Z DEBUG quip_miner_metal::combined: combined route assigned engine="metal" job_id=study:3210:20012 metal_eligible=true ane_eligible=false
2026-09-21T19:06:51.420139Z DEBUG quip_miner_metal::combined: combined route assigned engine="metal" job_id=study:3210:20013 metal_eligible=true ane_eligible=false
2026-09-21T19:06:51.420287Z DEBUG quip_miner_metal::combined: combined route assigned engine="metal" job_id=study:3210:20014 metal_eligible=true ane_eligible=false
2026-09-21T19:06:51.420453Z DEBUG quip_miner_metal::combined: combined route assigned engine="metal" job_id=study:3209:20010 metal_eligible=true ane_eligible=false
2026-09-21T19:06:51.420612Z DEBUG quip_miner_metal::combined: combined route assigned engine="metal" job_id=study:3209:20011 metal_eligible=true ane_eligible=false
2026-09-21T19:06:51.420759Z DEBUG quip_miner_metal::combined: combined route assigned engine="metal" job_id=study:3209:20012 metal_eligible=true ane_eligible=false
2026-09-21T19:06:51.420911Z DEBUG quip_miner_metal::combined: combined route assigned engine="metal" job_id=study:3209:20013 metal_eligible=true ane_eligible=false
2026-09-21T19:06:51.421048Z DEBUG quip_miner_metal::combined: combined route assigned engine="metal" job_id=study:3209:20014 metal_eligible=true ane_eligible=false
2026-09-21T19:06:51.421175Z DEBUG quip_miner_metal::combined: combined route assigned engine="metal" job_id=study:3208:20010 metal_eligible=true ane_eligible=false
2026-09-21T19:06:51.421291Z DEBUG quip_miner_metal::combined: combined route assigned engine="metal" job_id=study:3208:20011 metal_eligible=true ane_eligible=false
2026-09-21T19:06:51.421405Z DEBUG quip_miner_metal::combined: combined route assigned engine="metal" job_id=study:3208:20012 metal_eligible=true ane_eligible=false
2026-09-21T19:06:51.421521Z DEBUG quip_miner_metal::combined: combined route assigned engine="metal" job_id=study:3208:20013 metal_eligible=true ane_eligible=false
2026-09-21T19:06:51.421635Z DEBUG quip_miner_metal::combined: combined route assigned engine="metal" job_id=study:3208:20014 metal_eligible=true ane_eligible=false
2026-09-21T19:06:51.421750Z DEBUG quip_miner_metal::combined: combined route assigned engine="metal" job_id=study:3207:20010 metal_eligible=true ane_eligible=false
2026-09-21T19:06:51.421865Z DEBUG quip_miner_metal::combined: combined route assigned engine="metal" job_id=study:3207:20011 metal_eligible=true ane_eligible=false
2026-09-21T19:06:51.421982Z DEBUG quip_miner_metal::combined: combined route assigned engine="metal" job_id=study:3207:20012 metal_eligible=true ane_eligible=false
2026-09-21T19:06:51.422096Z DEBUG quip_miner_metal::combined: combined route assigned engine="metal" job_id=study:3207:20013 metal_eligible=true ane_eligible=false
2026-09-21T19:06:51.422210Z DEBUG quip_miner_metal::combined: combined route assigned engine="metal" job_id=study:3207:20014 metal_eligible=true ane_eligible=false
2026-09-21T19:06:51.472639Z DEBUG quip_miner_metal::combined: combined route completed engine="metal" job_id=study:3214:20010 outcome="completed" device_access_time_us=2696812
2026-09-21T19:06:51.472669Z DEBUG quip_miner_metal::combined: combined route completed engine="metal" job_id=study:3214:20011 outcome="completed" device_access_time_us=2696812
2026-09-21T19:06:51.472675Z DEBUG quip_miner_metal::combined: combined route completed engine="metal" job_id=study:3214:20012 outcome="completed" device_access_time_us=2696812
2026-09-21T19:06:51.472680Z DEBUG quip_miner_metal::combined: combined route completed engine="metal" job_id=study:3214:20013 outcome="completed" device_access_time_us=2696812
2026-09-21T19:06:51.472684Z DEBUG quip_miner_metal::combined: combined route completed engine="metal" job_id=study:3214:20014 outcome="completed" device_access_time_us=2696812
2026-09-21T19:06:51.472688Z DEBUG quip_miner_metal::combined: combined route completed engine="metal" job_id=study:3213:20010 outcome="completed" device_access_time_us=2696812
2026-09-21T19:06:51.472691Z DEBUG quip_miner_metal::combined: combined route completed engine="metal" job_id=study:3213:20011 outcome="completed" device_access_time_us=2696812
2026-09-21T19:06:51.472694Z DEBUG quip_miner_metal::combined: combined route completed engine="metal" job_id=study:3213:20012 outcome="completed" device_access_time_us=2696812
2026-09-21T19:06:51.472697Z DEBUG quip_miner_metal::combined: combined route completed engine="metal" job_id=study:3213:20013 outcome="completed" device_access_time_us=2696812
2026-09-21T19:06:51.472715Z DEBUG quip_miner_metal::combined: combined route completed engine="metal" job_id=study:3213:20014 outcome="completed" device_access_time_us=2696812
2026-09-21T19:06:51.472719Z DEBUG quip_miner_metal::combined: combined route completed engine="metal" job_id=study:3212:20010 outcome="completed" device_access_time_us=2696812
2026-09-21T19:06:51.472722Z DEBUG quip_miner_metal::combined: combined route completed engine="metal" job_id=study:3212:20011 outcome="completed" device_access_time_us=2696812
2026-09-21T19:06:51.472725Z DEBUG quip_miner_metal::combined: combined route completed engine="metal" job_id=study:3212:20012 outcome="completed" device_access_time_us=2696812
2026-09-21T19:06:51.472728Z DEBUG quip_miner_metal::combined: combined route completed engine="metal" job_id=study:3212:20013 outcome="completed" device_access_time_us=2696812
2026-09-21T19:06:51.472731Z DEBUG quip_miner_metal::combined: combined route completed engine="metal" job_id=study:3212:20014 outcome="completed" device_access_time_us=2696812
2026-09-21T19:06:51.472734Z DEBUG quip_miner_metal::combined: combined route completed engine="metal" job_id=study:3211:20010 outcome="completed" device_access_time_us=2696812
2026-09-21T19:06:51.472737Z DEBUG quip_miner_metal::combined: combined route completed engine="metal" job_id=study:3211:20011 outcome="completed" device_access_time_us=2696812
2026-09-21T19:06:51.472740Z DEBUG quip_miner_metal::combined: combined route completed engine="metal" job_id=study:3211:20012 outcome="completed" device_access_time_us=2696812
2026-09-21T19:06:51.472743Z DEBUG quip_miner_metal::combined: combined route completed engine="metal" job_id=study:3211:20013 outcome="completed" device_access_time_us=2696812
2026-09-21T19:06:51.472745Z DEBUG quip_miner_metal::combined: combined route completed engine="metal" job_id=study:3211:20014 outcome="completed" device_access_time_us=2696812
2026-09-21T19:06:51.472751Z DEBUG quip_miner_metal::combined: combined route assigned engine="metal" job_id=study:3206:20010 metal_eligible=true ane_eligible=false
2026-09-21T19:06:51.472881Z DEBUG quip_miner_metal::combined: combined route assigned engine="metal" job_id=study:3206:20011 metal_eligible=true ane_eligible=false
2026-09-21T19:06:51.473010Z DEBUG quip_miner_metal::combined: combined route assigned engine="metal" job_id=study:3206:20012 metal_eligible=true ane_eligible=false
2026-09-21T19:06:51.473137Z DEBUG quip_miner_metal::combined: combined route assigned engine="metal" job_id=study:3206:20013 metal_eligible=true ane_eligible=false
2026-09-21T19:06:51.473267Z DEBUG quip_miner_metal::combined: combined route assigned engine="metal" job_id=study:3206:20014 metal_eligible=true ane_eligible=false
2026-09-21T19:06:51.473396Z DEBUG quip_miner_metal::combined: combined route assigned engine="metal" job_id=study:3205:20010 metal_eligible=true ane_eligible=false
2026-09-21T19:06:51.473524Z DEBUG quip_miner_metal::combined: combined route assigned engine="metal" job_id=study:3205:20011 metal_eligible=true ane_eligible=false
2026-09-21T19:06:51.473652Z DEBUG quip_miner_metal::combined: combined route assigned engine="metal" job_id=study:3205:20012 metal_eligible=true ane_eligible=false
2026-09-21T19:06:51.473780Z DEBUG quip_miner_metal::combined: combined route assigned engine="metal" job_id=study:3205:20013 metal_eligible=true ane_eligible=false
2026-09-21T19:06:51.473909Z DEBUG quip_miner_metal::combined: combined route assigned engine="metal" job_id=study:3205:20014 metal_eligible=true ane_eligible=false
2026-09-21T19:06:51.474038Z DEBUG quip_miner_metal::combined: combined route assigned engine="metal" job_id=study:3204:20010 metal_eligible=true ane_eligible=false
2026-09-21T19:06:51.474165Z DEBUG quip_miner_metal::combined: combined route assigned engine="metal" job_id=study:3204:20011 metal_eligible=true ane_eligible=false
2026-09-21T19:06:51.474291Z DEBUG quip_miner_metal::combined: combined route assigned engine="metal" job_id=study:3204:20012 metal_eligible=true ane_eligible=false
2026-09-21T19:06:51.474418Z DEBUG quip_miner_metal::combined: combined route assigned engine="metal" job_id=study:3204:20013 metal_eligible=true ane_eligible=false
2026-09-21T19:06:51.474547Z DEBUG quip_miner_metal::combined: combined route assigned engine="metal" job_id=study:3204:20014 metal_eligible=true ane_eligible=false
2026-09-21T19:06:51.474675Z DEBUG quip_miner_metal::combined: combined route assigned engine="metal" job_id=study:3203:20010 metal_eligible=true ane_eligible=false
2026-09-21T19:06:51.474803Z DEBUG quip_miner_metal::combined: combined route assigned engine="metal" job_id=study:3203:20011 metal_eligible=true ane_eligible=false
2026-09-21T19:06:51.474931Z DEBUG quip_miner_metal::combined: combined route assigned engine="metal" job_id=study:3203:20012 metal_eligible=true ane_eligible=false
2026-09-21T19:06:51.475058Z DEBUG quip_miner_metal::combined: combined route assigned engine="metal" job_id=study:3203:20013 metal_eligible=true ane_eligible=false
2026-09-21T19:06:51.475188Z DEBUG quip_miner_metal::combined: combined route assigned engine="metal" job_id=study:3203:20014 metal_eligible=true ane_eligible=false
2026-09-21T19:06:54.446936Z DEBUG quip_miner_metal::combined: combined route completed engine="metal" job_id=study:3210:20010 outcome="completed" device_access_time_us=2672147
2026-09-21T19:06:54.446985Z DEBUG quip_miner_metal::combined: combined route completed engine="metal" job_id=study:3210:20011 outcome="completed" device_access_time_us=2672147
2026-09-21T19:06:54.447000Z DEBUG quip_miner_metal::combined: combined route completed engine="metal" job_id=study:3210:20012 outcome="completed" device_access_time_us=2672147
2026-09-21T19:06:54.447005Z DEBUG quip_miner_metal::combined: combined route completed engine="metal" job_id=study:3210:20013 outcome="completed" device_access_time_us=2672147
2026-09-21T19:06:54.447009Z DEBUG quip_miner_metal::combined: combined route completed engine="metal" job_id=study:3210:20014 outcome="completed" device_access_time_us=2672147
2026-09-21T19:06:54.447012Z DEBUG quip_miner_metal::combined: combined route completed engine="metal" job_id=study:3209:20010 outcome="completed" device_access_time_us=2672147
2026-09-21T19:06:54.447015Z DEBUG quip_miner_metal::combined: combined route completed engine="metal" job_id=study:3209:20011 outcome="completed" device_access_time_us=2672147
2026-09-21T19:06:54.447018Z DEBUG quip_miner_metal::combined: combined route completed engine="metal" job_id=study:3209:20012 outcome="completed" device_access_time_us=2672147
2026-09-21T19:06:54.447021Z DEBUG quip_miner_metal::combined: combined route completed engine="metal" job_id=study:3209:20013 outcome="completed" device_access_time_us=2672147
2026-09-21T19:06:54.447023Z DEBUG quip_miner_metal::combined: combined route completed engine="metal" job_id=study:3209:20014 outcome="completed" device_access_time_us=2672147
2026-09-21T19:06:54.447026Z DEBUG quip_miner_metal::combined: combined route completed engine="metal" job_id=study:3208:20010 outcome="completed" device_access_time_us=2672147
2026-09-21T19:06:54.447029Z DEBUG quip_miner_metal::combined: combined route completed engine="metal" job_id=study:3208:20011 outcome="completed" device_access_time_us=2672147
2026-09-21T19:06:54.447031Z DEBUG quip_miner_metal::combined: combined route completed engine="metal" job_id=study:3208:20012 outcome="completed" device_access_time_us=2672147
2026-09-21T19:06:54.447033Z DEBUG quip_miner_metal::combined: combined route completed engine="metal" job_id=study:3208:20013 outcome="completed" device_access_time_us=2672147
2026-09-21T19:06:54.447036Z DEBUG quip_miner_metal::combined: combined route completed engine="metal" job_id=study:3208:20014 outcome="completed" device_access_time_us=2672147
2026-09-21T19:06:54.447038Z DEBUG quip_miner_metal::combined: combined route completed engine="metal" job_id=study:3207:20010 outcome="completed" device_access_time_us=2672147
2026-09-21T19:06:54.447040Z DEBUG quip_miner_metal::combined: combined route completed engine="metal" job_id=study:3207:20011 outcome="completed" device_access_time_us=2672147
2026-09-21T19:06:54.447043Z DEBUG quip_miner_metal::combined: combined route completed engine="metal" job_id=study:3207:20012 outcome="completed" device_access_time_us=2672147
2026-09-21T19:06:54.447045Z DEBUG quip_miner_metal::combined: combined route completed engine="metal" job_id=study:3207:20013 outcome="completed" device_access_time_us=2672147
2026-09-21T19:06:54.447047Z DEBUG quip_miner_metal::combined: combined route completed engine="metal" job_id=study:3207:20014 outcome="completed" device_access_time_us=2672147
2026-09-21T19:06:54.447050Z DEBUG quip_miner_metal::combined: combined route assigned engine="metal" job_id=study:3202:20010 metal_eligible=true ane_eligible=false
2026-09-21T19:06:54.447163Z DEBUG quip_miner_metal::combined: combined route assigned engine="metal" job_id=study:3202:20011 metal_eligible=true ane_eligible=false
2026-09-21T19:06:54.447270Z DEBUG quip_miner_metal::combined: combined route assigned engine="metal" job_id=study:3202:20012 metal_eligible=true ane_eligible=false
2026-09-21T19:06:54.447375Z DEBUG quip_miner_metal::combined: combined route assigned engine="metal" job_id=study:3202:20013 metal_eligible=true ane_eligible=false
2026-09-21T19:06:54.447480Z DEBUG quip_miner_metal::combined: combined route assigned engine="metal" job_id=study:3202:20014 metal_eligible=true ane_eligible=false
2026-09-21T19:06:54.447592Z DEBUG quip_miner_metal::combined: combined route assigned engine="metal" job_id=study:3201:20010 metal_eligible=true ane_eligible=false
2026-09-21T19:06:54.447719Z DEBUG quip_miner_metal::combined: combined route assigned engine="metal" job_id=study:3201:20011 metal_eligible=true ane_eligible=false
2026-09-21T19:06:54.447837Z DEBUG quip_miner_metal::combined: combined route assigned engine="metal" job_id=study:3201:20012 metal_eligible=true ane_eligible=false
2026-09-21T19:06:54.447958Z DEBUG quip_miner_metal::combined: combined route assigned engine="metal" job_id=study:3201:20013 metal_eligible=true ane_eligible=false
2026-09-21T19:06:54.448075Z DEBUG quip_miner_metal::combined: combined route assigned engine="metal" job_id=study:3201:20014 metal_eligible=true ane_eligible=false
2026-09-21T19:06:54.448188Z DEBUG quip_miner_metal::combined: combined route assigned engine="metal" job_id=study:3200:20010 metal_eligible=true ane_eligible=false
2026-09-21T19:06:54.448291Z DEBUG quip_miner_metal::combined: combined route assigned engine="metal" job_id=study:3200:20011 metal_eligible=true ane_eligible=false
2026-09-21T19:06:54.448396Z DEBUG quip_miner_metal::combined: combined route assigned engine="metal" job_id=study:3200:20012 metal_eligible=true ane_eligible=false
2026-09-21T19:06:54.448500Z DEBUG quip_miner_metal::combined: combined route assigned engine="metal" job_id=study:3200:20013 metal_eligible=true ane_eligible=false
2026-09-21T19:06:54.448606Z DEBUG quip_miner_metal::combined: combined route assigned engine="metal" job_id=study:3200:20014 metal_eligible=true ane_eligible=false
2026-09-21T19:06:54.448711Z DEBUG quip_miner_metal::combined: combined route assigned engine="metal" job_id=study:3199:20010 metal_eligible=true ane_eligible=false
2026-09-21T19:06:54.448815Z DEBUG quip_miner_metal::combined: combined route assigned engine="metal" job_id=study:3199:20011 metal_eligible=true ane_eligible=false
2026-09-21T19:06:54.448920Z DEBUG quip_miner_metal::combined: combined route assigned engine="metal" job_id=study:3199:20012 metal_eligible=true ane_eligible=false
2026-09-21T19:06:54.449024Z DEBUG quip_miner_metal::combined: combined route assigned engine="metal" job_id=study:3199:20013 metal_eligible=true ane_eligible=false
2026-09-21T19:06:54.449129Z DEBUG quip_miner_metal::combined: combined route assigned engine="metal" job_id=study:3199:20014 metal_eligible=true ane_eligible=false
2026-09-21T19:06:54.462752Z DEBUG quip_miner_metal::combined: combined route completed engine="metal" job_id=study:3206:20010 outcome="completed" device_access_time_us=2949940
2026-09-21T19:06:54.462784Z DEBUG quip_miner_metal::combined: combined route completed engine="metal" job_id=study:3206:20011 outcome="completed" device_access_time_us=2949940
2026-09-21T19:06:54.462792Z DEBUG quip_miner_metal::combined: combined route completed engine="metal" job_id=study:3206:20012 outcome="completed" device_access_time_us=2949940
2026-09-21T19:06:54.462797Z DEBUG quip_miner_metal::combined: combined route completed engine="metal" job_id=study:3206:20013 outcome="completed" device_access_time_us=2949940
2026-09-21T19:06:54.462801Z DEBUG quip_miner_metal::combined: combined route completed engine="metal" job_id=study:3206:20014 outcome="completed" device_access_time_us=2949940
2026-09-21T19:06:54.462804Z DEBUG quip_miner_metal::combined: combined route completed engine="metal" job_id=study:3205:20010 outcome="completed" device_access_time_us=2949940
2026-09-21T19:06:54.462806Z DEBUG quip_miner_metal::combined: combined route completed engine="metal" job_id=study:3205:20011 outcome="completed" device_access_time_us=2949940
2026-09-21T19:06:54.462809Z DEBUG quip_miner_metal::combined: combined route completed engine="metal" job_id=study:3205:20012 outcome="completed" device_access_time_us=2949940
2026-09-21T19:06:54.462812Z DEBUG quip_miner_metal::combined: combined route completed engine="metal" job_id=study:3205:20013 outcome="completed" device_access_time_us=2949940
2026-09-21T19:06:54.462815Z DEBUG quip_miner_metal::combined: combined route completed engine="metal" job_id=study:3205:20014 outcome="completed" device_access_time_us=2949940
2026-09-21T19:06:54.462818Z DEBUG quip_miner_metal::combined: combined route completed engine="metal" job_id=study:3204:20010 outcome="completed" device_access_time_us=2949940
2026-09-21T19:06:54.462820Z DEBUG quip_miner_metal::combined: combined route completed engine="metal" job_id=study:3204:20011 outcome="completed" device_access_time_us=2949940
2026-09-21T19:06:54.462823Z DEBUG quip_miner_metal::combined: combined route completed engine="metal" job_id=study:3204:20012 outcome="completed" device_access_time_us=2949940
2026-09-21T19:06:54.462825Z DEBUG quip_miner_metal::combined: combined route completed engine="metal" job_id=study:3204:20013 outcome="completed" device_access_time_us=2949940
2026-09-21T19:06:54.462827Z DEBUG quip_miner_metal::combined: combined route completed engine="metal" job_id=study:3204:20014 outcome="completed" device_access_time_us=2949940
2026-09-21T19:06:54.462830Z DEBUG quip_miner_metal::combined: combined route completed engine="metal" job_id=study:3203:20010 outcome="completed" device_access_time_us=2949940
2026-09-21T19:06:54.462832Z DEBUG quip_miner_metal::combined: combined route completed engine="metal" job_id=study:3203:20011 outcome="completed" device_access_time_us=2949940
2026-09-21T19:06:54.462835Z DEBUG quip_miner_metal::combined: combined route completed engine="metal" job_id=study:3203:20012 outcome="completed" device_access_time_us=2949940
2026-09-21T19:06:54.462837Z DEBUG quip_miner_metal::combined: combined route completed engine="metal" job_id=study:3203:20013 outcome="completed" device_access_time_us=2949940
2026-09-21T19:06:54.462839Z DEBUG quip_miner_metal::combined: combined route completed engine="metal" job_id=study:3203:20014 outcome="completed" device_access_time_us=2949940
2026-09-21T19:06:54.462846Z DEBUG quip_miner_metal::combined: combined route assigned engine="metal" job_id=study:3198:20010 metal_eligible=true ane_eligible=false
2026-09-21T19:06:54.462963Z DEBUG quip_miner_metal::combined: combined route assigned engine="metal" job_id=study:3198:20011 metal_eligible=true ane_eligible=false
2026-09-21T19:06:54.463077Z DEBUG quip_miner_metal::combined: combined route assigned engine="metal" job_id=study:3198:20012 metal_eligible=true ane_eligible=false
2026-09-21T19:06:54.463191Z DEBUG quip_miner_metal::combined: combined route assigned engine="metal" job_id=study:3198:20013 metal_eligible=true ane_eligible=false
2026-09-21T19:06:54.463305Z DEBUG quip_miner_metal::combined: combined route assigned engine="metal" job_id=study:3198:20014 metal_eligible=true ane_eligible=false
2026-09-21T19:06:54.463418Z DEBUG quip_miner_metal::combined: combined route assigned engine="metal" job_id=study:3197:20010 metal_eligible=true ane_eligible=false
2026-09-21T19:06:54.463532Z DEBUG quip_miner_metal::combined: combined route assigned engine="metal" job_id=study:3197:20011 metal_eligible=true ane_eligible=false
2026-09-21T19:06:54.463646Z DEBUG quip_miner_metal::combined: combined route assigned engine="metal" job_id=study:3197:20012 metal_eligible=true ane_eligible=false
2026-09-21T19:06:54.463760Z DEBUG quip_miner_metal::combined: combined route assigned engine="metal" job_id=study:3197:20013 metal_eligible=true ane_eligible=false
2026-09-21T19:06:54.463875Z DEBUG quip_miner_metal::combined: combined route assigned engine="metal" job_id=study:3197:20014 metal_eligible=true ane_eligible=false
2026-09-21T19:06:54.463990Z DEBUG quip_miner_metal::combined: combined route assigned engine="metal" job_id=study:3196:20010 metal_eligible=true ane_eligible=false
2026-09-21T19:06:54.464104Z DEBUG quip_miner_metal::combined: combined route assigned engine="metal" job_id=study:3196:20011 metal_eligible=true ane_eligible=false
2026-09-21T19:06:54.464221Z DEBUG quip_miner_metal::combined: combined route assigned engine="metal" job_id=study:3196:20012 metal_eligible=true ane_eligible=false
2026-09-21T19:06:54.464338Z DEBUG quip_miner_metal::combined: combined route assigned engine="metal" job_id=study:3196:20013 metal_eligible=true ane_eligible=false
2026-09-21T19:06:54.464455Z DEBUG quip_miner_metal::combined: combined route assigned engine="metal" job_id=study:3196:20014 metal_eligible=true ane_eligible=false
2026-09-21T19:06:54.464570Z DEBUG quip_miner_metal::combined: combined route assigned engine="metal" job_id=study:3195:20010 metal_eligible=true ane_eligible=false
2026-09-21T19:06:54.464684Z DEBUG quip_miner_metal::combined: combined route assigned engine="metal" job_id=study:3195:20011 metal_eligible=true ane_eligible=false
2026-09-21T19:06:54.464799Z DEBUG quip_miner_metal::combined: combined route assigned engine="metal" job_id=study:3195:20012 metal_eligible=true ane_eligible=false
2026-09-21T19:06:54.464913Z DEBUG quip_miner_metal::combined: combined route assigned engine="metal" job_id=study:3195:20013 metal_eligible=true ane_eligible=false
2026-09-21T19:06:54.465027Z DEBUG quip_miner_metal::combined: combined route assigned engine="metal" job_id=study:3195:20014 metal_eligible=true ane_eligible=false
2026-09-21T19:06:57.810708Z DEBUG quip_miner_metal::combined: combined route completed engine="metal" job_id=study:3202:20010 outcome="completed" device_access_time_us=3023957
2026-09-21T19:06:57.810753Z DEBUG quip_miner_metal::combined: combined route completed engine="metal" job_id=study:3202:20011 outcome="completed" device_access_time_us=3023957
2026-09-21T19:06:57.810761Z DEBUG quip_miner_metal::combined: combined route completed engine="metal" job_id=study:3202:20012 outcome="completed" device_access_time_us=3023957
2026-09-21T19:06:57.810766Z DEBUG quip_miner_metal::combined: combined route completed engine="metal" job_id=study:3202:20013 outcome="completed" device_access_time_us=3023957
2026-09-21T19:06:57.810770Z DEBUG quip_miner_metal::combined: combined route completed engine="metal" job_id=study:3202:20014 outcome="completed" device_access_time_us=3023957
2026-09-21T19:06:57.810773Z DEBUG quip_miner_metal::combined: combined route completed engine="metal" job_id=study:3201:20010 outcome="completed" device_access_time_us=3023957
2026-09-21T19:06:57.810776Z DEBUG quip_miner_metal::combined: combined route completed engine="metal" job_id=study:3201:20011 outcome="completed" device_access_time_us=3023957
2026-09-21T19:06:57.810779Z DEBUG quip_miner_metal::combined: combined route completed engine="metal" job_id=study:3201:20012 outcome="completed" device_access_time_us=3023957
2026-09-21T19:06:57.810781Z DEBUG quip_miner_metal::combined: combined route completed engine="metal" job_id=study:3201:20013 outcome="completed" device_access_time_us=3023957
2026-09-21T19:06:57.810784Z DEBUG quip_miner_metal::combined: combined route completed engine="metal" job_id=study:3201:20014 outcome="completed" device_access_time_us=3023957
2026-09-21T19:06:57.810786Z DEBUG quip_miner_metal::combined: combined route completed engine="metal" job_id=study:3200:20010 outcome="completed" device_access_time_us=3023957
2026-09-21T19:06:57.810789Z DEBUG quip_miner_metal::combined: combined route completed engine="metal" job_id=study:3200:20011 outcome="completed" device_access_time_us=3023957
2026-09-21T19:06:57.810792Z DEBUG quip_miner_metal::combined: combined route completed engine="metal" job_id=study:3200:20012 outcome="completed" device_access_time_us=3023957
2026-09-21T19:06:57.810794Z DEBUG quip_miner_metal::combined: combined route completed engine="metal" job_id=study:3200:20013 outcome="completed" device_access_time_us=3023957
2026-09-21T19:06:57.810796Z DEBUG quip_miner_metal::combined: combined route completed engine="metal" job_id=study:3200:20014 outcome="completed" device_access_time_us=3023957
2026-09-21T19:06:57.810799Z DEBUG quip_miner_metal::combined: combined route completed engine="metal" job_id=study:3199:20010 outcome="completed" device_access_time_us=3023957
2026-09-21T19:06:57.810802Z DEBUG quip_miner_metal::combined: combined route completed engine="metal" job_id=study:3199:20011 outcome="completed" device_access_time_us=3023957
2026-09-21T19:06:57.810804Z DEBUG quip_miner_metal::combined: combined route completed engine="metal" job_id=study:3199:20012 outcome="completed" device_access_time_us=3023957
2026-09-21T19:06:57.810807Z DEBUG quip_miner_metal::combined: combined route completed engine="metal" job_id=study:3199:20013 outcome="completed" device_access_time_us=3023957
2026-09-21T19:06:57.810809Z DEBUG quip_miner_metal::combined: combined route completed engine="metal" job_id=study:3199:20014 outcome="completed" device_access_time_us=3023957
2026-09-21T19:06:57.810813Z DEBUG quip_miner_metal::combined: combined route assigned engine="metal" job_id=study:3194:20010 metal_eligible=true ane_eligible=false
2026-09-21T19:06:57.810929Z DEBUG quip_miner_metal::combined: combined route assigned engine="metal" job_id=study:3194:20011 metal_eligible=true ane_eligible=false
2026-09-21T19:06:57.811035Z DEBUG quip_miner_metal::combined: combined route assigned engine="metal" job_id=study:3194:20012 metal_eligible=true ane_eligible=false
2026-09-21T19:06:57.811141Z DEBUG quip_miner_metal::combined: combined route assigned engine="metal" job_id=study:3194:20013 metal_eligible=true ane_eligible=false
2026-09-21T19:06:57.811245Z DEBUG quip_miner_metal::combined: combined route assigned engine="metal" job_id=study:3194:20014 metal_eligible=true ane_eligible=false
2026-09-21T19:06:57.811350Z DEBUG quip_miner_metal::combined: combined route assigned engine="metal" job_id=study:3193:20010 metal_eligible=true ane_eligible=false
2026-09-21T19:06:57.811455Z DEBUG quip_miner_metal::combined: combined route assigned engine="metal" job_id=study:3193:20011 metal_eligible=true ane_eligible=false
2026-09-21T19:06:57.811560Z DEBUG quip_miner_metal::combined: combined route assigned engine="metal" job_id=study:3193:20012 metal_eligible=true ane_eligible=false
2026-09-21T19:06:57.811665Z DEBUG quip_miner_metal::combined: combined route assigned engine="metal" job_id=study:3193:20013 metal_eligible=true ane_eligible=false
2026-09-21T19:06:57.811769Z DEBUG quip_miner_metal::combined: combined route assigned engine="metal" job_id=study:3193:20014 metal_eligible=true ane_eligible=false
2026-09-21T19:06:57.811873Z DEBUG quip_miner_metal::combined: combined route assigned engine="metal" job_id=study:3192:20010 metal_eligible=true ane_eligible=false
2026-09-21T19:06:57.811981Z DEBUG quip_miner_metal::combined: combined route assigned engine="metal" job_id=study:3192:20011 metal_eligible=true ane_eligible=false
2026-09-21T19:06:57.812088Z DEBUG quip_miner_metal::combined: combined route assigned engine="metal" job_id=study:3192:20012 metal_eligible=true ane_eligible=false
2026-09-21T19:06:57.812193Z DEBUG quip_miner_metal::combined: combined route assigned engine="metal" job_id=study:3192:20013 metal_eligible=true ane_eligible=false
2026-09-21T19:06:57.812297Z DEBUG quip_miner_metal::combined: combined route assigned engine="metal" job_id=study:3192:20014 metal_eligible=true ane_eligible=false
2026-09-21T19:06:57.812401Z DEBUG quip_miner_metal::combined: combined route assigned engine="metal" job_id=study:3191:20010 metal_eligible=true ane_eligible=false
2026-09-21T19:06:57.812506Z DEBUG quip_miner_metal::combined: combined route assigned engine="metal" job_id=study:3191:20011 metal_eligible=true ane_eligible=false
2026-09-21T19:06:57.812610Z DEBUG quip_miner_metal::combined: combined route assigned engine="metal" job_id=study:3191:20012 metal_eligible=true ane_eligible=false
2026-09-21T19:06:57.812718Z DEBUG quip_miner_metal::combined: combined route assigned engine="metal" job_id=study:3191:20013 metal_eligible=true ane_eligible=false
2026-09-21T19:06:57.812822Z DEBUG quip_miner_metal::combined: combined route assigned engine="metal" job_id=study:3191:20014 metal_eligible=true ane_eligible=false
2026-09-21T19:06:57.829035Z DEBUG quip_miner_metal::combined: combined route completed engine="metal" job_id=study:3198:20010 outcome="completed" device_access_time_us=3326137
2026-09-21T19:06:57.829060Z DEBUG quip_miner_metal::combined: combined route completed engine="metal" job_id=study:3198:20011 outcome="completed" device_access_time_us=3326137
2026-09-21T19:06:57.829066Z DEBUG quip_miner_metal::combined: combined route completed engine="metal" job_id=study:3198:20012 outcome="completed" device_access_time_us=3326137
2026-09-21T19:06:57.829070Z DEBUG quip_miner_metal::combined: combined route completed engine="metal" job_id=study:3198:20013 outcome="completed" device_access_time_us=3326137
2026-09-21T19:06:57.829073Z DEBUG quip_miner_metal::combined: combined route completed engine="metal" job_id=study:3198:20014 outcome="completed" device_access_time_us=3326137
2026-09-21T19:06:57.829076Z DEBUG quip_miner_metal::combined: combined route completed engine="metal" job_id=study:3197:20010 outcome="completed" device_access_time_us=3326137
2026-09-21T19:06:57.829078Z DEBUG quip_miner_metal::combined: combined route completed engine="metal" job_id=study:3197:20011 outcome="completed" device_access_time_us=3326137
2026-09-21T19:06:57.829081Z DEBUG quip_miner_metal::combined: combined route completed engine="metal" job_id=study:3197:20012 outcome="completed" device_access_time_us=3326137
2026-09-21T19:06:57.829083Z DEBUG quip_miner_metal::combined: combined route completed engine="metal" job_id=study:3197:20013 outcome="completed" device_access_time_us=3326137
2026-09-21T19:06:57.829086Z DEBUG quip_miner_metal::combined: combined route completed engine="metal" job_id=study:3197:20014 outcome="completed" device_access_time_us=3326137
2026-09-21T19:06:57.829088Z DEBUG quip_miner_metal::combined: combined route completed engine="metal" job_id=study:3196:20010 outcome="completed" device_access_time_us=3326137
2026-09-21T19:06:57.829091Z DEBUG quip_miner_metal::combined: combined route completed engine="metal" job_id=study:3196:20011 outcome="completed" device_access_time_us=3326137
2026-09-21T19:06:57.829093Z DEBUG quip_miner_metal::combined: combined route completed engine="metal" job_id=study:3196:20012 outcome="completed" device_access_time_us=3326137
2026-09-21T19:06:57.829095Z DEBUG quip_miner_metal::combined: combined route completed engine="metal" job_id=study:3196:20013 outcome="completed" device_access_time_us=3326137
2026-09-21T19:06:57.829097Z DEBUG quip_miner_metal::combined: combined route completed engine="metal" job_id=study:3196:20014 outcome="completed" device_access_time_us=3326137
2026-09-21T19:06:57.829099Z DEBUG quip_miner_metal::combined: combined route completed engine="metal" job_id=study:3195:20010 outcome="completed" device_access_time_us=3326137
2026-09-21T19:06:57.829102Z DEBUG quip_miner_metal::combined: combined route completed engine="metal" job_id=study:3195:20011 outcome="completed" device_access_time_us=3326137
2026-09-21T19:06:57.829104Z DEBUG quip_miner_metal::combined: combined route completed engine="metal" job_id=study:3195:20012 outcome="completed" device_access_time_us=3326137
2026-09-21T19:06:57.829109Z DEBUG quip_miner_metal::combined: combined route completed engine="metal" job_id=study:3195:20013 outcome="completed" device_access_time_us=3326137
2026-09-21T19:06:57.829111Z DEBUG quip_miner_metal::combined: combined route completed engine="metal" job_id=study:3195:20014 outcome="completed" device_access_time_us=3326137
2026-09-21T19:06:59.913039Z DEBUG quip_miner_metal::combined: combined route completed engine="metal" job_id=study:3194:20010 outcome="completed" device_access_time_us=2052571
2026-09-21T19:06:59.913089Z DEBUG quip_miner_metal::combined: combined route completed engine="metal" job_id=study:3194:20011 outcome="completed" device_access_time_us=2052571
2026-09-21T19:06:59.913097Z DEBUG quip_miner_metal::combined: combined route completed engine="metal" job_id=study:3194:20012 outcome="completed" device_access_time_us=2052571
2026-09-21T19:06:59.913102Z DEBUG quip_miner_metal::combined: combined route completed engine="metal" job_id=study:3194:20013 outcome="completed" device_access_time_us=2052571
2026-09-21T19:06:59.913106Z DEBUG quip_miner_metal::combined: combined route completed engine="metal" job_id=study:3194:20014 outcome="completed" device_access_time_us=2052571
2026-09-21T19:06:59.913110Z DEBUG quip_miner_metal::combined: combined route completed engine="metal" job_id=study:3193:20010 outcome="completed" device_access_time_us=2052571
2026-09-21T19:06:59.913114Z DEBUG quip_miner_metal::combined: combined route completed engine="metal" job_id=study:3193:20011 outcome="completed" device_access_time_us=2052571
2026-09-21T19:06:59.913117Z DEBUG quip_miner_metal::combined: combined route completed engine="metal" job_id=study:3193:20012 outcome="completed" device_access_time_us=2052571
2026-09-21T19:06:59.913121Z DEBUG quip_miner_metal::combined: combined route completed engine="metal" job_id=study:3193:20013 outcome="completed" device_access_time_us=2052571
2026-09-21T19:06:59.913124Z DEBUG quip_miner_metal::combined: combined route completed engine="metal" job_id=study:3193:20014 outcome="completed" device_access_time_us=2052571
2026-09-21T19:06:59.913127Z DEBUG quip_miner_metal::combined: combined route completed engine="metal" job_id=study:3192:20010 outcome="completed" device_access_time_us=2052571
2026-09-21T19:06:59.913131Z DEBUG quip_miner_metal::combined: combined route completed engine="metal" job_id=study:3192:20011 outcome="completed" device_access_time_us=2052571
2026-09-21T19:06:59.913134Z DEBUG quip_miner_metal::combined: combined route completed engine="metal" job_id=study:3192:20012 outcome="completed" device_access_time_us=2052571
2026-09-21T19:06:59.913138Z DEBUG quip_miner_metal::combined: combined route completed engine="metal" job_id=study:3192:20013 outcome="completed" device_access_time_us=2052571
2026-09-21T19:06:59.913141Z DEBUG quip_miner_metal::combined: combined route completed engine="metal" job_id=study:3192:20014 outcome="completed" device_access_time_us=2052571
2026-09-21T19:06:59.913144Z DEBUG quip_miner_metal::combined: combined route completed engine="metal" job_id=study:3191:20010 outcome="completed" device_access_time_us=2052571
2026-09-21T19:06:59.913147Z DEBUG quip_miner_metal::combined: combined route completed engine="metal" job_id=study:3191:20011 outcome="completed" device_access_time_us=2052571
2026-09-21T19:06:59.913150Z DEBUG quip_miner_metal::combined: combined route completed engine="metal" job_id=study:3191:20012 outcome="completed" device_access_time_us=2052571
2026-09-21T19:06:59.913153Z DEBUG quip_miner_metal::combined: combined route completed engine="metal" job_id=study:3191:20013 outcome="completed" device_access_time_us=2052571
2026-09-21T19:06:59.913156Z DEBUG quip_miner_metal::combined: combined route completed engine="metal" job_id=study:3191:20014 outcome="completed" device_access_time_us=2052571
