2026-09-21T19:07:04.394073Z DEBUG quip_miner_metal::combined: combined route assigned engine="ane" job_id=warmup:3250:20010:0 metal_eligible=true ane_eligible=true
2026-09-21T19:07:04.396067Z DEBUG quip_miner_metal::combined: combined route assigned engine="metal" job_id=warmup:3250:20010:1 metal_eligible=true ane_eligible=true
2026-09-21T19:07:05.469454Z DEBUG quip_miner_metal::combined: combined route completed engine="metal" job_id=warmup:3250:20010:1 outcome="completed" device_access_time_us=987855
2026-09-21T19:07:09.526039Z DEBUG quip_miner_metal::combined: combined route completed engine="ane" job_id=warmup:3250:20010:0 outcome="completed" device_access_time_us=5131708
2026-09-21T19:07:09.537955Z DEBUG quip_miner_metal::combined: combined route assigned engine="ane" job_id=study:3250:20010 metal_eligible=true ane_eligible=true
2026-09-21T19:07:09.539763Z DEBUG quip_miner_metal::combined: combined route assigned engine="metal" job_id=study:3250:20011 metal_eligible=true ane_eligible=true
2026-09-21T19:07:09.541645Z DEBUG quip_miner_metal::combined: combined route assigned engine="metal" job_id=study:3250:20012 metal_eligible=true ane_eligible=true
2026-09-21T19:07:09.543520Z DEBUG quip_miner_metal::combined: combined route assigned engine="metal" job_id=study:3250:20013 metal_eligible=true ane_eligible=true
2026-09-21T19:07:09.545430Z DEBUG quip_miner_metal::combined: combined route assigned engine="metal" job_id=study:3250:20014 metal_eligible=true ane_eligible=true
2026-09-21T19:07:09.547269Z DEBUG quip_miner_metal::combined: combined route assigned engine="metal" job_id=study:3249:20010 metal_eligible=true ane_eligible=true
2026-09-21T19:07:09.549112Z DEBUG quip_miner_metal::combined: combined route assigned engine="metal" job_id=study:3249:20011 metal_eligible=true ane_eligible=true
2026-09-21T19:07:09.550932Z DEBUG quip_miner_metal::combined: combined route assigned engine="metal" job_id=study:3249:20012 metal_eligible=true ane_eligible=true
2026-09-21T19:07:09.552746Z DEBUG quip_miner_metal::combined: combined route assigned engine="metal" job_id=study:3249:20013 metal_eligible=true ane_eligible=true
2026-09-21T19:07:09.554591Z DEBUG quip_miner_metal::combined: combined route assigned engine="metal" job_id=study:3249:20014 metal_eligible=true ane_eligible=true
2026-09-21T19:07:09.556564Z DEBUG quip_miner_metal::combined: combined route assigned engine="metal" job_id=study:3248:20010 metal_eligible=true ane_eligible=true
2026-09-21T19:07:09.558426Z DEBUG quip_miner_metal::combined: combined route assigned engine="metal" job_id=study:3248:20011 metal_eligible=true ane_eligible=true
2026-09-21T19:07:09.560195Z DEBUG quip_miner_metal::combined: combined route assigned engine="metal" job_id=study:3248:20012 metal_eligible=true ane_eligible=true
2026-09-21T19:07:09.562085Z DEBUG quip_miner_metal::combined: combined route assigned engine="metal" job_id=study:3248:20013 metal_eligible=true ane_eligible=true
2026-09-21T19:07:09.563948Z DEBUG quip_miner_metal::combined: combined route assigned engine="metal" job_id=study:3248:20014 metal_eligible=true ane_eligible=true
2026-09-21T19:07:09.565741Z DEBUG quip_miner_metal::combined: combined route assigned engine="metal" job_id=study:3247:20010 metal_eligible=true ane_eligible=true
2026-09-21T19:07:09.567695Z DEBUG quip_miner_metal::combined: combined route assigned engine="metal" job_id=study:3247:20011 metal_eligible=true ane_eligible=true
2026-09-21T19:07:09.569556Z DEBUG quip_miner_metal::combined: combined route assigned engine="metal" job_id=study:3247:20012 metal_eligible=true ane_eligible=true
2026-09-21T19:07:09.571508Z DEBUG quip_miner_metal::combined: combined route assigned engine="metal" job_id=study:3247:20013 metal_eligible=true ane_eligible=true
2026-09-21T19:07:09.573440Z DEBUG quip_miner_metal::combined: combined route assigned engine="metal" job_id=study:3247:20014 metal_eligible=true ane_eligible=true
2026-09-21T19:07:09.575213Z DEBUG quip_miner_metal::combined: combined route assigned engine="metal" job_id=study:3246:20010 metal_eligible=true ane_eligible=true
2026-09-21T19:07:09.577249Z DEBUG quip_miner_metal::combined: combined route assigned engine="metal" job_id=study:3246:20011 metal_eligible=true ane_eligible=true
2026-09-21T19:07:09.579167Z DEBUG quip_miner_metal::combined: combined route assigned engine="metal" job_id=study:3246:20012 metal_eligible=true ane_eligible=true
2026-09-21T19:07:09.581028Z DEBUG quip_miner_metal::combined: combined route assigned engine="metal" job_id=study:3246:20013 metal_eligible=true ane_eligible=true
2026-09-21T19:07:09.582872Z DEBUG quip_miner_metal::combined: combined route assigned engine="metal" job_id=study:3246:20014 metal_eligible=true ane_eligible=true
2026-09-21T19:07:09.584673Z DEBUG quip_miner_metal::combined: combined route assigned engine="metal" job_id=study:3245:20010 metal_eligible=true ane_eligible=true
2026-09-21T19:07:09.586619Z DEBUG quip_miner_metal::combined: combined route assigned engine="metal" job_id=study:3245:20011 metal_eligible=true ane_eligible=true
2026-09-21T19:07:09.588565Z DEBUG quip_miner_metal::combined: combined route assigned engine="metal" job_id=study:3245:20012 metal_eligible=true ane_eligible=true
2026-09-21T19:07:09.590362Z DEBUG quip_miner_metal::combined: combined route assigned engine="metal" job_id=study:3245:20013 metal_eligible=true ane_eligible=true
2026-09-21T19:07:09.592146Z DEBUG quip_miner_metal::combined: combined route assigned engine="metal" job_id=study:3245:20014 metal_eligible=true ane_eligible=true
2026-09-21T19:07:09.593982Z DEBUG quip_miner_metal::combined: combined route assigned engine="metal" job_id=study:3244:20010 metal_eligible=true ane_eligible=true
2026-09-21T19:07:09.595734Z DEBUG quip_miner_metal::combined: combined route assigned engine="metal" job_id=study:3244:20011 metal_eligible=true ane_eligible=true
2026-09-21T19:07:09.597441Z DEBUG quip_miner_metal::combined: combined route assigned engine="metal" job_id=study:3244:20012 metal_eligible=true ane_eligible=true
2026-09-21T19:07:09.599332Z DEBUG quip_miner_metal::combined: combined route assigned engine="metal" job_id=study:3244:20013 metal_eligible=true ane_eligible=true
2026-09-21T19:07:09.601227Z DEBUG quip_miner_metal::combined: combined route assigned engine="metal" job_id=study:3244:20014 metal_eligible=true ane_eligible=true
2026-09-21T19:07:09.603169Z DEBUG quip_miner_metal::combined: combined route assigned engine="metal" job_id=study:3243:20010 metal_eligible=true ane_eligible=true
2026-09-21T19:07:09.604856Z DEBUG quip_miner_metal::combined: combined route assigned engine="metal" job_id=study:3243:20011 metal_eligible=true ane_eligible=true
2026-09-21T19:07:09.606734Z DEBUG quip_miner_metal::combined: combined route assigned engine="metal" job_id=study:3243:20012 metal_eligible=true ane_eligible=true
2026-09-21T19:07:09.608715Z DEBUG quip_miner_metal::combined: combined route assigned engine="metal" job_id=study:3243:20013 metal_eligible=true ane_eligible=true
2026-09-21T19:07:09.610491Z DEBUG quip_miner_metal::combined: combined route assigned engine="metal" job_id=study:3243:20014 metal_eligible=true ane_eligible=true
2026-09-21T19:07:09.612362Z DEBUG quip_miner_metal::combined: combined route assigned engine="metal" job_id=study:3242:20010 metal_eligible=true ane_eligible=true
2026-09-21T19:07:13.551977Z DEBUG quip_miner_metal::combined: combined route completed engine="metal" job_id=study:3250:20011 outcome="completed" device_access_time_us=3839014
2026-09-21T19:07:13.552028Z DEBUG quip_miner_metal::combined: combined route completed engine="metal" job_id=study:3250:20012 outcome="completed" device_access_time_us=3839014
2026-09-21T19:07:13.552038Z DEBUG quip_miner_metal::combined: combined route completed engine="metal" job_id=study:3250:20013 outcome="completed" device_access_time_us=3839014
2026-09-21T19:07:13.552043Z DEBUG quip_miner_metal::combined: combined route completed engine="metal" job_id=study:3250:20014 outcome="completed" device_access_time_us=3839014
2026-09-21T19:07:13.552048Z DEBUG quip_miner_metal::combined: combined route completed engine="metal" job_id=study:3249:20010 outcome="completed" device_access_time_us=3839014
2026-09-21T19:07:13.552069Z DEBUG quip_miner_metal::combined: combined route completed engine="metal" job_id=study:3249:20011 outcome="completed" device_access_time_us=3839014
2026-09-21T19:07:13.552073Z DEBUG quip_miner_metal::combined: combined route completed engine="metal" job_id=study:3249:20012 outcome="completed" device_access_time_us=3839014
2026-09-21T19:07:13.552077Z DEBUG quip_miner_metal::combined: combined route completed engine="metal" job_id=study:3249:20013 outcome="completed" device_access_time_us=3839014
2026-09-21T19:07:13.552081Z DEBUG quip_miner_metal::combined: combined route completed engine="metal" job_id=study:3249:20014 outcome="completed" device_access_time_us=3839014
2026-09-21T19:07:13.552085Z DEBUG quip_miner_metal::combined: combined route completed engine="metal" job_id=study:3248:20010 outcome="completed" device_access_time_us=3839014
2026-09-21T19:07:13.552089Z DEBUG quip_miner_metal::combined: combined route completed engine="metal" job_id=study:3248:20011 outcome="completed" device_access_time_us=3839014
2026-09-21T19:07:13.552094Z DEBUG quip_miner_metal::combined: combined route completed engine="metal" job_id=study:3248:20012 outcome="completed" device_access_time_us=3839014
2026-09-21T19:07:13.552098Z DEBUG quip_miner_metal::combined: combined route completed engine="metal" job_id=study:3248:20013 outcome="completed" device_access_time_us=3839014
2026-09-21T19:07:13.552102Z DEBUG quip_miner_metal::combined: combined route completed engine="metal" job_id=study:3248:20014 outcome="completed" device_access_time_us=3839014
2026-09-21T19:07:13.552106Z DEBUG quip_miner_metal::combined: combined route completed engine="metal" job_id=study:3247:20010 outcome="completed" device_access_time_us=3839014
2026-09-21T19:07:13.552110Z DEBUG quip_miner_metal::combined: combined route completed engine="metal" job_id=study:3247:20011 outcome="completed" device_access_time_us=3839014
2026-09-21T19:07:13.552113Z DEBUG quip_miner_metal::combined: combined route completed engine="metal" job_id=study:3247:20012 outcome="completed" device_access_time_us=3839014
2026-09-21T19:07:13.552117Z DEBUG quip_miner_metal::combined: combined route completed engine="metal" job_id=study:3247:20013 outcome="completed" device_access_time_us=3839014
2026-09-21T19:07:13.552120Z DEBUG quip_miner_metal::combined: combined route completed engine="metal" job_id=study:3247:20014 outcome="completed" device_access_time_us=3839014
2026-09-21T19:07:13.552124Z DEBUG quip_miner_metal::combined: combined route completed engine="metal" job_id=study:3246:20010 outcome="completed" device_access_time_us=3839014
2026-09-21T19:07:13.555330Z DEBUG quip_miner_metal::combined: combined route assigned engine="metal" job_id=study:3242:20011 metal_eligible=true ane_eligible=true
2026-09-21T19:07:13.558140Z DEBUG quip_miner_metal::combined: combined route assigned engine="metal" job_id=study:3242:20012 metal_eligible=true ane_eligible=true
2026-09-21T19:07:13.561078Z DEBUG quip_miner_metal::combined: combined route assigned engine="metal" job_id=study:3242:20013 metal_eligible=true ane_eligible=true
2026-09-21T19:07:13.563915Z DEBUG quip_miner_metal::combined: combined route assigned engine="metal" job_id=study:3242:20014 metal_eligible=true ane_eligible=true
2026-09-21T19:07:13.567097Z DEBUG quip_miner_metal::combined: combined route assigned engine="metal" job_id=study:3241:20010 metal_eligible=true ane_eligible=true
2026-09-21T19:07:13.570196Z DEBUG quip_miner_metal::combined: combined route assigned engine="metal" job_id=study:3241:20011 metal_eligible=true ane_eligible=true
2026-09-21T19:07:13.573084Z DEBUG quip_miner_metal::combined: combined route assigned engine="metal" job_id=study:3241:20012 metal_eligible=true ane_eligible=true
2026-09-21T19:07:13.576168Z DEBUG quip_miner_metal::combined: combined route assigned engine="metal" job_id=study:3241:20013 metal_eligible=true ane_eligible=true
2026-09-21T19:07:13.579284Z DEBUG quip_miner_metal::combined: combined route assigned engine="metal" job_id=study:3241:20014 metal_eligible=true ane_eligible=true
2026-09-21T19:07:13.582388Z DEBUG quip_miner_metal::combined: combined route assigned engine="metal" job_id=study:3240:20010 metal_eligible=true ane_eligible=true
2026-09-21T19:07:13.585494Z DEBUG quip_miner_metal::combined: combined route assigned engine="metal" job_id=study:3240:20011 metal_eligible=true ane_eligible=true
2026-09-21T19:07:13.588585Z DEBUG quip_miner_metal::combined: combined route assigned engine="metal" job_id=study:3240:20012 metal_eligible=true ane_eligible=true
2026-09-21T19:07:13.591550Z DEBUG quip_miner_metal::combined: combined route assigned engine="metal" job_id=study:3240:20013 metal_eligible=true ane_eligible=true
2026-09-21T19:07:13.594616Z DEBUG quip_miner_metal::combined: combined route assigned engine="metal" job_id=study:3240:20014 metal_eligible=true ane_eligible=true
2026-09-21T19:07:13.597744Z DEBUG quip_miner_metal::combined: combined route assigned engine="metal" job_id=study:3239:20010 metal_eligible=true ane_eligible=true
2026-09-21T19:07:13.600813Z DEBUG quip_miner_metal::combined: combined route assigned engine="metal" job_id=study:3239:20011 metal_eligible=true ane_eligible=true
2026-09-21T19:07:13.604015Z DEBUG quip_miner_metal::combined: combined route assigned engine="metal" job_id=study:3239:20012 metal_eligible=true ane_eligible=true
2026-09-21T19:07:13.606972Z DEBUG quip_miner_metal::combined: combined route assigned engine="metal" job_id=study:3239:20013 metal_eligible=true ane_eligible=true
2026-09-21T19:07:13.609866Z DEBUG quip_miner_metal::combined: combined route assigned engine="metal" job_id=study:3239:20014 metal_eligible=true ane_eligible=true
2026-09-21T19:07:13.612823Z DEBUG quip_miner_metal::combined: combined route assigned engine="metal" job_id=study:3238:20010 metal_eligible=true ane_eligible=true
2026-09-21T19:07:13.670410Z DEBUG quip_miner_metal::combined: combined route completed engine="metal" job_id=study:3246:20011 outcome="completed" device_access_time_us=3661425
2026-09-21T19:07:13.670481Z DEBUG quip_miner_metal::combined: combined route completed engine="metal" job_id=study:3246:20012 outcome="completed" device_access_time_us=3661425
2026-09-21T19:07:13.670507Z DEBUG quip_miner_metal::combined: combined route completed engine="metal" job_id=study:3246:20013 outcome="completed" device_access_time_us=3661425
2026-09-21T19:07:13.670513Z DEBUG quip_miner_metal::combined: combined route completed engine="metal" job_id=study:3246:20014 outcome="completed" device_access_time_us=3661425
2026-09-21T19:07:13.670518Z DEBUG quip_miner_metal::combined: combined route completed engine="metal" job_id=study:3245:20010 outcome="completed" device_access_time_us=3661425
2026-09-21T19:07:13.670523Z DEBUG quip_miner_metal::combined: combined route completed engine="metal" job_id=study:3245:20011 outcome="completed" device_access_time_us=3661425
2026-09-21T19:07:13.670528Z DEBUG quip_miner_metal::combined: combined route completed engine="metal" job_id=study:3245:20012 outcome="completed" device_access_time_us=3661425
2026-09-21T19:07:13.670532Z DEBUG quip_miner_metal::combined: combined route completed engine="metal" job_id=study:3245:20013 outcome="completed" device_access_time_us=3661425
2026-09-21T19:07:13.670535Z DEBUG quip_miner_metal::combined: combined route completed engine="metal" job_id=study:3245:20014 outcome="completed" device_access_time_us=3661425
2026-09-21T19:07:13.670539Z DEBUG quip_miner_metal::combined: combined route completed engine="metal" job_id=study:3244:20010 outcome="completed" device_access_time_us=3661425
2026-09-21T19:07:13.670543Z DEBUG quip_miner_metal::combined: combined route completed engine="metal" job_id=study:3244:20011 outcome="completed" device_access_time_us=3661425
2026-09-21T19:07:13.670547Z DEBUG quip_miner_metal::combined: combined route completed engine="metal" job_id=study:3244:20012 outcome="completed" device_access_time_us=3661425
2026-09-21T19:07:13.670551Z DEBUG quip_miner_metal::combined: combined route completed engine="metal" job_id=study:3244:20013 outcome="completed" device_access_time_us=3661425
2026-09-21T19:07:13.670573Z DEBUG quip_miner_metal::combined: combined route completed engine="metal" job_id=study:3244:20014 outcome="completed" device_access_time_us=3661425
2026-09-21T19:07:13.670577Z DEBUG quip_miner_metal::combined: combined route completed engine="metal" job_id=study:3243:20010 outcome="completed" device_access_time_us=3661425
2026-09-21T19:07:13.670581Z DEBUG quip_miner_metal::combined: combined route completed engine="metal" job_id=study:3243:20011 outcome="completed" device_access_time_us=3661425
2026-09-21T19:07:13.670584Z DEBUG quip_miner_metal::combined: combined route completed engine="metal" job_id=study:3243:20012 outcome="completed" device_access_time_us=3661425
2026-09-21T19:07:13.670588Z DEBUG quip_miner_metal::combined: combined route completed engine="metal" job_id=study:3243:20013 outcome="completed" device_access_time_us=3661425
2026-09-21T19:07:13.670591Z DEBUG quip_miner_metal::combined: combined route completed engine="metal" job_id=study:3243:20014 outcome="completed" device_access_time_us=3661425
2026-09-21T19:07:13.670595Z DEBUG quip_miner_metal::combined: combined route completed engine="metal" job_id=study:3242:20010 outcome="completed" device_access_time_us=3661425
2026-09-21T19:07:13.674091Z DEBUG quip_miner_metal::combined: combined route assigned engine="metal" job_id=study:3238:20011 metal_eligible=true ane_eligible=true
2026-09-21T19:07:13.677277Z DEBUG quip_miner_metal::combined: combined route assigned engine="metal" job_id=study:3238:20012 metal_eligible=true ane_eligible=true
2026-09-21T19:07:13.680321Z DEBUG quip_miner_metal::combined: combined route assigned engine="metal" job_id=study:3238:20013 metal_eligible=true ane_eligible=true
2026-09-21T19:07:13.683867Z DEBUG quip_miner_metal::combined: combined route assigned engine="metal" job_id=study:3238:20014 metal_eligible=true ane_eligible=true
2026-09-21T19:07:13.687578Z DEBUG quip_miner_metal::combined: combined route assigned engine="metal" job_id=study:3237:20010 metal_eligible=true ane_eligible=true
2026-09-21T19:07:13.690867Z DEBUG quip_miner_metal::combined: combined route assigned engine="metal" job_id=study:3237:20011 metal_eligible=true ane_eligible=true
2026-09-21T19:07:13.694030Z DEBUG quip_miner_metal::combined: combined route assigned engine="metal" job_id=study:3237:20012 metal_eligible=true ane_eligible=true
2026-09-21T19:07:13.696999Z DEBUG quip_miner_metal::combined: combined route assigned engine="metal" job_id=study:3237:20013 metal_eligible=true ane_eligible=true
2026-09-21T19:07:13.700533Z DEBUG quip_miner_metal::combined: combined route assigned engine="metal" job_id=study:3237:20014 metal_eligible=true ane_eligible=true
2026-09-21T19:07:13.703984Z DEBUG quip_miner_metal::combined: combined route assigned engine="metal" job_id=study:3236:20010 metal_eligible=true ane_eligible=true
2026-09-21T19:07:13.707268Z DEBUG quip_miner_metal::combined: combined route assigned engine="metal" job_id=study:3236:20011 metal_eligible=true ane_eligible=true
2026-09-21T19:07:13.710530Z DEBUG quip_miner_metal::combined: combined route assigned engine="metal" job_id=study:3236:20012 metal_eligible=true ane_eligible=true
2026-09-21T19:07:13.714016Z DEBUG quip_miner_metal::combined: combined route assigned engine="metal" job_id=study:3236:20013 metal_eligible=true ane_eligible=true
2026-09-21T19:07:13.718042Z DEBUG quip_miner_metal::combined: combined route assigned engine="metal" job_id=study:3236:20014 metal_eligible=true ane_eligible=true
2026-09-21T19:07:13.721348Z DEBUG quip_miner_metal::combined: combined route assigned engine="metal" job_id=study:3235:20010 metal_eligible=true ane_eligible=true
2026-09-21T19:07:13.724757Z DEBUG quip_miner_metal::combined: combined route assigned engine="metal" job_id=study:3235:20011 metal_eligible=true ane_eligible=true
2026-09-21T19:07:13.727813Z DEBUG quip_miner_metal::combined: combined route assigned engine="metal" job_id=study:3235:20012 metal_eligible=true ane_eligible=true
2026-09-21T19:07:13.731360Z DEBUG quip_miner_metal::combined: combined route assigned engine="metal" job_id=study:3235:20013 metal_eligible=true ane_eligible=true
2026-09-21T19:07:13.734470Z DEBUG quip_miner_metal::combined: combined route assigned engine="metal" job_id=study:3235:20014 metal_eligible=true ane_eligible=true
2026-09-21T19:07:13.737741Z DEBUG quip_miner_metal::combined: combined route assigned engine="metal" job_id=study:3234:20010 metal_eligible=true ane_eligible=true
2026-09-21T19:07:15.346164Z DEBUG quip_miner_metal::combined: combined route completed engine="ane" job_id=study:3250:20010 outcome="completed" device_access_time_us=5807083
2026-09-21T19:07:15.348989Z DEBUG quip_miner_metal::combined: combined route assigned engine="ane" job_id=study:3234:20011 metal_eligible=true ane_eligible=true
2026-09-21T19:07:18.538499Z DEBUG quip_miner_metal::combined: combined route completed engine="metal" job_id=study:3242:20011 outcome="completed" device_access_time_us=4685324
2026-09-21T19:07:18.538564Z DEBUG quip_miner_metal::combined: combined route completed engine="metal" job_id=study:3242:20012 outcome="completed" device_access_time_us=4685324
2026-09-21T19:07:18.538575Z DEBUG quip_miner_metal::combined: combined route completed engine="metal" job_id=study:3242:20013 outcome="completed" device_access_time_us=4685324
2026-09-21T19:07:18.538582Z DEBUG quip_miner_metal::combined: combined route completed engine="metal" job_id=study:3242:20014 outcome="completed" device_access_time_us=4685324
2026-09-21T19:07:18.538588Z DEBUG quip_miner_metal::combined: combined route completed engine="metal" job_id=study:3241:20010 outcome="completed" device_access_time_us=4685324
2026-09-21T19:07:18.538592Z DEBUG quip_miner_metal::combined: combined route completed engine="metal" job_id=study:3241:20011 outcome="completed" device_access_time_us=4685324
2026-09-21T19:07:18.538596Z DEBUG quip_miner_metal::combined: combined route completed engine="metal" job_id=study:3241:20012 outcome="completed" device_access_time_us=4685324
2026-09-21T19:07:18.538601Z DEBUG quip_miner_metal::combined: combined route completed engine="metal" job_id=study:3241:20013 outcome="completed" device_access_time_us=4685324
2026-09-21T19:07:18.538604Z DEBUG quip_miner_metal::combined: combined route completed engine="metal" job_id=study:3241:20014 outcome="completed" device_access_time_us=4685324
2026-09-21T19:07:18.538608Z DEBUG quip_miner_metal::combined: combined route completed engine="metal" job_id=study:3240:20010 outcome="completed" device_access_time_us=4685324
2026-09-21T19:07:18.538612Z DEBUG quip_miner_metal::combined: combined route completed engine="metal" job_id=study:3240:20011 outcome="completed" device_access_time_us=4685324
2026-09-21T19:07:18.538615Z DEBUG quip_miner_metal::combined: combined route completed engine="metal" job_id=study:3240:20012 outcome="completed" device_access_time_us=4685324
2026-09-21T19:07:18.538619Z DEBUG quip_miner_metal::combined: combined route completed engine="metal" job_id=study:3240:20013 outcome="completed" device_access_time_us=4685324
2026-09-21T19:07:18.538623Z DEBUG quip_miner_metal::combined: combined route completed engine="metal" job_id=study:3240:20014 outcome="completed" device_access_time_us=4685324
2026-09-21T19:07:18.538627Z DEBUG quip_miner_metal::combined: combined route completed engine="metal" job_id=study:3239:20010 outcome="completed" device_access_time_us=4685324
2026-09-21T19:07:18.538630Z DEBUG quip_miner_metal::combined: combined route completed engine="metal" job_id=study:3239:20011 outcome="completed" device_access_time_us=4685324
2026-09-21T19:07:18.538634Z DEBUG quip_miner_metal::combined: combined route completed engine="metal" job_id=study:3239:20012 outcome="completed" device_access_time_us=4685324
2026-09-21T19:07:18.538638Z DEBUG quip_miner_metal::combined: combined route completed engine="metal" job_id=study:3239:20013 outcome="completed" device_access_time_us=4685324
2026-09-21T19:07:18.538641Z DEBUG quip_miner_metal::combined: combined route completed engine="metal" job_id=study:3239:20014 outcome="completed" device_access_time_us=4685324
2026-09-21T19:07:18.538661Z DEBUG quip_miner_metal::combined: combined route completed engine="metal" job_id=study:3238:20010 outcome="completed" device_access_time_us=4685324
2026-09-21T19:07:18.543179Z DEBUG quip_miner_metal::combined: combined route assigned engine="metal" job_id=study:3234:20012 metal_eligible=true ane_eligible=true
2026-09-21T19:07:18.546880Z DEBUG quip_miner_metal::combined: combined route assigned engine="metal" job_id=study:3234:20013 metal_eligible=true ane_eligible=true
2026-09-21T19:07:18.552244Z DEBUG quip_miner_metal::combined: combined route assigned engine="metal" job_id=study:3234:20014 metal_eligible=true ane_eligible=true
2026-09-21T19:07:18.555835Z DEBUG quip_miner_metal::combined: combined route assigned engine="metal" job_id=study:3233:20010 metal_eligible=true ane_eligible=true
2026-09-21T19:07:18.561036Z DEBUG quip_miner_metal::combined: combined route assigned engine="metal" job_id=study:3233:20011 metal_eligible=true ane_eligible=true
2026-09-21T19:07:18.568786Z DEBUG quip_miner_metal::combined: combined route assigned engine="metal" job_id=study:3233:20012 metal_eligible=true ane_eligible=true
2026-09-21T19:07:18.572223Z DEBUG quip_miner_metal::combined: combined route assigned engine="metal" job_id=study:3233:20013 metal_eligible=true ane_eligible=true
2026-09-21T19:07:18.575969Z DEBUG quip_miner_metal::combined: combined route assigned engine="metal" job_id=study:3233:20014 metal_eligible=true ane_eligible=true
2026-09-21T19:07:18.579723Z DEBUG quip_miner_metal::combined: combined route assigned engine="metal" job_id=study:3232:20010 metal_eligible=true ane_eligible=true
2026-09-21T19:07:18.584391Z DEBUG quip_miner_metal::combined: combined route assigned engine="metal" job_id=study:3232:20011 metal_eligible=true ane_eligible=true
2026-09-21T19:07:18.602324Z DEBUG quip_miner_metal::combined: combined route assigned engine="metal" job_id=study:3232:20012 metal_eligible=true ane_eligible=true
2026-09-21T19:07:18.609168Z DEBUG quip_miner_metal::combined: combined route assigned engine="metal" job_id=study:3232:20013 metal_eligible=true ane_eligible=true
2026-09-21T19:07:18.617578Z DEBUG quip_miner_metal::combined: combined route assigned engine="metal" job_id=study:3232:20014 metal_eligible=true ane_eligible=true
2026-09-21T19:07:18.621714Z DEBUG quip_miner_metal::combined: combined route assigned engine="metal" job_id=study:3231:20010 metal_eligible=true ane_eligible=true
2026-09-21T19:07:18.625394Z DEBUG quip_miner_metal::combined: combined route assigned engine="metal" job_id=study:3231:20011 metal_eligible=true ane_eligible=true
2026-09-21T19:07:18.629288Z DEBUG quip_miner_metal::combined: combined route assigned engine="metal" job_id=study:3231:20012 metal_eligible=true ane_eligible=true
2026-09-21T19:07:18.633655Z DEBUG quip_miner_metal::combined: combined route assigned engine="metal" job_id=study:3231:20013 metal_eligible=true ane_eligible=true
2026-09-21T19:07:18.633713Z DEBUG quip_miner_metal::combined: combined route completed engine="metal" job_id=study:3238:20011 outcome="completed" device_access_time_us=4348867
2026-09-21T19:07:18.633746Z DEBUG quip_miner_metal::combined: combined route completed engine="metal" job_id=study:3238:20012 outcome="completed" device_access_time_us=4348867
2026-09-21T19:07:18.633755Z DEBUG quip_miner_metal::combined: combined route completed engine="metal" job_id=study:3238:20013 outcome="completed" device_access_time_us=4348867
2026-09-21T19:07:18.633761Z DEBUG quip_miner_metal::combined: combined route completed engine="metal" job_id=study:3238:20014 outcome="completed" device_access_time_us=4348867
2026-09-21T19:07:18.633766Z DEBUG quip_miner_metal::combined: combined route completed engine="metal" job_id=study:3237:20010 outcome="completed" device_access_time_us=4348867
2026-09-21T19:07:18.633771Z DEBUG quip_miner_metal::combined: combined route completed engine="metal" job_id=study:3237:20011 outcome="completed" device_access_time_us=4348867
2026-09-21T19:07:18.633774Z DEBUG quip_miner_metal::combined: combined route completed engine="metal" job_id=study:3237:20012 outcome="completed" device_access_time_us=4348867
2026-09-21T19:07:18.633796Z DEBUG quip_miner_metal::combined: combined route completed engine="metal" job_id=study:3237:20013 outcome="completed" device_access_time_us=4348867
2026-09-21T19:07:18.633800Z DEBUG quip_miner_metal::combined: combined route completed engine="metal" job_id=study:3237:20014 outcome="completed" device_access_time_us=4348867
2026-09-21T19:07:18.633805Z DEBUG quip_miner_metal::combined: combined route completed engine="metal" job_id=study:3236:20010 outcome="completed" device_access_time_us=4348867
2026-09-21T19:07:18.633809Z DEBUG quip_miner_metal::combined: combined route completed engine="metal" job_id=study:3236:20011 outcome="completed" device_access_time_us=4348867
2026-09-21T19:07:18.633813Z DEBUG quip_miner_metal::combined: combined route completed engine="metal" job_id=study:3236:20012 outcome="completed" device_access_time_us=4348867
2026-09-21T19:07:18.633816Z DEBUG quip_miner_metal::combined: combined route completed engine="metal" job_id=study:3236:20013 outcome="completed" device_access_time_us=4348867
2026-09-21T19:07:18.633820Z DEBUG quip_miner_metal::combined: combined route completed engine="metal" job_id=study:3236:20014 outcome="completed" device_access_time_us=4348867
2026-09-21T19:07:18.633823Z DEBUG quip_miner_metal::combined: combined route completed engine="metal" job_id=study:3235:20010 outcome="completed" device_access_time_us=4348867
2026-09-21T19:07:18.633827Z DEBUG quip_miner_metal::combined: combined route completed engine="metal" job_id=study:3235:20011 outcome="completed" device_access_time_us=4348867
2026-09-21T19:07:18.633830Z DEBUG quip_miner_metal::combined: combined route completed engine="metal" job_id=study:3235:20012 outcome="completed" device_access_time_us=4348867
2026-09-21T19:07:18.633834Z DEBUG quip_miner_metal::combined: combined route completed engine="metal" job_id=study:3235:20013 outcome="completed" device_access_time_us=4348867
2026-09-21T19:07:18.633837Z DEBUG quip_miner_metal::combined: combined route completed engine="metal" job_id=study:3235:20014 outcome="completed" device_access_time_us=4348867
2026-09-21T19:07:18.633841Z DEBUG quip_miner_metal::combined: combined route completed engine="metal" job_id=study:3234:20010 outcome="completed" device_access_time_us=4348867
2026-09-21T19:07:18.637923Z DEBUG quip_miner_metal::combined: combined route assigned engine="metal" job_id=study:3231:20014 metal_eligible=true ane_eligible=true
2026-09-21T19:07:18.641701Z DEBUG quip_miner_metal::combined: combined route assigned engine="metal" job_id=study:3230:20010 metal_eligible=true ane_eligible=true
2026-09-21T19:07:18.645627Z DEBUG quip_miner_metal::combined: combined route assigned engine="metal" job_id=study:3230:20011 metal_eligible=true ane_eligible=true
2026-09-21T19:07:18.650029Z DEBUG quip_miner_metal::combined: combined route assigned engine="metal" job_id=study:3230:20012 metal_eligible=true ane_eligible=true
2026-09-21T19:07:18.653822Z DEBUG quip_miner_metal::combined: combined route assigned engine="metal" job_id=study:3230:20013 metal_eligible=true ane_eligible=true
2026-09-21T19:07:18.658362Z DEBUG quip_miner_metal::combined: combined route assigned engine="metal" job_id=study:3230:20014 metal_eligible=true ane_eligible=true
2026-09-21T19:07:18.661811Z DEBUG quip_miner_metal::combined: combined route assigned engine="metal" job_id=study:3229:20010 metal_eligible=true ane_eligible=true
2026-09-21T19:07:18.666198Z DEBUG quip_miner_metal::combined: combined route assigned engine="metal" job_id=study:3229:20011 metal_eligible=true ane_eligible=true
2026-09-21T19:07:18.669752Z DEBUG quip_miner_metal::combined: combined route assigned engine="metal" job_id=study:3229:20012 metal_eligible=true ane_eligible=true
2026-09-21T19:07:18.673165Z DEBUG quip_miner_metal::combined: combined route assigned engine="metal" job_id=study:3229:20013 metal_eligible=true ane_eligible=true
2026-09-21T19:07:18.676663Z DEBUG quip_miner_metal::combined: combined route assigned engine="metal" job_id=study:3229:20014 metal_eligible=true ane_eligible=true
2026-09-21T19:07:18.679905Z DEBUG quip_miner_metal::combined: combined route assigned engine="metal" job_id=study:3228:20010 metal_eligible=true ane_eligible=true
2026-09-21T19:07:18.682963Z DEBUG quip_miner_metal::combined: combined route assigned engine="metal" job_id=study:3228:20011 metal_eligible=true ane_eligible=true
2026-09-21T19:07:18.686688Z DEBUG quip_miner_metal::combined: combined route assigned engine="metal" job_id=study:3228:20012 metal_eligible=true ane_eligible=true
2026-09-21T19:07:18.690024Z DEBUG quip_miner_metal::combined: combined route assigned engine="metal" job_id=study:3228:20013 metal_eligible=true ane_eligible=true
2026-09-21T19:07:18.693016Z DEBUG quip_miner_metal::combined: combined route assigned engine="metal" job_id=study:3228:20014 metal_eligible=true ane_eligible=true
2026-09-21T19:07:18.696361Z DEBUG quip_miner_metal::combined: combined route assigned engine="metal" job_id=study:3227:20010 metal_eligible=true ane_eligible=true
2026-09-21T19:07:18.699966Z DEBUG quip_miner_metal::combined: combined route assigned engine="metal" job_id=study:3227:20011 metal_eligible=true ane_eligible=true
2026-09-21T19:07:18.703427Z DEBUG quip_miner_metal::combined: combined route assigned engine="metal" job_id=study:3227:20012 metal_eligible=true ane_eligible=true
2026-09-21T19:07:18.706735Z DEBUG quip_miner_metal::combined: combined route assigned engine="metal" job_id=study:3227:20013 metal_eligible=true ane_eligible=true
2026-09-21T19:07:18.709982Z DEBUG quip_miner_metal::combined: combined route assigned engine="metal" job_id=study:3227:20014 metal_eligible=true ane_eligible=true
2026-09-21T19:07:18.713337Z DEBUG quip_miner_metal::combined: combined route assigned engine="metal" job_id=study:3226:20010 metal_eligible=true ane_eligible=true
2026-09-21T19:07:18.716744Z DEBUG quip_miner_metal::combined: combined route assigned engine="metal" job_id=study:3226:20011 metal_eligible=true ane_eligible=true
2026-09-21T19:07:22.166764Z DEBUG quip_miner_metal::combined: combined route completed engine="ane" job_id=study:3234:20011 outcome="completed" device_access_time_us=6816917
2026-09-21T19:07:22.170004Z DEBUG quip_miner_metal::combined: combined route assigned engine="ane" job_id=study:3226:20012 metal_eligible=true ane_eligible=true
2026-09-21T19:07:22.429056Z DEBUG quip_miner_metal::combined: combined route completed engine="metal" job_id=study:3234:20012 outcome="completed" device_access_time_us=3614758
2026-09-21T19:07:22.429090Z DEBUG quip_miner_metal::combined: combined route completed engine="metal" job_id=study:3234:20013 outcome="completed" device_access_time_us=3614758
2026-09-21T19:07:22.429096Z DEBUG quip_miner_metal::combined: combined route completed engine="metal" job_id=study:3234:20014 outcome="completed" device_access_time_us=3614758
2026-09-21T19:07:22.429100Z DEBUG quip_miner_metal::combined: combined route completed engine="metal" job_id=study:3233:20010 outcome="completed" device_access_time_us=3614758
2026-09-21T19:07:22.429103Z DEBUG quip_miner_metal::combined: combined route completed engine="metal" job_id=study:3233:20011 outcome="completed" device_access_time_us=3614758
2026-09-21T19:07:22.429106Z DEBUG quip_miner_metal::combined: combined route completed engine="metal" job_id=study:3233:20012 outcome="completed" device_access_time_us=3614758
2026-09-21T19:07:22.429109Z DEBUG quip_miner_metal::combined: combined route completed engine="metal" job_id=study:3233:20013 outcome="completed" device_access_time_us=3614758
2026-09-21T19:07:22.429112Z DEBUG quip_miner_metal::combined: combined route completed engine="metal" job_id=study:3233:20014 outcome="completed" device_access_time_us=3614758
2026-09-21T19:07:22.429115Z DEBUG quip_miner_metal::combined: combined route completed engine="metal" job_id=study:3232:20010 outcome="completed" device_access_time_us=3614758
2026-09-21T19:07:22.429117Z DEBUG quip_miner_metal::combined: combined route completed engine="metal" job_id=study:3232:20011 outcome="completed" device_access_time_us=3614758
2026-09-21T19:07:22.429130Z DEBUG quip_miner_metal::combined: combined route completed engine="metal" job_id=study:3232:20012 outcome="completed" device_access_time_us=3614758
2026-09-21T19:07:22.429132Z DEBUG quip_miner_metal::combined: combined route completed engine="metal" job_id=study:3232:20013 outcome="completed" device_access_time_us=3614758
2026-09-21T19:07:22.429135Z DEBUG quip_miner_metal::combined: combined route completed engine="metal" job_id=study:3232:20014 outcome="completed" device_access_time_us=3614758
2026-09-21T19:07:22.429137Z DEBUG quip_miner_metal::combined: combined route completed engine="metal" job_id=study:3231:20010 outcome="completed" device_access_time_us=3614758
2026-09-21T19:07:22.429140Z DEBUG quip_miner_metal::combined: combined route completed engine="metal" job_id=study:3231:20011 outcome="completed" device_access_time_us=3614758
2026-09-21T19:07:22.429142Z DEBUG quip_miner_metal::combined: combined route completed engine="metal" job_id=study:3231:20012 outcome="completed" device_access_time_us=3614758
2026-09-21T19:07:22.429145Z DEBUG quip_miner_metal::combined: combined route completed engine="metal" job_id=study:3231:20013 outcome="completed" device_access_time_us=3614758
2026-09-21T19:07:22.429147Z DEBUG quip_miner_metal::combined: combined route completed engine="metal" job_id=study:3231:20014 outcome="completed" device_access_time_us=3614758
2026-09-21T19:07:22.429149Z DEBUG quip_miner_metal::combined: combined route completed engine="metal" job_id=study:3230:20010 outcome="completed" device_access_time_us=3614758
2026-09-21T19:07:22.429151Z DEBUG quip_miner_metal::combined: combined route completed engine="metal" job_id=study:3230:20011 outcome="completed" device_access_time_us=3614758
2026-09-21T19:07:22.430971Z DEBUG quip_miner_metal::combined: combined route assigned engine="metal" job_id=study:3226:20013 metal_eligible=true ane_eligible=true
2026-09-21T19:07:22.432833Z DEBUG quip_miner_metal::combined: combined route assigned engine="metal" job_id=study:3226:20014 metal_eligible=true ane_eligible=true
2026-09-21T19:07:22.434534Z DEBUG quip_miner_metal::combined: combined route assigned engine="metal" job_id=study:3225:20010 metal_eligible=true ane_eligible=true
2026-09-21T19:07:22.436454Z DEBUG quip_miner_metal::combined: combined route assigned engine="metal" job_id=study:3225:20011 metal_eligible=true ane_eligible=true
2026-09-21T19:07:22.438360Z DEBUG quip_miner_metal::combined: combined route assigned engine="metal" job_id=study:3225:20012 metal_eligible=true ane_eligible=true
2026-09-21T19:07:22.440350Z DEBUG quip_miner_metal::combined: combined route assigned engine="metal" job_id=study:3225:20013 metal_eligible=true ane_eligible=true
2026-09-21T19:07:22.442495Z DEBUG quip_miner_metal::combined: combined route assigned engine="metal" job_id=study:3225:20014 metal_eligible=true ane_eligible=true
2026-09-21T19:07:22.444305Z DEBUG quip_miner_metal::combined: combined route assigned engine="metal" job_id=study:3224:20010 metal_eligible=true ane_eligible=true
2026-09-21T19:07:22.446092Z DEBUG quip_miner_metal::combined: combined route assigned engine="metal" job_id=study:3224:20011 metal_eligible=true ane_eligible=true
2026-09-21T19:07:22.447906Z DEBUG quip_miner_metal::combined: combined route assigned engine="metal" job_id=study:3224:20012 metal_eligible=true ane_eligible=true
2026-09-21T19:07:22.450021Z DEBUG quip_miner_metal::combined: combined route assigned engine="metal" job_id=study:3224:20013 metal_eligible=true ane_eligible=true
2026-09-21T19:07:22.451876Z DEBUG quip_miner_metal::combined: combined route assigned engine="metal" job_id=study:3224:20014 metal_eligible=true ane_eligible=true
2026-09-21T19:07:22.453917Z DEBUG quip_miner_metal::combined: combined route assigned engine="metal" job_id=study:3223:20010 metal_eligible=true ane_eligible=true
2026-09-21T19:07:22.455966Z DEBUG quip_miner_metal::combined: combined route assigned engine="metal" job_id=study:3223:20011 metal_eligible=true ane_eligible=true
2026-09-21T19:07:22.457934Z DEBUG quip_miner_metal::combined: combined route assigned engine="metal" job_id=study:3223:20012 metal_eligible=true ane_eligible=true
2026-09-21T19:07:22.459975Z DEBUG quip_miner_metal::combined: combined route assigned engine="metal" job_id=study:3223:20013 metal_eligible=true ane_eligible=true
2026-09-21T19:07:22.462146Z DEBUG quip_miner_metal::combined: combined route assigned engine="metal" job_id=study:3223:20014 metal_eligible=true ane_eligible=true
2026-09-21T19:07:22.464208Z DEBUG quip_miner_metal::combined: combined route assigned engine="metal" job_id=study:3222:20010 metal_eligible=true ane_eligible=true
2026-09-21T19:07:22.466638Z DEBUG quip_miner_metal::combined: combined route assigned engine="metal" job_id=study:3222:20011 metal_eligible=true ane_eligible=true
2026-09-21T19:07:22.469078Z DEBUG quip_miner_metal::combined: combined route assigned engine="metal" job_id=study:3222:20012 metal_eligible=true ane_eligible=true
2026-09-21T19:07:22.501100Z DEBUG quip_miner_metal::combined: combined route completed engine="metal" job_id=study:3230:20012 outcome="completed" device_access_time_us=3396357
2026-09-21T19:07:22.501136Z DEBUG quip_miner_metal::combined: combined route completed engine="metal" job_id=study:3230:20013 outcome="completed" device_access_time_us=3396357
2026-09-21T19:07:22.501143Z DEBUG quip_miner_metal::combined: combined route completed engine="metal" job_id=study:3230:20014 outcome="completed" device_access_time_us=3396357
2026-09-21T19:07:22.501149Z DEBUG quip_miner_metal::combined: combined route completed engine="metal" job_id=study:3229:20010 outcome="completed" device_access_time_us=3396357
2026-09-21T19:07:22.501154Z DEBUG quip_miner_metal::combined: combined route completed engine="metal" job_id=study:3229:20011 outcome="completed" device_access_time_us=3396357
2026-09-21T19:07:22.501159Z DEBUG quip_miner_metal::combined: combined route completed engine="metal" job_id=study:3229:20012 outcome="completed" device_access_time_us=3396357
2026-09-21T19:07:22.501163Z DEBUG quip_miner_metal::combined: combined route completed engine="metal" job_id=study:3229:20013 outcome="completed" device_access_time_us=3396357
2026-09-21T19:07:22.501190Z DEBUG quip_miner_metal::combined: combined route completed engine="metal" job_id=study:3229:20014 outcome="completed" device_access_time_us=3396357
2026-09-21T19:07:22.501227Z DEBUG quip_miner_metal::combined: combined route completed engine="metal" job_id=study:3228:20010 outcome="completed" device_access_time_us=3396357
2026-09-21T19:07:22.501235Z DEBUG quip_miner_metal::combined: combined route completed engine="metal" job_id=study:3228:20011 outcome="completed" device_access_time_us=3396357
2026-09-21T19:07:22.501241Z DEBUG quip_miner_metal::combined: combined route completed engine="metal" job_id=study:3228:20012 outcome="completed" device_access_time_us=3396357
2026-09-21T19:07:22.501246Z DEBUG quip_miner_metal::combined: combined route completed engine="metal" job_id=study:3228:20013 outcome="completed" device_access_time_us=3396357
2026-09-21T19:07:22.501252Z DEBUG quip_miner_metal::combined: combined route completed engine="metal" job_id=study:3228:20014 outcome="completed" device_access_time_us=3396357
2026-09-21T19:07:22.501257Z DEBUG quip_miner_metal::combined: combined route completed engine="metal" job_id=study:3227:20010 outcome="completed" device_access_time_us=3396357
2026-09-21T19:07:22.501262Z DEBUG quip_miner_metal::combined: combined route completed engine="metal" job_id=study:3227:20011 outcome="completed" device_access_time_us=3396357
2026-09-21T19:07:22.501267Z DEBUG quip_miner_metal::combined: combined route completed engine="metal" job_id=study:3227:20012 outcome="completed" device_access_time_us=3396357
2026-09-21T19:07:22.501271Z DEBUG quip_miner_metal::combined: combined route completed engine="metal" job_id=study:3227:20013 outcome="completed" device_access_time_us=3396357
2026-09-21T19:07:22.501276Z DEBUG quip_miner_metal::combined: combined route completed engine="metal" job_id=study:3227:20014 outcome="completed" device_access_time_us=3396357
2026-09-21T19:07:22.501296Z DEBUG quip_miner_metal::combined: combined route completed engine="metal" job_id=study:3226:20010 outcome="completed" device_access_time_us=3396357
2026-09-21T19:07:22.501307Z DEBUG quip_miner_metal::combined: combined route completed engine="metal" job_id=study:3226:20011 outcome="completed" device_access_time_us=3396357
2026-09-21T19:07:22.504817Z DEBUG quip_miner_metal::combined: combined route assigned engine="metal" job_id=study:3222:20013 metal_eligible=true ane_eligible=true
2026-09-21T19:07:22.507946Z DEBUG quip_miner_metal::combined: combined route assigned engine="metal" job_id=study:3222:20014 metal_eligible=true ane_eligible=true
2026-09-21T19:07:22.511552Z DEBUG quip_miner_metal::combined: combined route assigned engine="metal" job_id=study:3221:20010 metal_eligible=true ane_eligible=true
2026-09-21T19:07:22.516008Z DEBUG quip_miner_metal::combined: combined route assigned engine="metal" job_id=study:3221:20011 metal_eligible=true ane_eligible=true
2026-09-21T19:07:22.520076Z DEBUG quip_miner_metal::combined: combined route assigned engine="metal" job_id=study:3221:20012 metal_eligible=true ane_eligible=true
2026-09-21T19:07:22.527650Z DEBUG quip_miner_metal::combined: combined route assigned engine="metal" job_id=study:3221:20013 metal_eligible=true ane_eligible=true
2026-09-21T19:07:22.539125Z DEBUG quip_miner_metal::combined: combined route assigned engine="metal" job_id=study:3221:20014 metal_eligible=true ane_eligible=true
2026-09-21T19:07:22.544716Z DEBUG quip_miner_metal::combined: combined route assigned engine="metal" job_id=study:3220:20010 metal_eligible=true ane_eligible=true
2026-09-21T19:07:22.573198Z DEBUG quip_miner_metal::combined: combined route assigned engine="metal" job_id=study:3220:20011 metal_eligible=true ane_eligible=true
2026-09-21T19:07:22.577352Z DEBUG quip_miner_metal::combined: combined route assigned engine="metal" job_id=study:3220:20012 metal_eligible=true ane_eligible=true
2026-09-21T19:07:22.582099Z DEBUG quip_miner_metal::combined: combined route assigned engine="metal" job_id=study:3220:20013 metal_eligible=true ane_eligible=true
2026-09-21T19:07:22.586014Z DEBUG quip_miner_metal::combined: combined route assigned engine="metal" job_id=study:3220:20014 metal_eligible=true ane_eligible=true
2026-09-21T19:07:22.588899Z DEBUG quip_miner_metal::combined: combined route assigned engine="metal" job_id=study:3219:20010 metal_eligible=true ane_eligible=true
2026-09-21T19:07:22.591960Z DEBUG quip_miner_metal::combined: combined route assigned engine="metal" job_id=study:3219:20011 metal_eligible=true ane_eligible=true
2026-09-21T19:07:22.595093Z DEBUG quip_miner_metal::combined: combined route assigned engine="metal" job_id=study:3219:20012 metal_eligible=true ane_eligible=true
2026-09-21T19:07:22.598689Z DEBUG quip_miner_metal::combined: combined route assigned engine="metal" job_id=study:3219:20013 metal_eligible=true ane_eligible=true
2026-09-21T19:07:22.601708Z DEBUG quip_miner_metal::combined: combined route assigned engine="metal" job_id=study:3219:20014 metal_eligible=true ane_eligible=true
2026-09-21T19:07:22.604621Z DEBUG quip_miner_metal::combined: combined route assigned engine="metal" job_id=study:3218:20010 metal_eligible=true ane_eligible=true
2026-09-21T19:07:22.607438Z DEBUG quip_miner_metal::combined: combined route assigned engine="metal" job_id=study:3218:20011 metal_eligible=true ane_eligible=true
2026-09-21T19:07:22.610417Z DEBUG quip_miner_metal::combined: combined route assigned engine="metal" job_id=study:3218:20012 metal_eligible=true ane_eligible=true
2026-09-21T19:07:26.589521Z DEBUG quip_miner_metal::combined: combined route completed engine="metal" job_id=study:3226:20013 outcome="completed" device_access_time_us=3682289
2026-09-21T19:07:26.589581Z DEBUG quip_miner_metal::combined: combined route completed engine="metal" job_id=study:3226:20014 outcome="completed" device_access_time_us=3682289
2026-09-21T19:07:26.589597Z DEBUG quip_miner_metal::combined: combined route completed engine="metal" job_id=study:3225:20010 outcome="completed" device_access_time_us=3682289
2026-09-21T19:07:26.589622Z DEBUG quip_miner_metal::combined: combined route completed engine="metal" job_id=study:3225:20011 outcome="completed" device_access_time_us=3682289
2026-09-21T19:07:26.589629Z DEBUG quip_miner_metal::combined: combined route completed engine="metal" job_id=study:3225:20012 outcome="completed" device_access_time_us=3682289
2026-09-21T19:07:26.589635Z DEBUG quip_miner_metal::combined: combined route completed engine="metal" job_id=study:3225:20013 outcome="completed" device_access_time_us=3682289
2026-09-21T19:07:26.589640Z DEBUG quip_miner_metal::combined: combined route completed engine="metal" job_id=study:3225:20014 outcome="completed" device_access_time_us=3682289
2026-09-21T19:07:26.589645Z DEBUG quip_miner_metal::combined: combined route completed engine="metal" job_id=study:3224:20010 outcome="completed" device_access_time_us=3682289
2026-09-21T19:07:26.589651Z DEBUG quip_miner_metal::combined: combined route completed engine="metal" job_id=study:3224:20011 outcome="completed" device_access_time_us=3682289
2026-09-21T19:07:26.589656Z DEBUG quip_miner_metal::combined: combined route completed engine="metal" job_id=study:3224:20012 outcome="completed" device_access_time_us=3682289
2026-09-21T19:07:26.589662Z DEBUG quip_miner_metal::combined: combined route completed engine="metal" job_id=study:3224:20013 outcome="completed" device_access_time_us=3682289
2026-09-21T19:07:26.589667Z DEBUG quip_miner_metal::combined: combined route completed engine="metal" job_id=study:3224:20014 outcome="completed" device_access_time_us=3682289
2026-09-21T19:07:26.589671Z DEBUG quip_miner_metal::combined: combined route completed engine="metal" job_id=study:3223:20010 outcome="completed" device_access_time_us=3682289
2026-09-21T19:07:26.589676Z DEBUG quip_miner_metal::combined: combined route completed engine="metal" job_id=study:3223:20011 outcome="completed" device_access_time_us=3682289
2026-09-21T19:07:26.589681Z DEBUG quip_miner_metal::combined: combined route completed engine="metal" job_id=study:3223:20012 outcome="completed" device_access_time_us=3682289
2026-09-21T19:07:26.589685Z DEBUG quip_miner_metal::combined: combined route completed engine="metal" job_id=study:3223:20013 outcome="completed" device_access_time_us=3682289
2026-09-21T19:07:26.589690Z DEBUG quip_miner_metal::combined: combined route completed engine="metal" job_id=study:3223:20014 outcome="completed" device_access_time_us=3682289
2026-09-21T19:07:26.589695Z DEBUG quip_miner_metal::combined: combined route completed engine="metal" job_id=study:3222:20010 outcome="completed" device_access_time_us=3682289
2026-09-21T19:07:26.589699Z DEBUG quip_miner_metal::combined: combined route completed engine="metal" job_id=study:3222:20011 outcome="completed" device_access_time_us=3682289
2026-09-21T19:07:26.589704Z DEBUG quip_miner_metal::combined: combined route completed engine="metal" job_id=study:3222:20012 outcome="completed" device_access_time_us=3682289
2026-09-21T19:07:26.592937Z DEBUG quip_miner_metal::combined: combined route assigned engine="metal" job_id=study:3218:20013 metal_eligible=true ane_eligible=true
2026-09-21T19:07:26.596177Z DEBUG quip_miner_metal::combined: combined route assigned engine="metal" job_id=study:3218:20014 metal_eligible=true ane_eligible=true
2026-09-21T19:07:26.599594Z DEBUG quip_miner_metal::combined: combined route assigned engine="metal" job_id=study:3217:20010 metal_eligible=true ane_eligible=true
2026-09-21T19:07:26.602881Z DEBUG quip_miner_metal::combined: combined route assigned engine="metal" job_id=study:3217:20011 metal_eligible=true ane_eligible=true
2026-09-21T19:07:26.606073Z DEBUG quip_miner_metal::combined: combined route assigned engine="metal" job_id=study:3217:20012 metal_eligible=true ane_eligible=true
2026-09-21T19:07:26.609195Z DEBUG quip_miner_metal::combined: combined route assigned engine="metal" job_id=study:3217:20013 metal_eligible=true ane_eligible=true
2026-09-21T19:07:26.609219Z DEBUG quip_miner_metal::combined: combined route completed engine="metal" job_id=study:3222:20013 outcome="completed" device_access_time_us=3802720
2026-09-21T19:07:26.609244Z DEBUG quip_miner_metal::combined: combined route completed engine="metal" job_id=study:3222:20014 outcome="completed" device_access_time_us=3802720
2026-09-21T19:07:26.609251Z DEBUG quip_miner_metal::combined: combined route completed engine="metal" job_id=study:3221:20010 outcome="completed" device_access_time_us=3802720
2026-09-21T19:07:26.609256Z DEBUG quip_miner_metal::combined: combined route completed engine="metal" job_id=study:3221:20011 outcome="completed" device_access_time_us=3802720
2026-09-21T19:07:26.609260Z DEBUG quip_miner_metal::combined: combined route completed engine="metal" job_id=study:3221:20012 outcome="completed" device_access_time_us=3802720
2026-09-21T19:07:26.609264Z DEBUG quip_miner_metal::combined: combined route completed engine="metal" job_id=study:3221:20013 outcome="completed" device_access_time_us=3802720
2026-09-21T19:07:26.609268Z DEBUG quip_miner_metal::combined: combined route completed engine="metal" job_id=study:3221:20014 outcome="completed" device_access_time_us=3802720
2026-09-21T19:07:26.609272Z DEBUG quip_miner_metal::combined: combined route completed engine="metal" job_id=study:3220:20010 outcome="completed" device_access_time_us=3802720
2026-09-21T19:07:26.609276Z DEBUG quip_miner_metal::combined: combined route completed engine="metal" job_id=study:3220:20011 outcome="completed" device_access_time_us=3802720
2026-09-21T19:07:26.609280Z DEBUG quip_miner_metal::combined: combined route completed engine="metal" job_id=study:3220:20012 outcome="completed" device_access_time_us=3802720
2026-09-21T19:07:26.609283Z DEBUG quip_miner_metal::combined: combined route completed engine="metal" job_id=study:3220:20013 outcome="completed" device_access_time_us=3802720
2026-09-21T19:07:26.609287Z DEBUG quip_miner_metal::combined: combined route completed engine="metal" job_id=study:3220:20014 outcome="completed" device_access_time_us=3802720
2026-09-21T19:07:26.609290Z DEBUG quip_miner_metal::combined: combined route completed engine="metal" job_id=study:3219:20010 outcome="completed" device_access_time_us=3802720
2026-09-21T19:07:26.609294Z DEBUG quip_miner_metal::combined: combined route completed engine="metal" job_id=study:3219:20011 outcome="completed" device_access_time_us=3802720
2026-09-21T19:07:26.609298Z DEBUG quip_miner_metal::combined: combined route completed engine="metal" job_id=study:3219:20012 outcome="completed" device_access_time_us=3802720
2026-09-21T19:07:26.609302Z DEBUG quip_miner_metal::combined: combined route completed engine="metal" job_id=study:3219:20013 outcome="completed" device_access_time_us=3802720
2026-09-21T19:07:26.609305Z DEBUG quip_miner_metal::combined: combined route completed engine="metal" job_id=study:3219:20014 outcome="completed" device_access_time_us=3802720
2026-09-21T19:07:26.609309Z DEBUG quip_miner_metal::combined: combined route completed engine="metal" job_id=study:3218:20010 outcome="completed" device_access_time_us=3802720
2026-09-21T19:07:26.609313Z DEBUG quip_miner_metal::combined: combined route completed engine="metal" job_id=study:3218:20011 outcome="completed" device_access_time_us=3802720
2026-09-21T19:07:26.609320Z DEBUG quip_miner_metal::combined: combined route completed engine="metal" job_id=study:3218:20012 outcome="completed" device_access_time_us=3802720
2026-09-21T19:07:26.612134Z DEBUG quip_miner_metal::combined: combined route assigned engine="metal" job_id=study:3217:20014 metal_eligible=true ane_eligible=true
2026-09-21T19:07:26.615044Z DEBUG quip_miner_metal::combined: combined route assigned engine="metal" job_id=study:3216:20010 metal_eligible=true ane_eligible=true
2026-09-21T19:07:26.618230Z DEBUG quip_miner_metal::combined: combined route assigned engine="metal" job_id=study:3216:20011 metal_eligible=true ane_eligible=true
2026-09-21T19:07:26.621172Z DEBUG quip_miner_metal::combined: combined route assigned engine="metal" job_id=study:3216:20012 metal_eligible=true ane_eligible=true
2026-09-21T19:07:26.624254Z DEBUG quip_miner_metal::combined: combined route assigned engine="metal" job_id=study:3216:20013 metal_eligible=true ane_eligible=true
2026-09-21T19:07:26.627124Z DEBUG quip_miner_metal::combined: combined route assigned engine="metal" job_id=study:3216:20014 metal_eligible=true ane_eligible=true
2026-09-21T19:07:26.630227Z DEBUG quip_miner_metal::combined: combined route assigned engine="metal" job_id=study:3215:20010 metal_eligible=true ane_eligible=true
2026-09-21T19:07:26.633653Z DEBUG quip_miner_metal::combined: combined route assigned engine="metal" job_id=study:3215:20011 metal_eligible=true ane_eligible=true
2026-09-21T19:07:26.636993Z DEBUG quip_miner_metal::combined: combined route assigned engine="metal" job_id=study:3215:20012 metal_eligible=true ane_eligible=true
2026-09-21T19:07:26.640124Z DEBUG quip_miner_metal::combined: combined route assigned engine="metal" job_id=study:3215:20013 metal_eligible=true ane_eligible=true
2026-09-21T19:07:26.643352Z DEBUG quip_miner_metal::combined: combined route assigned engine="metal" job_id=study:3215:20014 metal_eligible=true ane_eligible=true
2026-09-21T19:07:26.646521Z DEBUG quip_miner_metal::combined: combined route assigned engine="metal" job_id=study:3214:20010 metal_eligible=true ane_eligible=true
2026-09-21T19:07:26.649523Z DEBUG quip_miner_metal::combined: combined route assigned engine="metal" job_id=study:3214:20011 metal_eligible=true ane_eligible=true
2026-09-21T19:07:26.653169Z DEBUG quip_miner_metal::combined: combined route assigned engine="metal" job_id=study:3214:20012 metal_eligible=true ane_eligible=true
2026-09-21T19:07:26.656434Z DEBUG quip_miner_metal::combined: combined route assigned engine="metal" job_id=study:3214:20013 metal_eligible=true ane_eligible=true
2026-09-21T19:07:26.659383Z DEBUG quip_miner_metal::combined: combined route assigned engine="metal" job_id=study:3214:20014 metal_eligible=true ane_eligible=true
2026-09-21T19:07:26.662544Z DEBUG quip_miner_metal::combined: combined route assigned engine="metal" job_id=study:3213:20010 metal_eligible=true ane_eligible=true
2026-09-21T19:07:26.666277Z DEBUG quip_miner_metal::combined: combined route assigned engine="metal" job_id=study:3213:20011 metal_eligible=true ane_eligible=true
2026-09-21T19:07:26.669214Z DEBUG quip_miner_metal::combined: combined route assigned engine="metal" job_id=study:3213:20012 metal_eligible=true ane_eligible=true
2026-09-21T19:07:26.672283Z DEBUG quip_miner_metal::combined: combined route assigned engine="metal" job_id=study:3213:20013 metal_eligible=true ane_eligible=true
2026-09-21T19:07:26.676213Z DEBUG quip_miner_metal::combined: combined route assigned engine="metal" job_id=study:3213:20014 metal_eligible=true ane_eligible=true
2026-09-21T19:07:26.679503Z DEBUG quip_miner_metal::combined: combined route assigned engine="metal" job_id=study:3212:20010 metal_eligible=true ane_eligible=true
2026-09-21T19:07:26.682742Z DEBUG quip_miner_metal::combined: combined route assigned engine="metal" job_id=study:3212:20011 metal_eligible=true ane_eligible=true
2026-09-21T19:07:26.686514Z DEBUG quip_miner_metal::combined: combined route assigned engine="metal" job_id=study:3212:20012 metal_eligible=true ane_eligible=true
2026-09-21T19:07:26.689836Z DEBUG quip_miner_metal::combined: combined route assigned engine="metal" job_id=study:3212:20013 metal_eligible=true ane_eligible=true
2026-09-21T19:07:26.693808Z DEBUG quip_miner_metal::combined: combined route assigned engine="metal" job_id=study:3212:20014 metal_eligible=true ane_eligible=true
2026-09-21T19:07:26.697389Z DEBUG quip_miner_metal::combined: combined route assigned engine="metal" job_id=study:3211:20010 metal_eligible=true ane_eligible=true
2026-09-21T19:07:26.701948Z DEBUG quip_miner_metal::combined: combined route assigned engine="metal" job_id=study:3211:20011 metal_eligible=true ane_eligible=true
2026-09-21T19:07:26.705237Z DEBUG quip_miner_metal::combined: combined route assigned engine="metal" job_id=study:3211:20012 metal_eligible=true ane_eligible=true
2026-09-21T19:07:26.708845Z DEBUG quip_miner_metal::combined: combined route assigned engine="metal" job_id=study:3211:20013 metal_eligible=true ane_eligible=true
2026-09-21T19:07:26.712632Z DEBUG quip_miner_metal::combined: combined route assigned engine="metal" job_id=study:3211:20014 metal_eligible=true ane_eligible=true
2026-09-21T19:07:26.716799Z DEBUG quip_miner_metal::combined: combined route assigned engine="metal" job_id=study:3210:20010 metal_eligible=true ane_eligible=true
2026-09-21T19:07:26.720050Z DEBUG quip_miner_metal::combined: combined route assigned engine="metal" job_id=study:3210:20011 metal_eligible=true ane_eligible=true
2026-09-21T19:07:26.723468Z DEBUG quip_miner_metal::combined: combined route assigned engine="metal" job_id=study:3210:20012 metal_eligible=true ane_eligible=true
2026-09-21T19:07:30.059360Z DEBUG quip_miner_metal::combined: combined route completed engine="ane" job_id=study:3226:20012 outcome="completed" device_access_time_us=7888836
2026-09-21T19:07:30.063236Z DEBUG quip_miner_metal::combined: combined route assigned engine="ane" job_id=study:3210:20013 metal_eligible=true ane_eligible=true
2026-09-21T19:07:30.124064Z DEBUG quip_miner_metal::combined: combined route completed engine="metal" job_id=study:3218:20013 outcome="completed" device_access_time_us=3304017
2026-09-21T19:07:30.124110Z DEBUG quip_miner_metal::combined: combined route completed engine="metal" job_id=study:3218:20014 outcome="completed" device_access_time_us=3304017
2026-09-21T19:07:30.124119Z DEBUG quip_miner_metal::combined: combined route completed engine="metal" job_id=study:3217:20010 outcome="completed" device_access_time_us=3304017
2026-09-21T19:07:30.124124Z DEBUG quip_miner_metal::combined: combined route completed engine="metal" job_id=study:3217:20011 outcome="completed" device_access_time_us=3304017
2026-09-21T19:07:30.124130Z DEBUG quip_miner_metal::combined: combined route completed engine="metal" job_id=study:3217:20012 outcome="completed" device_access_time_us=3304017
2026-09-21T19:07:30.124135Z DEBUG quip_miner_metal::combined: combined route completed engine="metal" job_id=study:3217:20013 outcome="completed" device_access_time_us=3304017
2026-09-21T19:07:30.124140Z DEBUG quip_miner_metal::combined: combined route completed engine="metal" job_id=study:3217:20014 outcome="completed" device_access_time_us=3304017
2026-09-21T19:07:30.124144Z DEBUG quip_miner_metal::combined: combined route completed engine="metal" job_id=study:3216:20010 outcome="completed" device_access_time_us=3304017
2026-09-21T19:07:30.124149Z DEBUG quip_miner_metal::combined: combined route completed engine="metal" job_id=study:3216:20011 outcome="completed" device_access_time_us=3304017
2026-09-21T19:07:30.124154Z DEBUG quip_miner_metal::combined: combined route completed engine="metal" job_id=study:3216:20012 outcome="completed" device_access_time_us=3304017
2026-09-21T19:07:30.124159Z DEBUG quip_miner_metal::combined: combined route completed engine="metal" job_id=study:3216:20013 outcome="completed" device_access_time_us=3304017
2026-09-21T19:07:30.124164Z DEBUG quip_miner_metal::combined: combined route completed engine="metal" job_id=study:3216:20014 outcome="completed" device_access_time_us=3304017
2026-09-21T19:07:30.124169Z DEBUG quip_miner_metal::combined: combined route completed engine="metal" job_id=study:3215:20010 outcome="completed" device_access_time_us=3304017
2026-09-21T19:07:30.124173Z DEBUG quip_miner_metal::combined: combined route completed engine="metal" job_id=study:3215:20011 outcome="completed" device_access_time_us=3304017
2026-09-21T19:07:30.124178Z DEBUG quip_miner_metal::combined: combined route completed engine="metal" job_id=study:3215:20012 outcome="completed" device_access_time_us=3304017
2026-09-21T19:07:30.124182Z DEBUG quip_miner_metal::combined: combined route completed engine="metal" job_id=study:3215:20013 outcome="completed" device_access_time_us=3304017
2026-09-21T19:07:30.124187Z DEBUG quip_miner_metal::combined: combined route completed engine="metal" job_id=study:3215:20014 outcome="completed" device_access_time_us=3304017
2026-09-21T19:07:30.124209Z DEBUG quip_miner_metal::combined: combined route completed engine="metal" job_id=study:3214:20010 outcome="completed" device_access_time_us=3304017
2026-09-21T19:07:30.124214Z DEBUG quip_miner_metal::combined: combined route completed engine="metal" job_id=study:3214:20011 outcome="completed" device_access_time_us=3304017
2026-09-21T19:07:30.124219Z DEBUG quip_miner_metal::combined: combined route completed engine="metal" job_id=study:3214:20012 outcome="completed" device_access_time_us=3304017
2026-09-21T19:07:30.145432Z DEBUG quip_miner_metal::combined: combined route assigned engine="metal" job_id=study:3210:20014 metal_eligible=true ane_eligible=true
2026-09-21T19:07:30.180579Z DEBUG quip_miner_metal::combined: combined route assigned engine="metal" job_id=study:3209:20010 metal_eligible=true ane_eligible=true
2026-09-21T19:07:30.196166Z DEBUG quip_miner_metal::combined: combined route assigned engine="metal" job_id=study:3209:20011 metal_eligible=true ane_eligible=true
2026-09-21T19:07:30.204995Z DEBUG quip_miner_metal::combined: combined route assigned engine="metal" job_id=study:3209:20012 metal_eligible=true ane_eligible=true
2026-09-21T19:07:30.208713Z DEBUG quip_miner_metal::combined: combined route assigned engine="metal" job_id=study:3209:20013 metal_eligible=true ane_eligible=true
2026-09-21T19:07:30.208753Z DEBUG quip_miner_metal::combined: combined route completed engine="metal" job_id=study:3214:20013 outcome="completed" device_access_time_us=3117338
2026-09-21T19:07:30.208763Z DEBUG quip_miner_metal::combined: combined route completed engine="metal" job_id=study:3214:20014 outcome="completed" device_access_time_us=3117338
2026-09-21T19:07:30.208769Z DEBUG quip_miner_metal::combined: combined route completed engine="metal" job_id=study:3213:20010 outcome="completed" device_access_time_us=3117338
2026-09-21T19:07:30.208774Z DEBUG quip_miner_metal::combined: combined route completed engine="metal" job_id=study:3213:20011 outcome="completed" device_access_time_us=3117338
2026-09-21T19:07:30.208780Z DEBUG quip_miner_metal::combined: combined route completed engine="metal" job_id=study:3213:20012 outcome="completed" device_access_time_us=3117338
2026-09-21T19:07:30.208785Z DEBUG quip_miner_metal::combined: combined route completed engine="metal" job_id=study:3213:20013 outcome="completed" device_access_time_us=3117338
2026-09-21T19:07:30.208838Z DEBUG quip_miner_metal::combined: combined route completed engine="metal" job_id=study:3213:20014 outcome="completed" device_access_time_us=3117338
2026-09-21T19:07:30.208851Z DEBUG quip_miner_metal::combined: combined route completed engine="metal" job_id=study:3212:20010 outcome="completed" device_access_time_us=3117338
2026-09-21T19:07:30.208857Z DEBUG quip_miner_metal::combined: combined route completed engine="metal" job_id=study:3212:20011 outcome="completed" device_access_time_us=3117338
2026-09-21T19:07:30.208862Z DEBUG quip_miner_metal::combined: combined route completed engine="metal" job_id=study:3212:20012 outcome="completed" device_access_time_us=3117338
2026-09-21T19:07:30.208867Z DEBUG quip_miner_metal::combined: combined route completed engine="metal" job_id=study:3212:20013 outcome="completed" device_access_time_us=3117338
2026-09-21T19:07:30.208871Z DEBUG quip_miner_metal::combined: combined route completed engine="metal" job_id=study:3212:20014 outcome="completed" device_access_time_us=3117338
2026-09-21T19:07:30.208876Z DEBUG quip_miner_metal::combined: combined route completed engine="metal" job_id=study:3211:20010 outcome="completed" device_access_time_us=3117338
2026-09-21T19:07:30.208880Z DEBUG quip_miner_metal::combined: combined route completed engine="metal" job_id=study:3211:20011 outcome="completed" device_access_time_us=3117338
2026-09-21T19:07:30.208883Z DEBUG quip_miner_metal::combined: combined route completed engine="metal" job_id=study:3211:20012 outcome="completed" device_access_time_us=3117338
2026-09-21T19:07:30.208887Z DEBUG quip_miner_metal::combined: combined route completed engine="metal" job_id=study:3211:20013 outcome="completed" device_access_time_us=3117338
2026-09-21T19:07:30.208907Z DEBUG quip_miner_metal::combined: combined route completed engine="metal" job_id=study:3211:20014 outcome="completed" device_access_time_us=3117338
2026-09-21T19:07:30.208911Z DEBUG quip_miner_metal::combined: combined route completed engine="metal" job_id=study:3210:20010 outcome="completed" device_access_time_us=3117338
2026-09-21T19:07:30.208915Z DEBUG quip_miner_metal::combined: combined route completed engine="metal" job_id=study:3210:20011 outcome="completed" device_access_time_us=3117338
2026-09-21T19:07:30.208918Z DEBUG quip_miner_metal::combined: combined route completed engine="metal" job_id=study:3210:20012 outcome="completed" device_access_time_us=3117338
2026-09-21T19:07:30.212146Z DEBUG quip_miner_metal::combined: combined route assigned engine="metal" job_id=study:3209:20014 metal_eligible=true ane_eligible=true
2026-09-21T19:07:30.215854Z DEBUG quip_miner_metal::combined: combined route assigned engine="metal" job_id=study:3208:20010 metal_eligible=true ane_eligible=true
2026-09-21T19:07:30.219325Z DEBUG quip_miner_metal::combined: combined route assigned engine="metal" job_id=study:3208:20011 metal_eligible=true ane_eligible=true
2026-09-21T19:07:30.222797Z DEBUG quip_miner_metal::combined: combined route assigned engine="metal" job_id=study:3208:20012 metal_eligible=true ane_eligible=true
2026-09-21T19:07:30.226488Z DEBUG quip_miner_metal::combined: combined route assigned engine="metal" job_id=study:3208:20013 metal_eligible=true ane_eligible=true
2026-09-21T19:07:30.229705Z DEBUG quip_miner_metal::combined: combined route assigned engine="metal" job_id=study:3208:20014 metal_eligible=true ane_eligible=true
2026-09-21T19:07:30.233409Z DEBUG quip_miner_metal::combined: combined route assigned engine="metal" job_id=study:3207:20010 metal_eligible=true ane_eligible=true
2026-09-21T19:07:30.236451Z DEBUG quip_miner_metal::combined: combined route assigned engine="metal" job_id=study:3207:20011 metal_eligible=true ane_eligible=true
2026-09-21T19:07:30.239752Z DEBUG quip_miner_metal::combined: combined route assigned engine="metal" job_id=study:3207:20012 metal_eligible=true ane_eligible=true
2026-09-21T19:07:30.242992Z DEBUG quip_miner_metal::combined: combined route assigned engine="metal" job_id=study:3207:20013 metal_eligible=true ane_eligible=true
2026-09-21T19:07:30.246318Z DEBUG quip_miner_metal::combined: combined route assigned engine="metal" job_id=study:3207:20014 metal_eligible=true ane_eligible=true
2026-09-21T19:07:30.249636Z DEBUG quip_miner_metal::combined: combined route assigned engine="metal" job_id=study:3206:20010 metal_eligible=true ane_eligible=true
2026-09-21T19:07:30.252564Z DEBUG quip_miner_metal::combined: combined route assigned engine="metal" job_id=study:3206:20011 metal_eligible=true ane_eligible=true
2026-09-21T19:07:30.255507Z DEBUG quip_miner_metal::combined: combined route assigned engine="metal" job_id=study:3206:20012 metal_eligible=true ane_eligible=true
2026-09-21T19:07:30.258654Z DEBUG quip_miner_metal::combined: combined route assigned engine="metal" job_id=study:3206:20013 metal_eligible=true ane_eligible=true
2026-09-21T19:07:30.261682Z DEBUG quip_miner_metal::combined: combined route assigned engine="metal" job_id=study:3206:20014 metal_eligible=true ane_eligible=true
2026-09-21T19:07:30.264506Z DEBUG quip_miner_metal::combined: combined route assigned engine="metal" job_id=study:3205:20010 metal_eligible=true ane_eligible=true
2026-09-21T19:07:30.267392Z DEBUG quip_miner_metal::combined: combined route assigned engine="metal" job_id=study:3205:20011 metal_eligible=true ane_eligible=true
2026-09-21T19:07:30.270603Z DEBUG quip_miner_metal::combined: combined route assigned engine="metal" job_id=study:3205:20012 metal_eligible=true ane_eligible=true
2026-09-21T19:07:30.273730Z DEBUG quip_miner_metal::combined: combined route assigned engine="metal" job_id=study:3205:20013 metal_eligible=true ane_eligible=true
2026-09-21T19:07:30.276582Z DEBUG quip_miner_metal::combined: combined route assigned engine="metal" job_id=study:3205:20014 metal_eligible=true ane_eligible=true
2026-09-21T19:07:30.279874Z DEBUG quip_miner_metal::combined: combined route assigned engine="metal" job_id=study:3204:20010 metal_eligible=true ane_eligible=true
2026-09-21T19:07:30.282986Z DEBUG quip_miner_metal::combined: combined route assigned engine="metal" job_id=study:3204:20011 metal_eligible=true ane_eligible=true
2026-09-21T19:07:30.286469Z DEBUG quip_miner_metal::combined: combined route assigned engine="metal" job_id=study:3204:20012 metal_eligible=true ane_eligible=true
2026-09-21T19:07:30.289766Z DEBUG quip_miner_metal::combined: combined route assigned engine="metal" job_id=study:3204:20013 metal_eligible=true ane_eligible=true
2026-09-21T19:07:30.292866Z DEBUG quip_miner_metal::combined: combined route assigned engine="metal" job_id=study:3204:20014 metal_eligible=true ane_eligible=true
2026-09-21T19:07:30.295816Z DEBUG quip_miner_metal::combined: combined route assigned engine="metal" job_id=study:3203:20010 metal_eligible=true ane_eligible=true
2026-09-21T19:07:30.299071Z DEBUG quip_miner_metal::combined: combined route assigned engine="metal" job_id=study:3203:20011 metal_eligible=true ane_eligible=true
2026-09-21T19:07:30.302037Z DEBUG quip_miner_metal::combined: combined route assigned engine="metal" job_id=study:3203:20012 metal_eligible=true ane_eligible=true
2026-09-21T19:07:30.305042Z DEBUG quip_miner_metal::combined: combined route assigned engine="metal" job_id=study:3203:20013 metal_eligible=true ane_eligible=true
2026-09-21T19:07:30.308274Z DEBUG quip_miner_metal::combined: combined route assigned engine="metal" job_id=study:3203:20014 metal_eligible=true ane_eligible=true
2026-09-21T19:07:30.311474Z DEBUG quip_miner_metal::combined: combined route assigned engine="metal" job_id=study:3202:20010 metal_eligible=true ane_eligible=true
2026-09-21T19:07:30.314677Z DEBUG quip_miner_metal::combined: combined route assigned engine="metal" job_id=study:3202:20011 metal_eligible=true ane_eligible=true
2026-09-21T19:07:30.317815Z DEBUG quip_miner_metal::combined: combined route assigned engine="metal" job_id=study:3202:20012 metal_eligible=true ane_eligible=true
2026-09-21T19:07:30.320989Z DEBUG quip_miner_metal::combined: combined route assigned engine="metal" job_id=study:3202:20013 metal_eligible=true ane_eligible=true
2026-09-21T19:07:33.249702Z DEBUG quip_miner_metal::combined: combined route completed engine="metal" job_id=study:3210:20014 outcome="completed" device_access_time_us=2748799
2026-09-21T19:07:33.249784Z DEBUG quip_miner_metal::combined: combined route completed engine="metal" job_id=study:3209:20010 outcome="completed" device_access_time_us=2748799
2026-09-21T19:07:33.249822Z DEBUG quip_miner_metal::combined: combined route completed engine="metal" job_id=study:3209:20011 outcome="completed" device_access_time_us=2748799
2026-09-21T19:07:33.249830Z DEBUG quip_miner_metal::combined: combined route completed engine="metal" job_id=study:3209:20012 outcome="completed" device_access_time_us=2748799
2026-09-21T19:07:33.249838Z DEBUG quip_miner_metal::combined: combined route completed engine="metal" job_id=study:3209:20013 outcome="completed" device_access_time_us=2748799
2026-09-21T19:07:33.249845Z DEBUG quip_miner_metal::combined: combined route completed engine="metal" job_id=study:3209:20014 outcome="completed" device_access_time_us=2748799
2026-09-21T19:07:33.249852Z DEBUG quip_miner_metal::combined: combined route completed engine="metal" job_id=study:3208:20010 outcome="completed" device_access_time_us=2748799
2026-09-21T19:07:33.249858Z DEBUG quip_miner_metal::combined: combined route completed engine="metal" job_id=study:3208:20011 outcome="completed" device_access_time_us=2748799
2026-09-21T19:07:33.249865Z DEBUG quip_miner_metal::combined: combined route completed engine="metal" job_id=study:3208:20012 outcome="completed" device_access_time_us=2748799
2026-09-21T19:07:33.249872Z DEBUG quip_miner_metal::combined: combined route completed engine="metal" job_id=study:3208:20013 outcome="completed" device_access_time_us=2748799
2026-09-21T19:07:33.249880Z DEBUG quip_miner_metal::combined: combined route completed engine="metal" job_id=study:3208:20014 outcome="completed" device_access_time_us=2748799
2026-09-21T19:07:33.249887Z DEBUG quip_miner_metal::combined: combined route completed engine="metal" job_id=study:3207:20010 outcome="completed" device_access_time_us=2748799
2026-09-21T19:07:33.249896Z DEBUG quip_miner_metal::combined: combined route completed engine="metal" job_id=study:3207:20011 outcome="completed" device_access_time_us=2748799
2026-09-21T19:07:33.249903Z DEBUG quip_miner_metal::combined: combined route completed engine="metal" job_id=study:3207:20012 outcome="completed" device_access_time_us=2748799
2026-09-21T19:07:33.249912Z DEBUG quip_miner_metal::combined: combined route completed engine="metal" job_id=study:3207:20013 outcome="completed" device_access_time_us=2748799
2026-09-21T19:07:33.249919Z DEBUG quip_miner_metal::combined: combined route completed engine="metal" job_id=study:3207:20014 outcome="completed" device_access_time_us=2748799
2026-09-21T19:07:33.249925Z DEBUG quip_miner_metal::combined: combined route completed engine="metal" job_id=study:3206:20010 outcome="completed" device_access_time_us=2748799
2026-09-21T19:07:33.249931Z DEBUG quip_miner_metal::combined: combined route completed engine="metal" job_id=study:3206:20011 outcome="completed" device_access_time_us=2748799
2026-09-21T19:07:33.249937Z DEBUG quip_miner_metal::combined: combined route completed engine="metal" job_id=study:3206:20012 outcome="completed" device_access_time_us=2748799
2026-09-21T19:07:33.249943Z DEBUG quip_miner_metal::combined: combined route completed engine="metal" job_id=study:3206:20013 outcome="completed" device_access_time_us=2748799
2026-09-21T19:07:33.252927Z DEBUG quip_miner_metal::combined: combined route assigned engine="metal" job_id=study:3202:20014 metal_eligible=true ane_eligible=true
2026-09-21T19:07:33.259601Z DEBUG quip_miner_metal::combined: combined route assigned engine="metal" job_id=study:3201:20010 metal_eligible=true ane_eligible=true
2026-09-21T19:07:33.270489Z DEBUG quip_miner_metal::combined: combined route assigned engine="metal" job_id=study:3201:20011 metal_eligible=true ane_eligible=true
2026-09-21T19:07:33.279631Z DEBUG quip_miner_metal::combined: combined route assigned engine="metal" job_id=study:3201:20012 metal_eligible=true ane_eligible=true
2026-09-21T19:07:33.298997Z DEBUG quip_miner_metal::combined: combined route assigned engine="metal" job_id=study:3201:20013 metal_eligible=true ane_eligible=true
2026-09-21T19:07:33.315540Z DEBUG quip_miner_metal::combined: combined route assigned engine="metal" job_id=study:3201:20014 metal_eligible=true ane_eligible=true
2026-09-21T19:07:33.319707Z DEBUG quip_miner_metal::combined: combined route assigned engine="metal" job_id=study:3200:20010 metal_eligible=true ane_eligible=true
2026-09-21T19:07:33.319727Z DEBUG quip_miner_metal::combined: combined route completed engine="metal" job_id=study:3206:20014 outcome="completed" device_access_time_us=2624089
2026-09-21T19:07:33.319737Z DEBUG quip_miner_metal::combined: combined route completed engine="metal" job_id=study:3205:20010 outcome="completed" device_access_time_us=2624089
2026-09-21T19:07:33.319743Z DEBUG quip_miner_metal::combined: combined route completed engine="metal" job_id=study:3205:20011 outcome="completed" device_access_time_us=2624089
2026-09-21T19:07:33.319749Z DEBUG quip_miner_metal::combined: combined route completed engine="metal" job_id=study:3205:20012 outcome="completed" device_access_time_us=2624089
2026-09-21T19:07:33.319755Z DEBUG quip_miner_metal::combined: combined route completed engine="metal" job_id=study:3205:20013 outcome="completed" device_access_time_us=2624089
2026-09-21T19:07:33.319760Z DEBUG quip_miner_metal::combined: combined route completed engine="metal" job_id=study:3205:20014 outcome="completed" device_access_time_us=2624089
2026-09-21T19:07:33.319765Z DEBUG quip_miner_metal::combined: combined route completed engine="metal" job_id=study:3204:20010 outcome="completed" device_access_time_us=2624089
2026-09-21T19:07:33.319773Z DEBUG quip_miner_metal::combined: combined route completed engine="metal" job_id=study:3204:20011 outcome="completed" device_access_time_us=2624089
2026-09-21T19:07:33.319779Z DEBUG quip_miner_metal::combined: combined route completed engine="metal" job_id=study:3204:20012 outcome="completed" device_access_time_us=2624089
2026-09-21T19:07:33.319784Z DEBUG quip_miner_metal::combined: combined route completed engine="metal" job_id=study:3204:20013 outcome="completed" device_access_time_us=2624089
2026-09-21T19:07:33.319789Z DEBUG quip_miner_metal::combined: combined route completed engine="metal" job_id=study:3204:20014 outcome="completed" device_access_time_us=2624089
2026-09-21T19:07:33.319794Z DEBUG quip_miner_metal::combined: combined route completed engine="metal" job_id=study:3203:20010 outcome="completed" device_access_time_us=2624089
2026-09-21T19:07:33.319799Z DEBUG quip_miner_metal::combined: combined route completed engine="metal" job_id=study:3203:20011 outcome="completed" device_access_time_us=2624089
2026-09-21T19:07:33.319804Z DEBUG quip_miner_metal::combined: combined route completed engine="metal" job_id=study:3203:20012 outcome="completed" device_access_time_us=2624089
2026-09-21T19:07:33.319809Z DEBUG quip_miner_metal::combined: combined route completed engine="metal" job_id=study:3203:20013 outcome="completed" device_access_time_us=2624089
2026-09-21T19:07:33.319813Z DEBUG quip_miner_metal::combined: combined route completed engine="metal" job_id=study:3203:20014 outcome="completed" device_access_time_us=2624089
2026-09-21T19:07:33.319818Z DEBUG quip_miner_metal::combined: combined route completed engine="metal" job_id=study:3202:20010 outcome="completed" device_access_time_us=2624089
2026-09-21T19:07:33.319822Z DEBUG quip_miner_metal::combined: combined route completed engine="metal" job_id=study:3202:20011 outcome="completed" device_access_time_us=2624089
2026-09-21T19:07:33.319827Z DEBUG quip_miner_metal::combined: combined route completed engine="metal" job_id=study:3202:20012 outcome="completed" device_access_time_us=2624089
2026-09-21T19:07:33.319831Z DEBUG quip_miner_metal::combined: combined route completed engine="metal" job_id=study:3202:20013 outcome="completed" device_access_time_us=2624089
2026-09-21T19:07:33.323659Z DEBUG quip_miner_metal::combined: combined route assigned engine="metal" job_id=study:3200:20011 metal_eligible=true ane_eligible=true
2026-09-21T19:07:33.326783Z DEBUG quip_miner_metal::combined: combined route assigned engine="metal" job_id=study:3200:20012 metal_eligible=true ane_eligible=true
2026-09-21T19:07:33.330097Z DEBUG quip_miner_metal::combined: combined route assigned engine="metal" job_id=study:3200:20013 metal_eligible=true ane_eligible=true
2026-09-21T19:07:33.333016Z DEBUG quip_miner_metal::combined: combined route assigned engine="metal" job_id=study:3200:20014 metal_eligible=true ane_eligible=true
2026-09-21T19:07:33.336629Z DEBUG quip_miner_metal::combined: combined route assigned engine="metal" job_id=study:3199:20010 metal_eligible=true ane_eligible=true
2026-09-21T19:07:33.339689Z DEBUG quip_miner_metal::combined: combined route assigned engine="metal" job_id=study:3199:20011 metal_eligible=true ane_eligible=true
2026-09-21T19:07:33.343081Z DEBUG quip_miner_metal::combined: combined route assigned engine="metal" job_id=study:3199:20012 metal_eligible=true ane_eligible=true
2026-09-21T19:07:33.346548Z DEBUG quip_miner_metal::combined: combined route assigned engine="metal" job_id=study:3199:20013 metal_eligible=true ane_eligible=true
2026-09-21T19:07:33.350531Z DEBUG quip_miner_metal::combined: combined route assigned engine="metal" job_id=study:3199:20014 metal_eligible=true ane_eligible=true
2026-09-21T19:07:33.354282Z DEBUG quip_miner_metal::combined: combined route assigned engine="metal" job_id=study:3198:20010 metal_eligible=true ane_eligible=true
2026-09-21T19:07:33.358258Z DEBUG quip_miner_metal::combined: combined route assigned engine="metal" job_id=study:3198:20011 metal_eligible=true ane_eligible=true
2026-09-21T19:07:33.363106Z DEBUG quip_miner_metal::combined: combined route assigned engine="metal" job_id=study:3198:20012 metal_eligible=true ane_eligible=true
2026-09-21T19:07:33.366481Z DEBUG quip_miner_metal::combined: combined route assigned engine="metal" job_id=study:3198:20013 metal_eligible=true ane_eligible=true
2026-09-21T19:07:33.370777Z DEBUG quip_miner_metal::combined: combined route assigned engine="metal" job_id=study:3198:20014 metal_eligible=true ane_eligible=true
2026-09-21T19:07:33.374011Z DEBUG quip_miner_metal::combined: combined route assigned engine="metal" job_id=study:3197:20010 metal_eligible=true ane_eligible=true
2026-09-21T19:07:33.378383Z DEBUG quip_miner_metal::combined: combined route assigned engine="metal" job_id=study:3197:20011 metal_eligible=true ane_eligible=true
2026-09-21T19:07:33.384080Z DEBUG quip_miner_metal::combined: combined route assigned engine="metal" job_id=study:3197:20012 metal_eligible=true ane_eligible=true
2026-09-21T19:07:33.387451Z DEBUG quip_miner_metal::combined: combined route assigned engine="metal" job_id=study:3197:20013 metal_eligible=true ane_eligible=true
2026-09-21T19:07:33.390778Z DEBUG quip_miner_metal::combined: combined route assigned engine="metal" job_id=study:3197:20014 metal_eligible=true ane_eligible=true
2026-09-21T19:07:33.394386Z DEBUG quip_miner_metal::combined: combined route assigned engine="metal" job_id=study:3196:20010 metal_eligible=true ane_eligible=true
2026-09-21T19:07:33.398256Z DEBUG quip_miner_metal::combined: combined route assigned engine="metal" job_id=study:3196:20011 metal_eligible=true ane_eligible=true
2026-09-21T19:07:33.402088Z DEBUG quip_miner_metal::combined: combined route assigned engine="metal" job_id=study:3196:20012 metal_eligible=true ane_eligible=true
2026-09-21T19:07:33.405598Z DEBUG quip_miner_metal::combined: combined route assigned engine="metal" job_id=study:3196:20013 metal_eligible=true ane_eligible=true
2026-09-21T19:07:33.409246Z DEBUG quip_miner_metal::combined: combined route assigned engine="metal" job_id=study:3196:20014 metal_eligible=true ane_eligible=true
2026-09-21T19:07:33.412642Z DEBUG quip_miner_metal::combined: combined route assigned engine="metal" job_id=study:3195:20010 metal_eligible=true ane_eligible=true
2026-09-21T19:07:33.416442Z DEBUG quip_miner_metal::combined: combined route assigned engine="metal" job_id=study:3195:20011 metal_eligible=true ane_eligible=true
2026-09-21T19:07:33.419836Z DEBUG quip_miner_metal::combined: combined route assigned engine="metal" job_id=study:3195:20012 metal_eligible=true ane_eligible=true
2026-09-21T19:07:33.422879Z DEBUG quip_miner_metal::combined: combined route assigned engine="metal" job_id=study:3195:20013 metal_eligible=true ane_eligible=true
2026-09-21T19:07:33.426355Z DEBUG quip_miner_metal::combined: combined route assigned engine="metal" job_id=study:3195:20014 metal_eligible=true ane_eligible=true
2026-09-21T19:07:33.429866Z DEBUG quip_miner_metal::combined: combined route assigned engine="metal" job_id=study:3194:20010 metal_eligible=true ane_eligible=true
2026-09-21T19:07:33.433215Z DEBUG quip_miner_metal::combined: combined route assigned engine="metal" job_id=study:3194:20011 metal_eligible=true ane_eligible=true
2026-09-21T19:07:33.436888Z DEBUG quip_miner_metal::combined: combined route assigned engine="metal" job_id=study:3194:20012 metal_eligible=true ane_eligible=true
2026-09-21T19:07:33.440222Z DEBUG quip_miner_metal::combined: combined route assigned engine="metal" job_id=study:3194:20013 metal_eligible=true ane_eligible=true
2026-09-21T19:07:36.337327Z DEBUG quip_miner_metal::combined: combined route completed engine="metal" job_id=study:3202:20014 outcome="completed" device_access_time_us=2447116
2026-09-21T19:07:36.337369Z DEBUG quip_miner_metal::combined: combined route completed engine="metal" job_id=study:3201:20010 outcome="completed" device_access_time_us=2447116
2026-09-21T19:07:36.337482Z DEBUG quip_miner_metal::combined: combined route completed engine="metal" job_id=study:3201:20011 outcome="completed" device_access_time_us=2447116
2026-09-21T19:07:36.337517Z DEBUG quip_miner_metal::combined: combined route completed engine="metal" job_id=study:3201:20012 outcome="completed" device_access_time_us=2447116
2026-09-21T19:07:36.337527Z DEBUG quip_miner_metal::combined: combined route completed engine="metal" job_id=study:3201:20013 outcome="completed" device_access_time_us=2447116
2026-09-21T19:07:36.337534Z DEBUG quip_miner_metal::combined: combined route completed engine="metal" job_id=study:3201:20014 outcome="completed" device_access_time_us=2447116
2026-09-21T19:07:36.337540Z DEBUG quip_miner_metal::combined: combined route completed engine="metal" job_id=study:3200:20010 outcome="completed" device_access_time_us=2447116
2026-09-21T19:07:36.337545Z DEBUG quip_miner_metal::combined: combined route completed engine="metal" job_id=study:3200:20011 outcome="completed" device_access_time_us=2447116
2026-09-21T19:07:36.337551Z DEBUG quip_miner_metal::combined: combined route completed engine="metal" job_id=study:3200:20012 outcome="completed" device_access_time_us=2447116
2026-09-21T19:07:36.337556Z DEBUG quip_miner_metal::combined: combined route completed engine="metal" job_id=study:3200:20013 outcome="completed" device_access_time_us=2447116
2026-09-21T19:07:36.337561Z DEBUG quip_miner_metal::combined: combined route completed engine="metal" job_id=study:3200:20014 outcome="completed" device_access_time_us=2447116
2026-09-21T19:07:36.337566Z DEBUG quip_miner_metal::combined: combined route completed engine="metal" job_id=study:3199:20010 outcome="completed" device_access_time_us=2447116
2026-09-21T19:07:36.337571Z DEBUG quip_miner_metal::combined: combined route completed engine="metal" job_id=study:3199:20011 outcome="completed" device_access_time_us=2447116
2026-09-21T19:07:36.337576Z DEBUG quip_miner_metal::combined: combined route completed engine="metal" job_id=study:3199:20012 outcome="completed" device_access_time_us=2447116
2026-09-21T19:07:36.337581Z DEBUG quip_miner_metal::combined: combined route completed engine="metal" job_id=study:3199:20013 outcome="completed" device_access_time_us=2447116
2026-09-21T19:07:36.337586Z DEBUG quip_miner_metal::combined: combined route completed engine="metal" job_id=study:3199:20014 outcome="completed" device_access_time_us=2447116
2026-09-21T19:07:36.337591Z DEBUG quip_miner_metal::combined: combined route completed engine="metal" job_id=study:3198:20010 outcome="completed" device_access_time_us=2447116
2026-09-21T19:07:36.337596Z DEBUG quip_miner_metal::combined: combined route completed engine="metal" job_id=study:3198:20011 outcome="completed" device_access_time_us=2447116
2026-09-21T19:07:36.337601Z DEBUG quip_miner_metal::combined: combined route completed engine="metal" job_id=study:3198:20012 outcome="completed" device_access_time_us=2447116
2026-09-21T19:07:36.337605Z DEBUG quip_miner_metal::combined: combined route completed engine="metal" job_id=study:3198:20013 outcome="completed" device_access_time_us=2447116
2026-09-21T19:07:36.343263Z DEBUG quip_miner_metal::combined: combined route assigned engine="metal" job_id=study:3194:20014 metal_eligible=true ane_eligible=true
2026-09-21T19:07:36.355963Z DEBUG quip_miner_metal::combined: combined route assigned engine="metal" job_id=study:3193:20010 metal_eligible=true ane_eligible=true
2026-09-21T19:07:36.359780Z DEBUG quip_miner_metal::combined: combined route assigned engine="metal" job_id=study:3193:20011 metal_eligible=true ane_eligible=true
2026-09-21T19:07:36.362763Z DEBUG quip_miner_metal::combined: combined route assigned engine="metal" job_id=study:3193:20012 metal_eligible=true ane_eligible=true
2026-09-21T19:07:36.370493Z DEBUG quip_miner_metal::combined: combined route assigned engine="metal" job_id=study:3193:20013 metal_eligible=true ane_eligible=true
2026-09-21T19:07:36.376437Z DEBUG quip_miner_metal::combined: combined route assigned engine="metal" job_id=study:3193:20014 metal_eligible=true ane_eligible=true
2026-09-21T19:07:36.384911Z DEBUG quip_miner_metal::combined: combined route assigned engine="metal" job_id=study:3192:20010 metal_eligible=true ane_eligible=true
2026-09-21T19:07:36.395270Z DEBUG quip_miner_metal::combined: combined route assigned engine="metal" job_id=study:3192:20011 metal_eligible=true ane_eligible=true
2026-09-21T19:07:36.398977Z DEBUG quip_miner_metal::combined: combined route assigned engine="metal" job_id=study:3192:20012 metal_eligible=true ane_eligible=true
2026-09-21T19:07:36.403315Z DEBUG quip_miner_metal::combined: combined route assigned engine="metal" job_id=study:3192:20013 metal_eligible=true ane_eligible=true
2026-09-21T19:07:36.406558Z DEBUG quip_miner_metal::combined: combined route assigned engine="metal" job_id=study:3192:20014 metal_eligible=true ane_eligible=true
2026-09-21T19:07:36.409871Z DEBUG quip_miner_metal::combined: combined route assigned engine="metal" job_id=study:3191:20010 metal_eligible=true ane_eligible=true
2026-09-21T19:07:36.415490Z DEBUG quip_miner_metal::combined: combined route assigned engine="metal" job_id=study:3191:20011 metal_eligible=true ane_eligible=true
2026-09-21T19:07:36.419427Z DEBUG quip_miner_metal::combined: combined route assigned engine="metal" job_id=study:3191:20012 metal_eligible=true ane_eligible=true
2026-09-21T19:07:36.419456Z DEBUG quip_miner_metal::combined: combined route completed engine="metal" job_id=study:3198:20014 outcome="completed" device_access_time_us=2691672
2026-09-21T19:07:36.419465Z DEBUG quip_miner_metal::combined: combined route completed engine="metal" job_id=study:3197:20010 outcome="completed" device_access_time_us=2691672
2026-09-21T19:07:36.419472Z DEBUG quip_miner_metal::combined: combined route completed engine="metal" job_id=study:3197:20011 outcome="completed" device_access_time_us=2691672
2026-09-21T19:07:36.419478Z DEBUG quip_miner_metal::combined: combined route completed engine="metal" job_id=study:3197:20012 outcome="completed" device_access_time_us=2691672
2026-09-21T19:07:36.419483Z DEBUG quip_miner_metal::combined: combined route completed engine="metal" job_id=study:3197:20013 outcome="completed" device_access_time_us=2691672
2026-09-21T19:07:36.419488Z DEBUG quip_miner_metal::combined: combined route completed engine="metal" job_id=study:3197:20014 outcome="completed" device_access_time_us=2691672
2026-09-21T19:07:36.419493Z DEBUG quip_miner_metal::combined: combined route completed engine="metal" job_id=study:3196:20010 outcome="completed" device_access_time_us=2691672
2026-09-21T19:07:36.419497Z DEBUG quip_miner_metal::combined: combined route completed engine="metal" job_id=study:3196:20011 outcome="completed" device_access_time_us=2691672
2026-09-21T19:07:36.419502Z DEBUG quip_miner_metal::combined: combined route completed engine="metal" job_id=study:3196:20012 outcome="completed" device_access_time_us=2691672
2026-09-21T19:07:36.419507Z DEBUG quip_miner_metal::combined: combined route completed engine="metal" job_id=study:3196:20013 outcome="completed" device_access_time_us=2691672
2026-09-21T19:07:36.419511Z DEBUG quip_miner_metal::combined: combined route completed engine="metal" job_id=study:3196:20014 outcome="completed" device_access_time_us=2691672
2026-09-21T19:07:36.419516Z DEBUG quip_miner_metal::combined: combined route completed engine="metal" job_id=study:3195:20010 outcome="completed" device_access_time_us=2691672
2026-09-21T19:07:36.419521Z DEBUG quip_miner_metal::combined: combined route completed engine="metal" job_id=study:3195:20011 outcome="completed" device_access_time_us=2691672
2026-09-21T19:07:36.419526Z DEBUG quip_miner_metal::combined: combined route completed engine="metal" job_id=study:3195:20012 outcome="completed" device_access_time_us=2691672
2026-09-21T19:07:36.419530Z DEBUG quip_miner_metal::combined: combined route completed engine="metal" job_id=study:3195:20013 outcome="completed" device_access_time_us=2691672
2026-09-21T19:07:36.419535Z DEBUG quip_miner_metal::combined: combined route completed engine="metal" job_id=study:3195:20014 outcome="completed" device_access_time_us=2691672
2026-09-21T19:07:36.419544Z DEBUG quip_miner_metal::combined: combined route completed engine="metal" job_id=study:3194:20010 outcome="completed" device_access_time_us=2691672
2026-09-21T19:07:36.419549Z DEBUG quip_miner_metal::combined: combined route completed engine="metal" job_id=study:3194:20011 outcome="completed" device_access_time_us=2691672
2026-09-21T19:07:36.419553Z DEBUG quip_miner_metal::combined: combined route completed engine="metal" job_id=study:3194:20012 outcome="completed" device_access_time_us=2691672
2026-09-21T19:07:36.419558Z DEBUG quip_miner_metal::combined: combined route completed engine="metal" job_id=study:3194:20013 outcome="completed" device_access_time_us=2691672
2026-09-21T19:07:36.423025Z DEBUG quip_miner_metal::combined: combined route assigned engine="metal" job_id=study:3191:20013 metal_eligible=true ane_eligible=true
2026-09-21T19:07:36.426295Z DEBUG quip_miner_metal::combined: combined route assigned engine="metal" job_id=study:3191:20014 metal_eligible=true ane_eligible=true
2026-09-21T19:07:38.082143Z DEBUG quip_miner_metal::combined: combined route completed engine="metal" job_id=study:3194:20014 outcome="completed" device_access_time_us=1384743
2026-09-21T19:07:38.082261Z DEBUG quip_miner_metal::combined: combined route completed engine="metal" job_id=study:3193:20010 outcome="completed" device_access_time_us=1384743
2026-09-21T19:07:38.082275Z DEBUG quip_miner_metal::combined: combined route completed engine="metal" job_id=study:3193:20011 outcome="completed" device_access_time_us=1384743
2026-09-21T19:07:38.082283Z DEBUG quip_miner_metal::combined: combined route completed engine="metal" job_id=study:3193:20012 outcome="completed" device_access_time_us=1384743
2026-09-21T19:07:38.082290Z DEBUG quip_miner_metal::combined: combined route completed engine="metal" job_id=study:3193:20013 outcome="completed" device_access_time_us=1384743
2026-09-21T19:07:38.082296Z DEBUG quip_miner_metal::combined: combined route completed engine="metal" job_id=study:3193:20014 outcome="completed" device_access_time_us=1384743
2026-09-21T19:07:38.082301Z DEBUG quip_miner_metal::combined: combined route completed engine="metal" job_id=study:3192:20010 outcome="completed" device_access_time_us=1384743
2026-09-21T19:07:38.082307Z DEBUG quip_miner_metal::combined: combined route completed engine="metal" job_id=study:3192:20011 outcome="completed" device_access_time_us=1384743
2026-09-21T19:07:38.082313Z DEBUG quip_miner_metal::combined: combined route completed engine="metal" job_id=study:3192:20012 outcome="completed" device_access_time_us=1384743
2026-09-21T19:07:38.082319Z DEBUG quip_miner_metal::combined: combined route completed engine="metal" job_id=study:3192:20013 outcome="completed" device_access_time_us=1384743
2026-09-21T19:07:38.082324Z DEBUG quip_miner_metal::combined: combined route completed engine="metal" job_id=study:3192:20014 outcome="completed" device_access_time_us=1384743
2026-09-21T19:07:38.082329Z DEBUG quip_miner_metal::combined: combined route completed engine="metal" job_id=study:3191:20010 outcome="completed" device_access_time_us=1384743
2026-09-21T19:07:38.082334Z DEBUG quip_miner_metal::combined: combined route completed engine="metal" job_id=study:3191:20011 outcome="completed" device_access_time_us=1384743
2026-09-21T19:07:38.082340Z DEBUG quip_miner_metal::combined: combined route completed engine="metal" job_id=study:3191:20012 outcome="completed" device_access_time_us=1384743
2026-09-21T19:07:38.082345Z DEBUG quip_miner_metal::combined: combined route completed engine="metal" job_id=study:3191:20013 outcome="completed" device_access_time_us=1384743
2026-09-21T19:07:38.082350Z DEBUG quip_miner_metal::combined: combined route completed engine="metal" job_id=study:3191:20014 outcome="completed" device_access_time_us=1384743
2026-09-21T19:07:40.746484Z DEBUG quip_miner_metal::combined: combined route completed engine="ane" job_id=study:3210:20013 outcome="completed" device_access_time_us=10682074
