2026-09-21T19:04:46.984029Z DEBUG quip_miner_metal::combined: combined route assigned engine="ane" job_id=warmup:3250:20000:0 metal_eligible=true ane_eligible=true
2026-09-21T19:04:46.985821Z DEBUG quip_miner_metal::combined: combined route assigned engine="metal" job_id=warmup:3250:20000:1 metal_eligible=true ane_eligible=true
2026-09-21T19:04:48.049458Z DEBUG quip_miner_metal::combined: combined route completed engine="metal" job_id=warmup:3250:20000:1 outcome="completed" device_access_time_us=980985
2026-09-21T19:04:51.891269Z DEBUG quip_miner_metal::combined: combined route completed engine="ane" job_id=warmup:3250:20000:0 outcome="completed" device_access_time_us=4906580
2026-09-21T19:04:51.903238Z DEBUG quip_miner_metal::combined: combined route assigned engine="ane" job_id=study:3250:20000 metal_eligible=true ane_eligible=true
2026-09-21T19:04:51.905065Z DEBUG quip_miner_metal::combined: combined route assigned engine="metal" job_id=study:3250:20001 metal_eligible=true ane_eligible=true
2026-09-21T19:04:51.906809Z DEBUG quip_miner_metal::combined: combined route assigned engine="metal" job_id=study:3250:20002 metal_eligible=true ane_eligible=true
2026-09-21T19:04:51.908623Z DEBUG quip_miner_metal::combined: combined route assigned engine="metal" job_id=study:3250:20003 metal_eligible=true ane_eligible=true
2026-09-21T19:04:51.910306Z DEBUG quip_miner_metal::combined: combined route assigned engine="metal" job_id=study:3250:20004 metal_eligible=true ane_eligible=true
2026-09-21T19:04:51.912125Z DEBUG quip_miner_metal::combined: combined route assigned engine="metal" job_id=study:3249:20000 metal_eligible=true ane_eligible=true
2026-09-21T19:04:51.913888Z DEBUG quip_miner_metal::combined: combined route assigned engine="metal" job_id=study:3249:20001 metal_eligible=true ane_eligible=true
2026-09-21T19:04:51.915679Z DEBUG quip_miner_metal::combined: combined route assigned engine="metal" job_id=study:3249:20002 metal_eligible=true ane_eligible=true
2026-09-21T19:04:51.917559Z DEBUG quip_miner_metal::combined: combined route assigned engine="metal" job_id=study:3249:20003 metal_eligible=true ane_eligible=true
2026-09-21T19:04:51.919472Z DEBUG quip_miner_metal::combined: combined route assigned engine="metal" job_id=study:3249:20004 metal_eligible=true ane_eligible=true
2026-09-21T19:04:51.921374Z DEBUG quip_miner_metal::combined: combined route assigned engine="metal" job_id=study:3248:20000 metal_eligible=true ane_eligible=true
2026-09-21T19:04:51.923207Z DEBUG quip_miner_metal::combined: combined route assigned engine="metal" job_id=study:3248:20001 metal_eligible=true ane_eligible=true
2026-09-21T19:04:51.924968Z DEBUG quip_miner_metal::combined: combined route assigned engine="metal" job_id=study:3248:20002 metal_eligible=true ane_eligible=true
2026-09-21T19:04:51.926824Z DEBUG quip_miner_metal::combined: combined route assigned engine="metal" job_id=study:3248:20003 metal_eligible=true ane_eligible=true
2026-09-21T19:04:51.928757Z DEBUG quip_miner_metal::combined: combined route assigned engine="metal" job_id=study:3248:20004 metal_eligible=true ane_eligible=true
2026-09-21T19:04:51.930630Z DEBUG quip_miner_metal::combined: combined route assigned engine="metal" job_id=study:3247:20000 metal_eligible=true ane_eligible=true
2026-09-21T19:04:51.932444Z DEBUG quip_miner_metal::combined: combined route assigned engine="metal" job_id=study:3247:20001 metal_eligible=true ane_eligible=true
2026-09-21T19:04:51.934277Z DEBUG quip_miner_metal::combined: combined route assigned engine="metal" job_id=study:3247:20002 metal_eligible=true ane_eligible=true
2026-09-21T19:04:51.936204Z DEBUG quip_miner_metal::combined: combined route assigned engine="metal" job_id=study:3247:20003 metal_eligible=true ane_eligible=true
2026-09-21T19:04:51.938158Z DEBUG quip_miner_metal::combined: combined route assigned engine="metal" job_id=study:3247:20004 metal_eligible=true ane_eligible=true
2026-09-21T19:04:51.939919Z DEBUG quip_miner_metal::combined: combined route assigned engine="metal" job_id=study:3246:20000 metal_eligible=true ane_eligible=true
2026-09-21T19:04:51.941784Z DEBUG quip_miner_metal::combined: combined route assigned engine="metal" job_id=study:3246:20001 metal_eligible=true ane_eligible=true
2026-09-21T19:04:51.943780Z DEBUG quip_miner_metal::combined: combined route assigned engine="metal" job_id=study:3246:20002 metal_eligible=true ane_eligible=true
2026-09-21T19:04:51.945560Z DEBUG quip_miner_metal::combined: combined route assigned engine="metal" job_id=study:3246:20003 metal_eligible=true ane_eligible=true
2026-09-21T19:04:51.947429Z DEBUG quip_miner_metal::combined: combined route assigned engine="metal" job_id=study:3246:20004 metal_eligible=true ane_eligible=true
2026-09-21T19:04:51.949341Z DEBUG quip_miner_metal::combined: combined route assigned engine="metal" job_id=study:3245:20000 metal_eligible=true ane_eligible=true
2026-09-21T19:04:51.951198Z DEBUG quip_miner_metal::combined: combined route assigned engine="metal" job_id=study:3245:20001 metal_eligible=true ane_eligible=true
2026-09-21T19:04:51.952970Z DEBUG quip_miner_metal::combined: combined route assigned engine="metal" job_id=study:3245:20002 metal_eligible=true ane_eligible=true
2026-09-21T19:04:51.954834Z DEBUG quip_miner_metal::combined: combined route assigned engine="metal" job_id=study:3245:20003 metal_eligible=true ane_eligible=true
2026-09-21T19:04:51.956668Z DEBUG quip_miner_metal::combined: combined route assigned engine="metal" job_id=study:3245:20004 metal_eligible=true ane_eligible=true
2026-09-21T19:04:51.958527Z DEBUG quip_miner_metal::combined: combined route assigned engine="metal" job_id=study:3244:20000 metal_eligible=true ane_eligible=true
2026-09-21T19:04:51.960465Z DEBUG quip_miner_metal::combined: combined route assigned engine="metal" job_id=study:3244:20001 metal_eligible=true ane_eligible=true
2026-09-21T19:04:51.962194Z DEBUG quip_miner_metal::combined: combined route assigned engine="metal" job_id=study:3244:20002 metal_eligible=true ane_eligible=true
2026-09-21T19:04:51.964117Z DEBUG quip_miner_metal::combined: combined route assigned engine="metal" job_id=study:3244:20003 metal_eligible=true ane_eligible=true
2026-09-21T19:04:51.965865Z DEBUG quip_miner_metal::combined: combined route assigned engine="metal" job_id=study:3244:20004 metal_eligible=true ane_eligible=true
2026-09-21T19:04:51.967796Z DEBUG quip_miner_metal::combined: combined route assigned engine="metal" job_id=study:3243:20000 metal_eligible=true ane_eligible=true
2026-09-21T19:04:51.969656Z DEBUG quip_miner_metal::combined: combined route assigned engine="metal" job_id=study:3243:20001 metal_eligible=true ane_eligible=true
2026-09-21T19:04:51.971579Z DEBUG quip_miner_metal::combined: combined route assigned engine="metal" job_id=study:3243:20002 metal_eligible=true ane_eligible=true
2026-09-21T19:04:51.973481Z DEBUG quip_miner_metal::combined: combined route assigned engine="metal" job_id=study:3243:20003 metal_eligible=true ane_eligible=true
2026-09-21T19:04:51.975345Z DEBUG quip_miner_metal::combined: combined route assigned engine="metal" job_id=study:3243:20004 metal_eligible=true ane_eligible=true
2026-09-21T19:04:51.977161Z DEBUG quip_miner_metal::combined: combined route assigned engine="metal" job_id=study:3242:20000 metal_eligible=true ane_eligible=true
2026-09-21T19:04:54.653087Z DEBUG quip_miner_metal::combined: combined route completed engine="metal" job_id=study:3250:20001 outcome="completed" device_access_time_us=2564246
2026-09-21T19:04:54.653354Z DEBUG quip_miner_metal::combined: combined route completed engine="metal" job_id=study:3250:20002 outcome="completed" device_access_time_us=2564246
2026-09-21T19:04:54.653375Z DEBUG quip_miner_metal::combined: combined route completed engine="metal" job_id=study:3250:20003 outcome="completed" device_access_time_us=2564246
2026-09-21T19:04:54.653382Z DEBUG quip_miner_metal::combined: combined route completed engine="metal" job_id=study:3250:20004 outcome="completed" device_access_time_us=2564246
2026-09-21T19:04:54.653387Z DEBUG quip_miner_metal::combined: combined route completed engine="metal" job_id=study:3249:20000 outcome="completed" device_access_time_us=2564246
2026-09-21T19:04:54.653407Z DEBUG quip_miner_metal::combined: combined route completed engine="metal" job_id=study:3249:20001 outcome="completed" device_access_time_us=2564246
2026-09-21T19:04:54.653412Z DEBUG quip_miner_metal::combined: combined route completed engine="metal" job_id=study:3249:20002 outcome="completed" device_access_time_us=2564246
2026-09-21T19:04:54.653417Z DEBUG quip_miner_metal::combined: combined route completed engine="metal" job_id=study:3249:20003 outcome="completed" device_access_time_us=2564246
2026-09-21T19:04:54.653421Z DEBUG quip_miner_metal::combined: combined route completed engine="metal" job_id=study:3249:20004 outcome="completed" device_access_time_us=2564246
2026-09-21T19:04:54.653425Z DEBUG quip_miner_metal::combined: combined route completed engine="metal" job_id=study:3248:20000 outcome="completed" device_access_time_us=2564246
2026-09-21T19:04:54.653429Z DEBUG quip_miner_metal::combined: combined route completed engine="metal" job_id=study:3248:20001 outcome="completed" device_access_time_us=2564246
2026-09-21T19:04:54.653433Z DEBUG quip_miner_metal::combined: combined route completed engine="metal" job_id=study:3248:20002 outcome="completed" device_access_time_us=2564246
2026-09-21T19:04:54.653437Z DEBUG quip_miner_metal::combined: combined route completed engine="metal" job_id=study:3248:20003 outcome="completed" device_access_time_us=2564246
2026-09-21T19:04:54.653440Z DEBUG quip_miner_metal::combined: combined route completed engine="metal" job_id=study:3248:20004 outcome="completed" device_access_time_us=2564246
2026-09-21T19:04:54.653444Z DEBUG quip_miner_metal::combined: combined route completed engine="metal" job_id=study:3247:20000 outcome="completed" device_access_time_us=2564246
2026-09-21T19:04:54.653448Z DEBUG quip_miner_metal::combined: combined route completed engine="metal" job_id=study:3247:20001 outcome="completed" device_access_time_us=2564246
2026-09-21T19:04:54.653452Z DEBUG quip_miner_metal::combined: combined route completed engine="metal" job_id=study:3247:20002 outcome="completed" device_access_time_us=2564246
2026-09-21T19:04:54.653455Z DEBUG quip_miner_metal::combined: combined route completed engine="metal" job_id=study:3247:20003 outcome="completed" device_access_time_us=2564246
2026-09-21T19:04:54.653459Z DEBUG quip_miner_metal::combined: combined route completed engine="metal" job_id=study:3247:20004 outcome="completed" device_access_time_us=2564246
2026-09-21T19:04:54.653631Z DEBUG quip_miner_metal::combined: combined route completed engine="metal" job_id=study:3246:20000 outcome="completed" device_access_time_us=2564246
2026-09-21T19:04:54.659417Z DEBUG quip_miner_metal::combined: combined route assigned engine="metal" job_id=study:3242:20001 metal_eligible=true ane_eligible=true
2026-09-21T19:04:54.686961Z DEBUG quip_miner_metal::combined: combined route assigned engine="metal" job_id=study:3242:20002 metal_eligible=true ane_eligible=true
2026-09-21T19:04:54.693061Z DEBUG quip_miner_metal::combined: combined route assigned engine="metal" job_id=study:3242:20003 metal_eligible=true ane_eligible=true
2026-09-21T19:04:54.697916Z DEBUG quip_miner_metal::combined: combined route assigned engine="metal" job_id=study:3242:20004 metal_eligible=true ane_eligible=true
2026-09-21T19:04:54.701477Z DEBUG quip_miner_metal::combined: combined route assigned engine="metal" job_id=study:3241:20000 metal_eligible=true ane_eligible=true
2026-09-21T19:04:54.704875Z DEBUG quip_miner_metal::combined: combined route assigned engine="metal" job_id=study:3241:20001 metal_eligible=true ane_eligible=true
2026-09-21T19:04:54.708625Z DEBUG quip_miner_metal::combined: combined route assigned engine="metal" job_id=study:3241:20002 metal_eligible=true ane_eligible=true
2026-09-21T19:04:54.729169Z DEBUG quip_miner_metal::combined: combined route assigned engine="metal" job_id=study:3241:20003 metal_eligible=true ane_eligible=true
2026-09-21T19:04:54.756066Z DEBUG quip_miner_metal::combined: combined route assigned engine="metal" job_id=study:3241:20004 metal_eligible=true ane_eligible=true
2026-09-21T19:04:54.759681Z DEBUG quip_miner_metal::combined: combined route assigned engine="metal" job_id=study:3240:20000 metal_eligible=true ane_eligible=true
2026-09-21T19:04:54.764250Z DEBUG quip_miner_metal::combined: combined route assigned engine="metal" job_id=study:3240:20001 metal_eligible=true ane_eligible=true
2026-09-21T19:04:54.764298Z DEBUG quip_miner_metal::combined: combined route completed engine="metal" job_id=study:3246:20001 outcome="completed" device_access_time_us=2393025
2026-09-21T19:04:54.764309Z DEBUG quip_miner_metal::combined: combined route completed engine="metal" job_id=study:3246:20002 outcome="completed" device_access_time_us=2393025
2026-09-21T19:04:54.764315Z DEBUG quip_miner_metal::combined: combined route completed engine="metal" job_id=study:3246:20003 outcome="completed" device_access_time_us=2393025
2026-09-21T19:04:54.764321Z DEBUG quip_miner_metal::combined: combined route completed engine="metal" job_id=study:3246:20004 outcome="completed" device_access_time_us=2393025
2026-09-21T19:04:54.764327Z DEBUG quip_miner_metal::combined: combined route completed engine="metal" job_id=study:3245:20000 outcome="completed" device_access_time_us=2393025
2026-09-21T19:04:54.764333Z DEBUG quip_miner_metal::combined: combined route completed engine="metal" job_id=study:3245:20001 outcome="completed" device_access_time_us=2393025
2026-09-21T19:04:54.764338Z DEBUG quip_miner_metal::combined: combined route completed engine="metal" job_id=study:3245:20002 outcome="completed" device_access_time_us=2393025
2026-09-21T19:04:54.764343Z DEBUG quip_miner_metal::combined: combined route completed engine="metal" job_id=study:3245:20003 outcome="completed" device_access_time_us=2393025
2026-09-21T19:04:54.764347Z DEBUG quip_miner_metal::combined: combined route completed engine="metal" job_id=study:3245:20004 outcome="completed" device_access_time_us=2393025
2026-09-21T19:04:54.764352Z DEBUG quip_miner_metal::combined: combined route completed engine="metal" job_id=study:3244:20000 outcome="completed" device_access_time_us=2393025
2026-09-21T19:04:54.764356Z DEBUG quip_miner_metal::combined: combined route completed engine="metal" job_id=study:3244:20001 outcome="completed" device_access_time_us=2393025
2026-09-21T19:04:54.764362Z DEBUG quip_miner_metal::combined: combined route completed engine="metal" job_id=study:3244:20002 outcome="completed" device_access_time_us=2393025
2026-09-21T19:04:54.764367Z DEBUG quip_miner_metal::combined: combined route completed engine="metal" job_id=study:3244:20003 outcome="completed" device_access_time_us=2393025
2026-09-21T19:04:54.764372Z DEBUG quip_miner_metal::combined: combined route completed engine="metal" job_id=study:3244:20004 outcome="completed" device_access_time_us=2393025
2026-09-21T19:04:54.764376Z DEBUG quip_miner_metal::combined: combined route completed engine="metal" job_id=study:3243:20000 outcome="completed" device_access_time_us=2393025
2026-09-21T19:04:54.764381Z DEBUG quip_miner_metal::combined: combined route completed engine="metal" job_id=study:3243:20001 outcome="completed" device_access_time_us=2393025
2026-09-21T19:04:54.764386Z DEBUG quip_miner_metal::combined: combined route completed engine="metal" job_id=study:3243:20002 outcome="completed" device_access_time_us=2393025
2026-09-21T19:04:54.764390Z DEBUG quip_miner_metal::combined: combined route completed engine="metal" job_id=study:3243:20003 outcome="completed" device_access_time_us=2393025
2026-09-21T19:04:54.764395Z DEBUG quip_miner_metal::combined: combined route completed engine="metal" job_id=study:3243:20004 outcome="completed" device_access_time_us=2393025
2026-09-21T19:04:54.764400Z DEBUG quip_miner_metal::combined: combined route completed engine="metal" job_id=study:3242:20000 outcome="completed" device_access_time_us=2393025
2026-09-21T19:04:54.770679Z DEBUG quip_miner_metal::combined: combined route assigned engine="metal" job_id=study:3240:20002 metal_eligible=true ane_eligible=true
2026-09-21T19:04:54.773717Z DEBUG quip_miner_metal::combined: combined route assigned engine="metal" job_id=study:3240:20003 metal_eligible=true ane_eligible=true
2026-09-21T19:04:54.776688Z DEBUG quip_miner_metal::combined: combined route assigned engine="metal" job_id=study:3240:20004 metal_eligible=true ane_eligible=true
2026-09-21T19:04:54.779531Z DEBUG quip_miner_metal::combined: combined route assigned engine="metal" job_id=study:3239:20000 metal_eligible=true ane_eligible=true
2026-09-21T19:04:54.782669Z DEBUG quip_miner_metal::combined: combined route assigned engine="metal" job_id=study:3239:20001 metal_eligible=true ane_eligible=true
2026-09-21T19:04:54.785572Z DEBUG quip_miner_metal::combined: combined route assigned engine="metal" job_id=study:3239:20002 metal_eligible=true ane_eligible=true
2026-09-21T19:04:54.788585Z DEBUG quip_miner_metal::combined: combined route assigned engine="metal" job_id=study:3239:20003 metal_eligible=true ane_eligible=true
2026-09-21T19:04:54.791771Z DEBUG quip_miner_metal::combined: combined route assigned engine="metal" job_id=study:3239:20004 metal_eligible=true ane_eligible=true
2026-09-21T19:04:54.794793Z DEBUG quip_miner_metal::combined: combined route assigned engine="metal" job_id=study:3238:20000 metal_eligible=true ane_eligible=true
2026-09-21T19:04:54.797658Z DEBUG quip_miner_metal::combined: combined route assigned engine="metal" job_id=study:3238:20001 metal_eligible=true ane_eligible=true
2026-09-21T19:04:54.800461Z DEBUG quip_miner_metal::combined: combined route assigned engine="metal" job_id=study:3238:20002 metal_eligible=true ane_eligible=true
2026-09-21T19:04:54.803601Z DEBUG quip_miner_metal::combined: combined route assigned engine="metal" job_id=study:3238:20003 metal_eligible=true ane_eligible=true
2026-09-21T19:04:54.806386Z DEBUG quip_miner_metal::combined: combined route assigned engine="metal" job_id=study:3238:20004 metal_eligible=true ane_eligible=true
2026-09-21T19:04:54.809164Z DEBUG quip_miner_metal::combined: combined route assigned engine="metal" job_id=study:3237:20000 metal_eligible=true ane_eligible=true
2026-09-21T19:04:54.812132Z DEBUG quip_miner_metal::combined: combined route assigned engine="metal" job_id=study:3237:20001 metal_eligible=true ane_eligible=true
2026-09-21T19:04:54.815039Z DEBUG quip_miner_metal::combined: combined route assigned engine="metal" job_id=study:3237:20002 metal_eligible=true ane_eligible=true
2026-09-21T19:04:54.817846Z DEBUG quip_miner_metal::combined: combined route assigned engine="metal" job_id=study:3237:20003 metal_eligible=true ane_eligible=true
2026-09-21T19:04:54.820719Z DEBUG quip_miner_metal::combined: combined route assigned engine="metal" job_id=study:3237:20004 metal_eligible=true ane_eligible=true
2026-09-21T19:04:54.823377Z DEBUG quip_miner_metal::combined: combined route assigned engine="metal" job_id=study:3236:20000 metal_eligible=true ane_eligible=true
2026-09-21T19:04:54.826398Z DEBUG quip_miner_metal::combined: combined route assigned engine="metal" job_id=study:3236:20001 metal_eligible=true ane_eligible=true
2026-09-21T19:04:54.829637Z DEBUG quip_miner_metal::combined: combined route assigned engine="metal" job_id=study:3236:20002 metal_eligible=true ane_eligible=true
2026-09-21T19:04:54.832626Z DEBUG quip_miner_metal::combined: combined route assigned engine="metal" job_id=study:3236:20003 metal_eligible=true ane_eligible=true
2026-09-21T19:04:54.835858Z DEBUG quip_miner_metal::combined: combined route assigned engine="metal" job_id=study:3236:20004 metal_eligible=true ane_eligible=true
2026-09-21T19:04:54.838889Z DEBUG quip_miner_metal::combined: combined route assigned engine="metal" job_id=study:3235:20000 metal_eligible=true ane_eligible=true
2026-09-21T19:04:54.841929Z DEBUG quip_miner_metal::combined: combined route assigned engine="metal" job_id=study:3235:20001 metal_eligible=true ane_eligible=true
2026-09-21T19:04:54.845279Z DEBUG quip_miner_metal::combined: combined route assigned engine="metal" job_id=study:3235:20002 metal_eligible=true ane_eligible=true
2026-09-21T19:04:54.848196Z DEBUG quip_miner_metal::combined: combined route assigned engine="metal" job_id=study:3235:20003 metal_eligible=true ane_eligible=true
2026-09-21T19:04:54.851407Z DEBUG quip_miner_metal::combined: combined route assigned engine="metal" job_id=study:3235:20004 metal_eligible=true ane_eligible=true
2026-09-21T19:04:54.855626Z DEBUG quip_miner_metal::combined: combined route assigned engine="metal" job_id=study:3234:20000 metal_eligible=true ane_eligible=true
2026-09-21T19:04:58.397719Z DEBUG quip_miner_metal::combined: combined route completed engine="metal" job_id=study:3242:20001 outcome="completed" device_access_time_us=3386178
2026-09-21T19:04:58.397764Z DEBUG quip_miner_metal::combined: combined route completed engine="metal" job_id=study:3242:20002 outcome="completed" device_access_time_us=3386178
2026-09-21T19:04:58.397773Z DEBUG quip_miner_metal::combined: combined route completed engine="metal" job_id=study:3242:20003 outcome="completed" device_access_time_us=3386178
2026-09-21T19:04:58.397779Z DEBUG quip_miner_metal::combined: combined route completed engine="metal" job_id=study:3242:20004 outcome="completed" device_access_time_us=3386178
2026-09-21T19:04:58.397784Z DEBUG quip_miner_metal::combined: combined route completed engine="metal" job_id=study:3241:20000 outcome="completed" device_access_time_us=3386178
2026-09-21T19:04:58.397788Z DEBUG quip_miner_metal::combined: combined route completed engine="metal" job_id=study:3241:20001 outcome="completed" device_access_time_us=3386178
2026-09-21T19:04:58.397792Z DEBUG quip_miner_metal::combined: combined route completed engine="metal" job_id=study:3241:20002 outcome="completed" device_access_time_us=3386178
2026-09-21T19:04:58.397796Z DEBUG quip_miner_metal::combined: combined route completed engine="metal" job_id=study:3241:20003 outcome="completed" device_access_time_us=3386178
2026-09-21T19:04:58.397800Z DEBUG quip_miner_metal::combined: combined route completed engine="metal" job_id=study:3241:20004 outcome="completed" device_access_time_us=3386178
2026-09-21T19:04:58.397804Z DEBUG quip_miner_metal::combined: combined route completed engine="metal" job_id=study:3240:20000 outcome="completed" device_access_time_us=3386178
2026-09-21T19:04:58.397807Z DEBUG quip_miner_metal::combined: combined route completed engine="metal" job_id=study:3240:20001 outcome="completed" device_access_time_us=3386178
2026-09-21T19:04:58.397811Z DEBUG quip_miner_metal::combined: combined route completed engine="metal" job_id=study:3240:20002 outcome="completed" device_access_time_us=3386178
2026-09-21T19:04:58.397815Z DEBUG quip_miner_metal::combined: combined route completed engine="metal" job_id=study:3240:20003 outcome="completed" device_access_time_us=3386178
2026-09-21T19:04:58.397819Z DEBUG quip_miner_metal::combined: combined route completed engine="metal" job_id=study:3240:20004 outcome="completed" device_access_time_us=3386178
2026-09-21T19:04:58.397823Z DEBUG quip_miner_metal::combined: combined route completed engine="metal" job_id=study:3239:20000 outcome="completed" device_access_time_us=3386178
2026-09-21T19:04:58.397827Z DEBUG quip_miner_metal::combined: combined route completed engine="metal" job_id=study:3239:20001 outcome="completed" device_access_time_us=3386178
2026-09-21T19:04:58.397831Z DEBUG quip_miner_metal::combined: combined route completed engine="metal" job_id=study:3239:20002 outcome="completed" device_access_time_us=3386178
2026-09-21T19:04:58.397835Z DEBUG quip_miner_metal::combined: combined route completed engine="metal" job_id=study:3239:20003 outcome="completed" device_access_time_us=3386178
2026-09-21T19:04:58.397839Z DEBUG quip_miner_metal::combined: combined route completed engine="metal" job_id=study:3239:20004 outcome="completed" device_access_time_us=3386178
2026-09-21T19:04:58.397842Z DEBUG quip_miner_metal::combined: combined route completed engine="metal" job_id=study:3238:20000 outcome="completed" device_access_time_us=3386178
2026-09-21T19:04:58.400555Z DEBUG quip_miner_metal::combined: combined route assigned engine="metal" job_id=study:3234:20001 metal_eligible=true ane_eligible=true
2026-09-21T19:04:58.403559Z DEBUG quip_miner_metal::combined: combined route assigned engine="metal" job_id=study:3234:20002 metal_eligible=true ane_eligible=true
2026-09-21T19:04:58.406565Z DEBUG quip_miner_metal::combined: combined route assigned engine="metal" job_id=study:3234:20003 metal_eligible=true ane_eligible=true
2026-09-21T19:04:58.420182Z DEBUG quip_miner_metal::combined: combined route assigned engine="metal" job_id=study:3234:20004 metal_eligible=true ane_eligible=true
2026-09-21T19:04:58.423553Z DEBUG quip_miner_metal::combined: combined route assigned engine="metal" job_id=study:3233:20000 metal_eligible=true ane_eligible=true
2026-09-21T19:04:58.429093Z DEBUG quip_miner_metal::combined: combined route assigned engine="metal" job_id=study:3233:20001 metal_eligible=true ane_eligible=true
2026-09-21T19:04:58.433598Z DEBUG quip_miner_metal::combined: combined route assigned engine="metal" job_id=study:3233:20002 metal_eligible=true ane_eligible=true
2026-09-21T19:04:58.433628Z DEBUG quip_miner_metal::combined: combined route completed engine="metal" job_id=study:3238:20001 outcome="completed" device_access_time_us=3270131
2026-09-21T19:04:58.433636Z DEBUG quip_miner_metal::combined: combined route completed engine="metal" job_id=study:3238:20002 outcome="completed" device_access_time_us=3270131
2026-09-21T19:04:58.433642Z DEBUG quip_miner_metal::combined: combined route completed engine="metal" job_id=study:3238:20003 outcome="completed" device_access_time_us=3270131
2026-09-21T19:04:58.433653Z DEBUG quip_miner_metal::combined: combined route completed engine="metal" job_id=study:3238:20004 outcome="completed" device_access_time_us=3270131
2026-09-21T19:04:58.433659Z DEBUG quip_miner_metal::combined: combined route completed engine="metal" job_id=study:3237:20000 outcome="completed" device_access_time_us=3270131
2026-09-21T19:04:58.433665Z DEBUG quip_miner_metal::combined: combined route completed engine="metal" job_id=study:3237:20001 outcome="completed" device_access_time_us=3270131
2026-09-21T19:04:58.433675Z DEBUG quip_miner_metal::combined: combined route completed engine="metal" job_id=study:3237:20002 outcome="completed" device_access_time_us=3270131
2026-09-21T19:04:58.433681Z DEBUG quip_miner_metal::combined: combined route completed engine="metal" job_id=study:3237:20003 outcome="completed" device_access_time_us=3270131
2026-09-21T19:04:58.433686Z DEBUG quip_miner_metal::combined: combined route completed engine="metal" job_id=study:3237:20004 outcome="completed" device_access_time_us=3270131
2026-09-21T19:04:58.433691Z DEBUG quip_miner_metal::combined: combined route completed engine="metal" job_id=study:3236:20000 outcome="completed" device_access_time_us=3270131
2026-09-21T19:04:58.433696Z DEBUG quip_miner_metal::combined: combined route completed engine="metal" job_id=study:3236:20001 outcome="completed" device_access_time_us=3270131
2026-09-21T19:04:58.433701Z DEBUG quip_miner_metal::combined: combined route completed engine="metal" job_id=study:3236:20002 outcome="completed" device_access_time_us=3270131
2026-09-21T19:04:58.433705Z DEBUG quip_miner_metal::combined: combined route completed engine="metal" job_id=study:3236:20003 outcome="completed" device_access_time_us=3270131
2026-09-21T19:04:58.433710Z DEBUG quip_miner_metal::combined: combined route completed engine="metal" job_id=study:3236:20004 outcome="completed" device_access_time_us=3270131
2026-09-21T19:04:58.433714Z DEBUG quip_miner_metal::combined: combined route completed engine="metal" job_id=study:3235:20000 outcome="completed" device_access_time_us=3270131
2026-09-21T19:04:58.433719Z DEBUG quip_miner_metal::combined: combined route completed engine="metal" job_id=study:3235:20001 outcome="completed" device_access_time_us=3270131
2026-09-21T19:04:58.433723Z DEBUG quip_miner_metal::combined: combined route completed engine="metal" job_id=study:3235:20002 outcome="completed" device_access_time_us=3270131
2026-09-21T19:04:58.433728Z DEBUG quip_miner_metal::combined: combined route completed engine="metal" job_id=study:3235:20003 outcome="completed" device_access_time_us=3270131
2026-09-21T19:04:58.433746Z DEBUG quip_miner_metal::combined: combined route completed engine="metal" job_id=study:3235:20004 outcome="completed" device_access_time_us=3270131
2026-09-21T19:04:58.434015Z DEBUG quip_miner_metal::combined: combined route completed engine="metal" job_id=study:3234:20000 outcome="completed" device_access_time_us=3270131
2026-09-21T19:04:58.438151Z DEBUG quip_miner_metal::combined: combined route assigned engine="metal" job_id=study:3233:20003 metal_eligible=true ane_eligible=true
2026-09-21T19:04:58.442129Z DEBUG quip_miner_metal::combined: combined route assigned engine="metal" job_id=study:3233:20004 metal_eligible=true ane_eligible=true
2026-09-21T19:04:58.446505Z DEBUG quip_miner_metal::combined: combined route assigned engine="metal" job_id=study:3232:20000 metal_eligible=true ane_eligible=true
2026-09-21T19:04:58.450278Z DEBUG quip_miner_metal::combined: combined route assigned engine="metal" job_id=study:3232:20001 metal_eligible=true ane_eligible=true
2026-09-21T19:04:58.454761Z DEBUG quip_miner_metal::combined: combined route assigned engine="metal" job_id=study:3232:20002 metal_eligible=true ane_eligible=true
2026-09-21T19:04:58.458746Z DEBUG quip_miner_metal::combined: combined route assigned engine="metal" job_id=study:3232:20003 metal_eligible=true ane_eligible=true
2026-09-21T19:04:58.463308Z DEBUG quip_miner_metal::combined: combined route assigned engine="metal" job_id=study:3232:20004 metal_eligible=true ane_eligible=true
2026-09-21T19:04:58.468711Z DEBUG quip_miner_metal::combined: combined route assigned engine="metal" job_id=study:3231:20000 metal_eligible=true ane_eligible=true
2026-09-21T19:04:58.473233Z DEBUG quip_miner_metal::combined: combined route assigned engine="metal" job_id=study:3231:20001 metal_eligible=true ane_eligible=true
2026-09-21T19:04:58.477257Z DEBUG quip_miner_metal::combined: combined route assigned engine="metal" job_id=study:3231:20002 metal_eligible=true ane_eligible=true
2026-09-21T19:04:58.480668Z DEBUG quip_miner_metal::combined: combined route assigned engine="metal" job_id=study:3231:20003 metal_eligible=true ane_eligible=true
2026-09-21T19:04:58.483932Z DEBUG quip_miner_metal::combined: combined route assigned engine="metal" job_id=study:3231:20004 metal_eligible=true ane_eligible=true
2026-09-21T19:04:58.487500Z DEBUG quip_miner_metal::combined: combined route assigned engine="metal" job_id=study:3230:20000 metal_eligible=true ane_eligible=true
2026-09-21T19:04:58.490817Z DEBUG quip_miner_metal::combined: combined route assigned engine="metal" job_id=study:3230:20001 metal_eligible=true ane_eligible=true
2026-09-21T19:04:58.494766Z DEBUG quip_miner_metal::combined: combined route assigned engine="metal" job_id=study:3230:20002 metal_eligible=true ane_eligible=true
2026-09-21T19:04:58.498456Z DEBUG quip_miner_metal::combined: combined route assigned engine="metal" job_id=study:3230:20003 metal_eligible=true ane_eligible=true
2026-09-21T19:04:58.502247Z DEBUG quip_miner_metal::combined: combined route assigned engine="metal" job_id=study:3230:20004 metal_eligible=true ane_eligible=true
2026-09-21T19:04:58.505702Z DEBUG quip_miner_metal::combined: combined route assigned engine="metal" job_id=study:3229:20000 metal_eligible=true ane_eligible=true
2026-09-21T19:04:58.509160Z DEBUG quip_miner_metal::combined: combined route assigned engine="metal" job_id=study:3229:20001 metal_eligible=true ane_eligible=true
2026-09-21T19:04:58.513072Z DEBUG quip_miner_metal::combined: combined route assigned engine="metal" job_id=study:3229:20002 metal_eligible=true ane_eligible=true
2026-09-21T19:04:58.516668Z DEBUG quip_miner_metal::combined: combined route assigned engine="metal" job_id=study:3229:20003 metal_eligible=true ane_eligible=true
2026-09-21T19:04:58.519785Z DEBUG quip_miner_metal::combined: combined route assigned engine="metal" job_id=study:3229:20004 metal_eligible=true ane_eligible=true
2026-09-21T19:04:58.524072Z DEBUG quip_miner_metal::combined: combined route assigned engine="metal" job_id=study:3228:20000 metal_eligible=true ane_eligible=true
2026-09-21T19:04:58.529604Z DEBUG quip_miner_metal::combined: combined route assigned engine="metal" job_id=study:3228:20001 metal_eligible=true ane_eligible=true
2026-09-21T19:04:58.535030Z DEBUG quip_miner_metal::combined: combined route assigned engine="metal" job_id=study:3228:20002 metal_eligible=true ane_eligible=true
2026-09-21T19:04:58.541809Z DEBUG quip_miner_metal::combined: combined route assigned engine="metal" job_id=study:3228:20003 metal_eligible=true ane_eligible=true
2026-09-21T19:04:58.546636Z DEBUG quip_miner_metal::combined: combined route assigned engine="metal" job_id=study:3228:20004 metal_eligible=true ane_eligible=true
2026-09-21T19:04:58.552540Z DEBUG quip_miner_metal::combined: combined route assigned engine="metal" job_id=study:3227:20000 metal_eligible=true ane_eligible=true
2026-09-21T19:04:58.558593Z DEBUG quip_miner_metal::combined: combined route assigned engine="metal" job_id=study:3227:20001 metal_eligible=true ane_eligible=true
2026-09-21T19:04:58.562853Z DEBUG quip_miner_metal::combined: combined route assigned engine="metal" job_id=study:3227:20002 metal_eligible=true ane_eligible=true
2026-09-21T19:04:58.566635Z DEBUG quip_miner_metal::combined: combined route assigned engine="metal" job_id=study:3227:20003 metal_eligible=true ane_eligible=true
2026-09-21T19:04:58.570662Z DEBUG quip_miner_metal::combined: combined route assigned engine="metal" job_id=study:3227:20004 metal_eligible=true ane_eligible=true
2026-09-21T19:04:58.574676Z DEBUG quip_miner_metal::combined: combined route assigned engine="metal" job_id=study:3226:20000 metal_eligible=true ane_eligible=true
2026-09-21T19:05:01.788774Z DEBUG quip_miner_metal::combined: combined route completed engine="ane" job_id=study:3250:20000 outcome="completed" device_access_time_us=9884240
2026-09-21T19:05:01.791644Z DEBUG quip_miner_metal::combined: combined route assigned engine="ane" job_id=study:3226:20001 metal_eligible=true ane_eligible=true
2026-09-21T19:05:02.034861Z DEBUG quip_miner_metal::combined: combined route completed engine="metal" job_id=study:3234:20001 outcome="completed" device_access_time_us=3391132
2026-09-21T19:05:02.034922Z DEBUG quip_miner_metal::combined: combined route completed engine="metal" job_id=study:3234:20002 outcome="completed" device_access_time_us=3391132
2026-09-21T19:05:02.034932Z DEBUG quip_miner_metal::combined: combined route completed engine="metal" job_id=study:3234:20003 outcome="completed" device_access_time_us=3391132
2026-09-21T19:05:02.034939Z DEBUG quip_miner_metal::combined: combined route completed engine="metal" job_id=study:3234:20004 outcome="completed" device_access_time_us=3391132
2026-09-21T19:05:02.034946Z DEBUG quip_miner_metal::combined: combined route completed engine="metal" job_id=study:3233:20000 outcome="completed" device_access_time_us=3391132
2026-09-21T19:05:02.034953Z DEBUG quip_miner_metal::combined: combined route completed engine="metal" job_id=study:3233:20001 outcome="completed" device_access_time_us=3391132
2026-09-21T19:05:02.034960Z DEBUG quip_miner_metal::combined: combined route completed engine="metal" job_id=study:3233:20002 outcome="completed" device_access_time_us=3391132
2026-09-21T19:05:02.034967Z DEBUG quip_miner_metal::combined: combined route completed engine="metal" job_id=study:3233:20003 outcome="completed" device_access_time_us=3391132
2026-09-21T19:05:02.034973Z DEBUG quip_miner_metal::combined: combined route completed engine="metal" job_id=study:3233:20004 outcome="completed" device_access_time_us=3391132
2026-09-21T19:05:02.034980Z DEBUG quip_miner_metal::combined: combined route completed engine="metal" job_id=study:3232:20000 outcome="completed" device_access_time_us=3391132
2026-09-21T19:05:02.034986Z DEBUG quip_miner_metal::combined: combined route completed engine="metal" job_id=study:3232:20001 outcome="completed" device_access_time_us=3391132
2026-09-21T19:05:02.034992Z DEBUG quip_miner_metal::combined: combined route completed engine="metal" job_id=study:3232:20002 outcome="completed" device_access_time_us=3391132
2026-09-21T19:05:02.035009Z DEBUG quip_miner_metal::combined: combined route completed engine="metal" job_id=study:3232:20003 outcome="completed" device_access_time_us=3391132
2026-09-21T19:05:02.035014Z DEBUG quip_miner_metal::combined: combined route completed engine="metal" job_id=study:3232:20004 outcome="completed" device_access_time_us=3391132
2026-09-21T19:05:02.035019Z DEBUG quip_miner_metal::combined: combined route completed engine="metal" job_id=study:3231:20000 outcome="completed" device_access_time_us=3391132
2026-09-21T19:05:02.035023Z DEBUG quip_miner_metal::combined: combined route completed engine="metal" job_id=study:3231:20001 outcome="completed" device_access_time_us=3391132
2026-09-21T19:05:02.035028Z DEBUG quip_miner_metal::combined: combined route completed engine="metal" job_id=study:3231:20002 outcome="completed" device_access_time_us=3391132
2026-09-21T19:05:02.035033Z DEBUG quip_miner_metal::combined: combined route completed engine="metal" job_id=study:3231:20003 outcome="completed" device_access_time_us=3391132
2026-09-21T19:05:02.035038Z DEBUG quip_miner_metal::combined: combined route completed engine="metal" job_id=study:3231:20004 outcome="completed" device_access_time_us=3391132
2026-09-21T19:05:02.035042Z DEBUG quip_miner_metal::combined: combined route completed engine="metal" job_id=study:3230:20000 outcome="completed" device_access_time_us=3391132
2026-09-21T19:05:02.038192Z DEBUG quip_miner_metal::combined: combined route assigned engine="metal" job_id=study:3226:20002 metal_eligible=true ane_eligible=true
2026-09-21T19:05:02.041771Z DEBUG quip_miner_metal::combined: combined route assigned engine="metal" job_id=study:3226:20003 metal_eligible=true ane_eligible=true
2026-09-21T19:05:02.045727Z DEBUG quip_miner_metal::combined: combined route assigned engine="metal" job_id=study:3226:20004 metal_eligible=true ane_eligible=true
2026-09-21T19:05:02.050905Z DEBUG quip_miner_metal::combined: combined route assigned engine="metal" job_id=study:3225:20000 metal_eligible=true ane_eligible=true
2026-09-21T19:05:02.057717Z DEBUG quip_miner_metal::combined: combined route assigned engine="metal" job_id=study:3225:20001 metal_eligible=true ane_eligible=true
2026-09-21T19:05:02.065219Z DEBUG quip_miner_metal::combined: combined route assigned engine="metal" job_id=study:3225:20002 metal_eligible=true ane_eligible=true
2026-09-21T19:05:02.076356Z DEBUG quip_miner_metal::combined: combined route assigned engine="metal" job_id=study:3225:20003 metal_eligible=true ane_eligible=true
2026-09-21T19:05:02.081170Z DEBUG quip_miner_metal::combined: combined route assigned engine="metal" job_id=study:3225:20004 metal_eligible=true ane_eligible=true
2026-09-21T19:05:02.095783Z DEBUG quip_miner_metal::combined: combined route assigned engine="metal" job_id=study:3224:20000 metal_eligible=true ane_eligible=true
2026-09-21T19:05:02.113048Z DEBUG quip_miner_metal::combined: combined route assigned engine="metal" job_id=study:3224:20001 metal_eligible=true ane_eligible=true
2026-09-21T19:05:02.119769Z DEBUG quip_miner_metal::combined: combined route assigned engine="metal" job_id=study:3224:20002 metal_eligible=true ane_eligible=true
2026-09-21T19:05:02.127613Z DEBUG quip_miner_metal::combined: combined route assigned engine="metal" job_id=study:3224:20003 metal_eligible=true ane_eligible=true
2026-09-21T19:05:02.131677Z DEBUG quip_miner_metal::combined: combined route assigned engine="metal" job_id=study:3224:20004 metal_eligible=true ane_eligible=true
2026-09-21T19:05:02.134881Z DEBUG quip_miner_metal::combined: combined route assigned engine="metal" job_id=study:3223:20000 metal_eligible=true ane_eligible=true
2026-09-21T19:05:02.138267Z DEBUG quip_miner_metal::combined: combined route assigned engine="metal" job_id=study:3223:20001 metal_eligible=true ane_eligible=true
2026-09-21T19:05:02.138289Z DEBUG quip_miner_metal::combined: combined route completed engine="metal" job_id=study:3230:20001 outcome="completed" device_access_time_us=3201615
2026-09-21T19:05:02.138314Z DEBUG quip_miner_metal::combined: combined route completed engine="metal" job_id=study:3230:20002 outcome="completed" device_access_time_us=3201615
2026-09-21T19:05:02.138320Z DEBUG quip_miner_metal::combined: combined route completed engine="metal" job_id=study:3230:20003 outcome="completed" device_access_time_us=3201615
2026-09-21T19:05:02.138325Z DEBUG quip_miner_metal::combined: combined route completed engine="metal" job_id=study:3230:20004 outcome="completed" device_access_time_us=3201615
2026-09-21T19:05:02.138330Z DEBUG quip_miner_metal::combined: combined route completed engine="metal" job_id=study:3229:20000 outcome="completed" device_access_time_us=3201615
2026-09-21T19:05:02.138334Z DEBUG quip_miner_metal::combined: combined route completed engine="metal" job_id=study:3229:20001 outcome="completed" device_access_time_us=3201615
2026-09-21T19:05:02.138338Z DEBUG quip_miner_metal::combined: combined route completed engine="metal" job_id=study:3229:20002 outcome="completed" device_access_time_us=3201615
2026-09-21T19:05:02.138342Z DEBUG quip_miner_metal::combined: combined route completed engine="metal" job_id=study:3229:20003 outcome="completed" device_access_time_us=3201615
2026-09-21T19:05:02.138346Z DEBUG quip_miner_metal::combined: combined route completed engine="metal" job_id=study:3229:20004 outcome="completed" device_access_time_us=3201615
2026-09-21T19:05:02.138350Z DEBUG quip_miner_metal::combined: combined route completed engine="metal" job_id=study:3228:20000 outcome="completed" device_access_time_us=3201615
2026-09-21T19:05:02.138354Z DEBUG quip_miner_metal::combined: combined route completed engine="metal" job_id=study:3228:20001 outcome="completed" device_access_time_us=3201615
2026-09-21T19:05:02.138358Z DEBUG quip_miner_metal::combined: combined route completed engine="metal" job_id=study:3228:20002 outcome="completed" device_access_time_us=3201615
2026-09-21T19:05:02.138361Z DEBUG quip_miner_metal::combined: combined route completed engine="metal" job_id=study:3228:20003 outcome="completed" device_access_time_us=3201615
2026-09-21T19:05:02.138365Z DEBUG quip_miner_metal::combined: combined route completed engine="metal" job_id=study:3228:20004 outcome="completed" device_access_time_us=3201615
2026-09-21T19:05:02.138369Z DEBUG quip_miner_metal::combined: combined route completed engine="metal" job_id=study:3227:20000 outcome="completed" device_access_time_us=3201615
2026-09-21T19:05:02.138372Z DEBUG quip_miner_metal::combined: combined route completed engine="metal" job_id=study:3227:20001 outcome="completed" device_access_time_us=3201615
2026-09-21T19:05:02.138376Z DEBUG quip_miner_metal::combined: combined route completed engine="metal" job_id=study:3227:20002 outcome="completed" device_access_time_us=3201615
2026-09-21T19:05:02.138379Z DEBUG quip_miner_metal::combined: combined route completed engine="metal" job_id=study:3227:20003 outcome="completed" device_access_time_us=3201615
2026-09-21T19:05:02.138383Z DEBUG quip_miner_metal::combined: combined route completed engine="metal" job_id=study:3227:20004 outcome="completed" device_access_time_us=3201615
2026-09-21T19:05:02.138386Z DEBUG quip_miner_metal::combined: combined route completed engine="metal" job_id=study:3226:20000 outcome="completed" device_access_time_us=3201615
2026-09-21T19:05:02.141371Z DEBUG quip_miner_metal::combined: combined route assigned engine="metal" job_id=study:3223:20002 metal_eligible=true ane_eligible=true
2026-09-21T19:05:02.144177Z DEBUG quip_miner_metal::combined: combined route assigned engine="metal" job_id=study:3223:20003 metal_eligible=true ane_eligible=true
2026-09-21T19:05:02.147632Z DEBUG quip_miner_metal::combined: combined route assigned engine="metal" job_id=study:3223:20004 metal_eligible=true ane_eligible=true
2026-09-21T19:05:02.150291Z DEBUG quip_miner_metal::combined: combined route assigned engine="metal" job_id=study:3222:20000 metal_eligible=true ane_eligible=true
2026-09-21T19:05:02.153934Z DEBUG quip_miner_metal::combined: combined route assigned engine="metal" job_id=study:3222:20001 metal_eligible=true ane_eligible=true
2026-09-21T19:05:02.157636Z DEBUG quip_miner_metal::combined: combined route assigned engine="metal" job_id=study:3222:20002 metal_eligible=true ane_eligible=true
2026-09-21T19:05:02.164072Z DEBUG quip_miner_metal::combined: combined route assigned engine="metal" job_id=study:3222:20003 metal_eligible=true ane_eligible=true
2026-09-21T19:05:02.167526Z DEBUG quip_miner_metal::combined: combined route assigned engine="metal" job_id=study:3222:20004 metal_eligible=true ane_eligible=true
2026-09-21T19:05:02.170841Z DEBUG quip_miner_metal::combined: combined route assigned engine="metal" job_id=study:3221:20000 metal_eligible=true ane_eligible=true
2026-09-21T19:05:02.174028Z DEBUG quip_miner_metal::combined: combined route assigned engine="metal" job_id=study:3221:20001 metal_eligible=true ane_eligible=true
2026-09-21T19:05:02.177181Z DEBUG quip_miner_metal::combined: combined route assigned engine="metal" job_id=study:3221:20002 metal_eligible=true ane_eligible=true
2026-09-21T19:05:02.180466Z DEBUG quip_miner_metal::combined: combined route assigned engine="metal" job_id=study:3221:20003 metal_eligible=true ane_eligible=true
2026-09-21T19:05:02.183469Z DEBUG quip_miner_metal::combined: combined route assigned engine="metal" job_id=study:3221:20004 metal_eligible=true ane_eligible=true
2026-09-21T19:05:02.186599Z DEBUG quip_miner_metal::combined: combined route assigned engine="metal" job_id=study:3220:20000 metal_eligible=true ane_eligible=true
2026-09-21T19:05:02.189879Z DEBUG quip_miner_metal::combined: combined route assigned engine="metal" job_id=study:3220:20001 metal_eligible=true ane_eligible=true
2026-09-21T19:05:02.193104Z DEBUG quip_miner_metal::combined: combined route assigned engine="metal" job_id=study:3220:20002 metal_eligible=true ane_eligible=true
2026-09-21T19:05:02.196430Z DEBUG quip_miner_metal::combined: combined route assigned engine="metal" job_id=study:3220:20003 metal_eligible=true ane_eligible=true
2026-09-21T19:05:02.200266Z DEBUG quip_miner_metal::combined: combined route assigned engine="metal" job_id=study:3220:20004 metal_eligible=true ane_eligible=true
2026-09-21T19:05:02.203547Z DEBUG quip_miner_metal::combined: combined route assigned engine="metal" job_id=study:3219:20000 metal_eligible=true ane_eligible=true
2026-09-21T19:05:02.206678Z DEBUG quip_miner_metal::combined: combined route assigned engine="metal" job_id=study:3219:20001 metal_eligible=true ane_eligible=true
2026-09-21T19:05:02.209809Z DEBUG quip_miner_metal::combined: combined route assigned engine="metal" job_id=study:3219:20002 metal_eligible=true ane_eligible=true
2026-09-21T19:05:02.213046Z DEBUG quip_miner_metal::combined: combined route assigned engine="metal" job_id=study:3219:20003 metal_eligible=true ane_eligible=true
2026-09-21T19:05:02.216232Z DEBUG quip_miner_metal::combined: combined route assigned engine="metal" job_id=study:3219:20004 metal_eligible=true ane_eligible=true
2026-09-21T19:05:02.219061Z DEBUG quip_miner_metal::combined: combined route assigned engine="metal" job_id=study:3218:20000 metal_eligible=true ane_eligible=true
2026-09-21T19:05:02.222088Z DEBUG quip_miner_metal::combined: combined route assigned engine="metal" job_id=study:3218:20001 metal_eligible=true ane_eligible=true
2026-09-21T19:05:06.043602Z DEBUG quip_miner_metal::combined: combined route completed engine="metal" job_id=study:3226:20002 outcome="completed" device_access_time_us=3748090
2026-09-21T19:05:06.043654Z DEBUG quip_miner_metal::combined: combined route completed engine="metal" job_id=study:3226:20003 outcome="completed" device_access_time_us=3748090
2026-09-21T19:05:06.043664Z DEBUG quip_miner_metal::combined: combined route completed engine="metal" job_id=study:3226:20004 outcome="completed" device_access_time_us=3748090
2026-09-21T19:05:06.043670Z DEBUG quip_miner_metal::combined: combined route completed engine="metal" job_id=study:3225:20000 outcome="completed" device_access_time_us=3748090
2026-09-21T19:05:06.043717Z DEBUG quip_miner_metal::combined: combined route completed engine="metal" job_id=study:3225:20001 outcome="completed" device_access_time_us=3748090
2026-09-21T19:05:06.043746Z DEBUG quip_miner_metal::combined: combined route completed engine="metal" job_id=study:3225:20002 outcome="completed" device_access_time_us=3748090
2026-09-21T19:05:06.043754Z DEBUG quip_miner_metal::combined: combined route completed engine="metal" job_id=study:3225:20003 outcome="completed" device_access_time_us=3748090
2026-09-21T19:05:06.043759Z DEBUG quip_miner_metal::combined: combined route completed engine="metal" job_id=study:3225:20004 outcome="completed" device_access_time_us=3748090
2026-09-21T19:05:06.043764Z DEBUG quip_miner_metal::combined: combined route completed engine="metal" job_id=study:3224:20000 outcome="completed" device_access_time_us=3748090
2026-09-21T19:05:06.043768Z DEBUG quip_miner_metal::combined: combined route completed engine="metal" job_id=study:3224:20001 outcome="completed" device_access_time_us=3748090
2026-09-21T19:05:06.043772Z DEBUG quip_miner_metal::combined: combined route completed engine="metal" job_id=study:3224:20002 outcome="completed" device_access_time_us=3748090
2026-09-21T19:05:06.043776Z DEBUG quip_miner_metal::combined: combined route completed engine="metal" job_id=study:3224:20003 outcome="completed" device_access_time_us=3748090
2026-09-21T19:05:06.043779Z DEBUG quip_miner_metal::combined: combined route completed engine="metal" job_id=study:3224:20004 outcome="completed" device_access_time_us=3748090
2026-09-21T19:05:06.043783Z DEBUG quip_miner_metal::combined: combined route completed engine="metal" job_id=study:3223:20000 outcome="completed" device_access_time_us=3748090
2026-09-21T19:05:06.043788Z DEBUG quip_miner_metal::combined: combined route completed engine="metal" job_id=study:3223:20001 outcome="completed" device_access_time_us=3748090
2026-09-21T19:05:06.043792Z DEBUG quip_miner_metal::combined: combined route completed engine="metal" job_id=study:3223:20002 outcome="completed" device_access_time_us=3748090
2026-09-21T19:05:06.043796Z DEBUG quip_miner_metal::combined: combined route completed engine="metal" job_id=study:3223:20003 outcome="completed" device_access_time_us=3748090
2026-09-21T19:05:06.043799Z DEBUG quip_miner_metal::combined: combined route completed engine="metal" job_id=study:3223:20004 outcome="completed" device_access_time_us=3748090
2026-09-21T19:05:06.043803Z DEBUG quip_miner_metal::combined: combined route completed engine="metal" job_id=study:3222:20000 outcome="completed" device_access_time_us=3748090
2026-09-21T19:05:06.043807Z DEBUG quip_miner_metal::combined: combined route completed engine="metal" job_id=study:3222:20001 outcome="completed" device_access_time_us=3748090
2026-09-21T19:05:06.047172Z DEBUG quip_miner_metal::combined: combined route assigned engine="metal" job_id=study:3218:20002 metal_eligible=true ane_eligible=true
2026-09-21T19:05:06.050178Z DEBUG quip_miner_metal::combined: combined route assigned engine="metal" job_id=study:3218:20003 metal_eligible=true ane_eligible=true
2026-09-21T19:05:06.053274Z DEBUG quip_miner_metal::combined: combined route assigned engine="metal" job_id=study:3218:20004 metal_eligible=true ane_eligible=true
2026-09-21T19:05:06.056320Z DEBUG quip_miner_metal::combined: combined route assigned engine="metal" job_id=study:3217:20000 metal_eligible=true ane_eligible=true
2026-09-21T19:05:06.059472Z DEBUG quip_miner_metal::combined: combined route assigned engine="metal" job_id=study:3217:20001 metal_eligible=true ane_eligible=true
2026-09-21T19:05:06.062750Z DEBUG quip_miner_metal::combined: combined route assigned engine="metal" job_id=study:3217:20002 metal_eligible=true ane_eligible=true
2026-09-21T19:05:06.066039Z DEBUG quip_miner_metal::combined: combined route assigned engine="metal" job_id=study:3217:20003 metal_eligible=true ane_eligible=true
2026-09-21T19:05:06.069132Z DEBUG quip_miner_metal::combined: combined route assigned engine="metal" job_id=study:3217:20004 metal_eligible=true ane_eligible=true
2026-09-21T19:05:06.072093Z DEBUG quip_miner_metal::combined: combined route assigned engine="metal" job_id=study:3216:20000 metal_eligible=true ane_eligible=true
2026-09-21T19:05:06.075207Z DEBUG quip_miner_metal::combined: combined route assigned engine="metal" job_id=study:3216:20001 metal_eligible=true ane_eligible=true
2026-09-21T19:05:06.078381Z DEBUG quip_miner_metal::combined: combined route assigned engine="metal" job_id=study:3216:20002 metal_eligible=true ane_eligible=true
2026-09-21T19:05:06.081644Z DEBUG quip_miner_metal::combined: combined route assigned engine="metal" job_id=study:3216:20003 metal_eligible=true ane_eligible=true
2026-09-21T19:05:06.084543Z DEBUG quip_miner_metal::combined: combined route assigned engine="metal" job_id=study:3216:20004 metal_eligible=true ane_eligible=true
2026-09-21T19:05:06.087542Z DEBUG quip_miner_metal::combined: combined route assigned engine="metal" job_id=study:3215:20000 metal_eligible=true ane_eligible=true
2026-09-21T19:05:06.090630Z DEBUG quip_miner_metal::combined: combined route assigned engine="metal" job_id=study:3215:20001 metal_eligible=true ane_eligible=true
2026-09-21T19:05:06.093730Z DEBUG quip_miner_metal::combined: combined route assigned engine="metal" job_id=study:3215:20002 metal_eligible=true ane_eligible=true
2026-09-21T19:05:06.096878Z DEBUG quip_miner_metal::combined: combined route assigned engine="metal" job_id=study:3215:20003 metal_eligible=true ane_eligible=true
2026-09-21T19:05:06.100000Z DEBUG quip_miner_metal::combined: combined route assigned engine="metal" job_id=study:3215:20004 metal_eligible=true ane_eligible=true
2026-09-21T19:05:06.102916Z DEBUG quip_miner_metal::combined: combined route assigned engine="metal" job_id=study:3214:20000 metal_eligible=true ane_eligible=true
2026-09-21T19:05:06.106021Z DEBUG quip_miner_metal::combined: combined route assigned engine="metal" job_id=study:3214:20001 metal_eligible=true ane_eligible=true
2026-09-21T19:05:06.142285Z DEBUG quip_miner_metal::combined: combined route completed engine="metal" job_id=study:3222:20002 outcome="completed" device_access_time_us=3534197
2026-09-21T19:05:06.142331Z DEBUG quip_miner_metal::combined: combined route completed engine="metal" job_id=study:3222:20003 outcome="completed" device_access_time_us=3534197
2026-09-21T19:05:06.142339Z DEBUG quip_miner_metal::combined: combined route completed engine="metal" job_id=study:3222:20004 outcome="completed" device_access_time_us=3534197
2026-09-21T19:05:06.142346Z DEBUG quip_miner_metal::combined: combined route completed engine="metal" job_id=study:3221:20000 outcome="completed" device_access_time_us=3534197
2026-09-21T19:05:06.142351Z DEBUG quip_miner_metal::combined: combined route completed engine="metal" job_id=study:3221:20001 outcome="completed" device_access_time_us=3534197
2026-09-21T19:05:06.142357Z DEBUG quip_miner_metal::combined: combined route completed engine="metal" job_id=study:3221:20002 outcome="completed" device_access_time_us=3534197
2026-09-21T19:05:06.142362Z DEBUG quip_miner_metal::combined: combined route completed engine="metal" job_id=study:3221:20003 outcome="completed" device_access_time_us=3534197
2026-09-21T19:05:06.142367Z DEBUG quip_miner_metal::combined: combined route completed engine="metal" job_id=study:3221:20004 outcome="completed" device_access_time_us=3534197
2026-09-21T19:05:06.142372Z DEBUG quip_miner_metal::combined: combined route completed engine="metal" job_id=study:3220:20000 outcome="completed" device_access_time_us=3534197
2026-09-21T19:05:06.142377Z DEBUG quip_miner_metal::combined: combined route completed engine="metal" job_id=study:3220:20001 outcome="completed" device_access_time_us=3534197
2026-09-21T19:05:06.142382Z DEBUG quip_miner_metal::combined: combined route completed engine="metal" job_id=study:3220:20002 outcome="completed" device_access_time_us=3534197
2026-09-21T19:05:06.142387Z DEBUG quip_miner_metal::combined: combined route completed engine="metal" job_id=study:3220:20003 outcome="completed" device_access_time_us=3534197
2026-09-21T19:05:06.142392Z DEBUG quip_miner_metal::combined: combined route completed engine="metal" job_id=study:3220:20004 outcome="completed" device_access_time_us=3534197
2026-09-21T19:05:06.142413Z DEBUG quip_miner_metal::combined: combined route completed engine="metal" job_id=study:3219:20000 outcome="completed" device_access_time_us=3534197
2026-09-21T19:05:06.142417Z DEBUG quip_miner_metal::combined: combined route completed engine="metal" job_id=study:3219:20001 outcome="completed" device_access_time_us=3534197
2026-09-21T19:05:06.142422Z DEBUG quip_miner_metal::combined: combined route completed engine="metal" job_id=study:3219:20002 outcome="completed" device_access_time_us=3534197
2026-09-21T19:05:06.142427Z DEBUG quip_miner_metal::combined: combined route completed engine="metal" job_id=study:3219:20003 outcome="completed" device_access_time_us=3534197
2026-09-21T19:05:06.142431Z DEBUG quip_miner_metal::combined: combined route completed engine="metal" job_id=study:3219:20004 outcome="completed" device_access_time_us=3534197
2026-09-21T19:05:06.142436Z DEBUG quip_miner_metal::combined: combined route completed engine="metal" job_id=study:3218:20000 outcome="completed" device_access_time_us=3534197
2026-09-21T19:05:06.142440Z DEBUG quip_miner_metal::combined: combined route completed engine="metal" job_id=study:3218:20001 outcome="completed" device_access_time_us=3534197
2026-09-21T19:05:06.146238Z DEBUG quip_miner_metal::combined: combined route assigned engine="metal" job_id=study:3214:20002 metal_eligible=true ane_eligible=true
2026-09-21T19:05:06.149907Z DEBUG quip_miner_metal::combined: combined route assigned engine="metal" job_id=study:3214:20003 metal_eligible=true ane_eligible=true
2026-09-21T19:05:06.153364Z DEBUG quip_miner_metal::combined: combined route assigned engine="metal" job_id=study:3214:20004 metal_eligible=true ane_eligible=true
2026-09-21T19:05:06.156803Z DEBUG quip_miner_metal::combined: combined route assigned engine="metal" job_id=study:3213:20000 metal_eligible=true ane_eligible=true
2026-09-21T19:05:06.160020Z DEBUG quip_miner_metal::combined: combined route assigned engine="metal" job_id=study:3213:20001 metal_eligible=true ane_eligible=true
2026-09-21T19:05:06.164231Z DEBUG quip_miner_metal::combined: combined route assigned engine="metal" job_id=study:3213:20002 metal_eligible=true ane_eligible=true
2026-09-21T19:05:06.167447Z DEBUG quip_miner_metal::combined: combined route assigned engine="metal" job_id=study:3213:20003 metal_eligible=true ane_eligible=true
2026-09-21T19:05:06.170581Z DEBUG quip_miner_metal::combined: combined route assigned engine="metal" job_id=study:3213:20004 metal_eligible=true ane_eligible=true
2026-09-21T19:05:06.173431Z DEBUG quip_miner_metal::combined: combined route assigned engine="metal" job_id=study:3212:20000 metal_eligible=true ane_eligible=true
2026-09-21T19:05:06.176443Z DEBUG quip_miner_metal::combined: combined route assigned engine="metal" job_id=study:3212:20001 metal_eligible=true ane_eligible=true
2026-09-21T19:05:06.179763Z DEBUG quip_miner_metal::combined: combined route assigned engine="metal" job_id=study:3212:20002 metal_eligible=true ane_eligible=true
2026-09-21T19:05:06.182683Z DEBUG quip_miner_metal::combined: combined route assigned engine="metal" job_id=study:3212:20003 metal_eligible=true ane_eligible=true
2026-09-21T19:05:06.185560Z DEBUG quip_miner_metal::combined: combined route assigned engine="metal" job_id=study:3212:20004 metal_eligible=true ane_eligible=true
2026-09-21T19:05:06.188419Z DEBUG quip_miner_metal::combined: combined route assigned engine="metal" job_id=study:3211:20000 metal_eligible=true ane_eligible=true
2026-09-21T19:05:06.191586Z DEBUG quip_miner_metal::combined: combined route assigned engine="metal" job_id=study:3211:20001 metal_eligible=true ane_eligible=true
2026-09-21T19:05:06.194529Z DEBUG quip_miner_metal::combined: combined route assigned engine="metal" job_id=study:3211:20002 metal_eligible=true ane_eligible=true
2026-09-21T19:05:06.197835Z DEBUG quip_miner_metal::combined: combined route assigned engine="metal" job_id=study:3211:20003 metal_eligible=true ane_eligible=true
2026-09-21T19:05:06.200879Z DEBUG quip_miner_metal::combined: combined route assigned engine="metal" job_id=study:3211:20004 metal_eligible=true ane_eligible=true
2026-09-21T19:05:06.203762Z DEBUG quip_miner_metal::combined: combined route assigned engine="metal" job_id=study:3210:20000 metal_eligible=true ane_eligible=true
2026-09-21T19:05:06.206456Z DEBUG quip_miner_metal::combined: combined route assigned engine="metal" job_id=study:3210:20001 metal_eligible=true ane_eligible=true
2026-09-21T19:05:09.597101Z DEBUG quip_miner_metal::combined: combined route completed engine="ane" job_id=study:3226:20001 outcome="completed" device_access_time_us=7805352
2026-09-21T19:05:09.600175Z DEBUG quip_miner_metal::combined: combined route assigned engine="ane" job_id=study:3210:20002 metal_eligible=true ane_eligible=true
2026-09-21T19:05:10.240730Z DEBUG quip_miner_metal::combined: combined route completed engine="metal" job_id=study:3218:20002 outcome="completed" device_access_time_us=3940577
2026-09-21T19:05:10.240776Z DEBUG quip_miner_metal::combined: combined route completed engine="metal" job_id=study:3218:20003 outcome="completed" device_access_time_us=3940577
2026-09-21T19:05:10.240784Z DEBUG quip_miner_metal::combined: combined route completed engine="metal" job_id=study:3218:20004 outcome="completed" device_access_time_us=3940577
2026-09-21T19:05:10.240789Z DEBUG quip_miner_metal::combined: combined route completed engine="metal" job_id=study:3217:20000 outcome="completed" device_access_time_us=3940577
2026-09-21T19:05:10.240793Z DEBUG quip_miner_metal::combined: combined route completed engine="metal" job_id=study:3217:20001 outcome="completed" device_access_time_us=3940577
2026-09-21T19:05:10.240797Z DEBUG quip_miner_metal::combined: combined route completed engine="metal" job_id=study:3217:20002 outcome="completed" device_access_time_us=3940577
2026-09-21T19:05:10.240801Z DEBUG quip_miner_metal::combined: combined route completed engine="metal" job_id=study:3217:20003 outcome="completed" device_access_time_us=3940577
2026-09-21T19:05:10.240804Z DEBUG quip_miner_metal::combined: combined route completed engine="metal" job_id=study:3217:20004 outcome="completed" device_access_time_us=3940577
2026-09-21T19:05:10.240808Z DEBUG quip_miner_metal::combined: combined route completed engine="metal" job_id=study:3216:20000 outcome="completed" device_access_time_us=3940577
2026-09-21T19:05:10.240812Z DEBUG quip_miner_metal::combined: combined route completed engine="metal" job_id=study:3216:20001 outcome="completed" device_access_time_us=3940577
2026-09-21T19:05:10.240816Z DEBUG quip_miner_metal::combined: combined route completed engine="metal" job_id=study:3216:20002 outcome="completed" device_access_time_us=3940577
2026-09-21T19:05:10.240819Z DEBUG quip_miner_metal::combined: combined route completed engine="metal" job_id=study:3216:20003 outcome="completed" device_access_time_us=3940577
2026-09-21T19:05:10.240823Z DEBUG quip_miner_metal::combined: combined route completed engine="metal" job_id=study:3216:20004 outcome="completed" device_access_time_us=3940577
2026-09-21T19:05:10.240826Z DEBUG quip_miner_metal::combined: combined route completed engine="metal" job_id=study:3215:20000 outcome="completed" device_access_time_us=3940577
2026-09-21T19:05:10.240830Z DEBUG quip_miner_metal::combined: combined route completed engine="metal" job_id=study:3215:20001 outcome="completed" device_access_time_us=3940577
2026-09-21T19:05:10.240833Z DEBUG quip_miner_metal::combined: combined route completed engine="metal" job_id=study:3215:20002 outcome="completed" device_access_time_us=3940577
2026-09-21T19:05:10.240836Z DEBUG quip_miner_metal::combined: combined route completed engine="metal" job_id=study:3215:20003 outcome="completed" device_access_time_us=3940577
2026-09-21T19:05:10.240839Z DEBUG quip_miner_metal::combined: combined route completed engine="metal" job_id=study:3215:20004 outcome="completed" device_access_time_us=3940577
2026-09-21T19:05:10.240843Z DEBUG quip_miner_metal::combined: combined route completed engine="metal" job_id=study:3214:20000 outcome="completed" device_access_time_us=3940577
2026-09-21T19:05:10.240863Z DEBUG quip_miner_metal::combined: combined route completed engine="metal" job_id=study:3214:20001 outcome="completed" device_access_time_us=3940577
2026-09-21T19:05:10.243512Z DEBUG quip_miner_metal::combined: combined route assigned engine="metal" job_id=study:3210:20003 metal_eligible=true ane_eligible=true
2026-09-21T19:05:10.246239Z DEBUG quip_miner_metal::combined: combined route assigned engine="metal" job_id=study:3210:20004 metal_eligible=true ane_eligible=true
2026-09-21T19:05:10.248948Z DEBUG quip_miner_metal::combined: combined route assigned engine="metal" job_id=study:3209:20000 metal_eligible=true ane_eligible=true
2026-09-21T19:05:10.252095Z DEBUG quip_miner_metal::combined: combined route assigned engine="metal" job_id=study:3209:20001 metal_eligible=true ane_eligible=true
2026-09-21T19:05:10.254898Z DEBUG quip_miner_metal::combined: combined route assigned engine="metal" job_id=study:3209:20002 metal_eligible=true ane_eligible=true
2026-09-21T19:05:10.257633Z DEBUG quip_miner_metal::combined: combined route assigned engine="metal" job_id=study:3209:20003 metal_eligible=true ane_eligible=true
2026-09-21T19:05:10.260416Z DEBUG quip_miner_metal::combined: combined route assigned engine="metal" job_id=study:3209:20004 metal_eligible=true ane_eligible=true
2026-09-21T19:05:10.263123Z DEBUG quip_miner_metal::combined: combined route assigned engine="metal" job_id=study:3208:20000 metal_eligible=true ane_eligible=true
2026-09-21T19:05:10.266004Z DEBUG quip_miner_metal::combined: combined route assigned engine="metal" job_id=study:3208:20001 metal_eligible=true ane_eligible=true
2026-09-21T19:05:10.268812Z DEBUG quip_miner_metal::combined: combined route assigned engine="metal" job_id=study:3208:20002 metal_eligible=true ane_eligible=true
2026-09-21T19:05:10.271847Z DEBUG quip_miner_metal::combined: combined route assigned engine="metal" job_id=study:3208:20003 metal_eligible=true ane_eligible=true
2026-09-21T19:05:10.274584Z DEBUG quip_miner_metal::combined: combined route assigned engine="metal" job_id=study:3208:20004 metal_eligible=true ane_eligible=true
2026-09-21T19:05:10.277470Z DEBUG quip_miner_metal::combined: combined route assigned engine="metal" job_id=study:3207:20000 metal_eligible=true ane_eligible=true
2026-09-21T19:05:10.280391Z DEBUG quip_miner_metal::combined: combined route assigned engine="metal" job_id=study:3207:20001 metal_eligible=true ane_eligible=true
2026-09-21T19:05:10.283191Z DEBUG quip_miner_metal::combined: combined route assigned engine="metal" job_id=study:3207:20002 metal_eligible=true ane_eligible=true
2026-09-21T19:05:10.285984Z DEBUG quip_miner_metal::combined: combined route assigned engine="metal" job_id=study:3207:20003 metal_eligible=true ane_eligible=true
2026-09-21T19:05:10.288980Z DEBUG quip_miner_metal::combined: combined route assigned engine="metal" job_id=study:3207:20004 metal_eligible=true ane_eligible=true
2026-09-21T19:05:10.291763Z DEBUG quip_miner_metal::combined: combined route assigned engine="metal" job_id=study:3206:20000 metal_eligible=true ane_eligible=true
2026-09-21T19:05:10.294812Z DEBUG quip_miner_metal::combined: combined route assigned engine="metal" job_id=study:3206:20001 metal_eligible=true ane_eligible=true
2026-09-21T19:05:10.297774Z DEBUG quip_miner_metal::combined: combined route assigned engine="metal" job_id=study:3206:20002 metal_eligible=true ane_eligible=true
2026-09-21T19:05:10.336479Z DEBUG quip_miner_metal::combined: combined route completed engine="metal" job_id=study:3214:20002 outcome="completed" device_access_time_us=3648267
2026-09-21T19:05:10.336523Z DEBUG quip_miner_metal::combined: combined route completed engine="metal" job_id=study:3214:20003 outcome="completed" device_access_time_us=3648267
2026-09-21T19:05:10.336533Z DEBUG quip_miner_metal::combined: combined route completed engine="metal" job_id=study:3214:20004 outcome="completed" device_access_time_us=3648267
2026-09-21T19:05:10.336540Z DEBUG quip_miner_metal::combined: combined route completed engine="metal" job_id=study:3213:20000 outcome="completed" device_access_time_us=3648267
2026-09-21T19:05:10.336562Z DEBUG quip_miner_metal::combined: combined route completed engine="metal" job_id=study:3213:20001 outcome="completed" device_access_time_us=3648267
2026-09-21T19:05:10.336568Z DEBUG quip_miner_metal::combined: combined route completed engine="metal" job_id=study:3213:20002 outcome="completed" device_access_time_us=3648267
2026-09-21T19:05:10.336573Z DEBUG quip_miner_metal::combined: combined route completed engine="metal" job_id=study:3213:20003 outcome="completed" device_access_time_us=3648267
2026-09-21T19:05:10.336578Z DEBUG quip_miner_metal::combined: combined route completed engine="metal" job_id=study:3213:20004 outcome="completed" device_access_time_us=3648267
2026-09-21T19:05:10.336583Z DEBUG quip_miner_metal::combined: combined route completed engine="metal" job_id=study:3212:20000 outcome="completed" device_access_time_us=3648267
2026-09-21T19:05:10.336588Z DEBUG quip_miner_metal::combined: combined route completed engine="metal" job_id=study:3212:20001 outcome="completed" device_access_time_us=3648267
2026-09-21T19:05:10.336594Z DEBUG quip_miner_metal::combined: combined route completed engine="metal" job_id=study:3212:20002 outcome="completed" device_access_time_us=3648267
2026-09-21T19:05:10.336600Z DEBUG quip_miner_metal::combined: combined route completed engine="metal" job_id=study:3212:20003 outcome="completed" device_access_time_us=3648267
2026-09-21T19:05:10.336605Z DEBUG quip_miner_metal::combined: combined route completed engine="metal" job_id=study:3212:20004 outcome="completed" device_access_time_us=3648267
2026-09-21T19:05:10.336610Z DEBUG quip_miner_metal::combined: combined route completed engine="metal" job_id=study:3211:20000 outcome="completed" device_access_time_us=3648267
2026-09-21T19:05:10.336614Z DEBUG quip_miner_metal::combined: combined route completed engine="metal" job_id=study:3211:20001 outcome="completed" device_access_time_us=3648267
2026-09-21T19:05:10.336619Z DEBUG quip_miner_metal::combined: combined route completed engine="metal" job_id=study:3211:20002 outcome="completed" device_access_time_us=3648267
2026-09-21T19:05:10.336623Z DEBUG quip_miner_metal::combined: combined route completed engine="metal" job_id=study:3211:20003 outcome="completed" device_access_time_us=3648267
2026-09-21T19:05:10.336628Z DEBUG quip_miner_metal::combined: combined route completed engine="metal" job_id=study:3211:20004 outcome="completed" device_access_time_us=3648267
2026-09-21T19:05:10.336632Z DEBUG quip_miner_metal::combined: combined route completed engine="metal" job_id=study:3210:20000 outcome="completed" device_access_time_us=3648267
2026-09-21T19:05:10.336637Z DEBUG quip_miner_metal::combined: combined route completed engine="metal" job_id=study:3210:20001 outcome="completed" device_access_time_us=3648267
2026-09-21T19:05:10.340920Z DEBUG quip_miner_metal::combined: combined route assigned engine="metal" job_id=study:3206:20003 metal_eligible=true ane_eligible=true
2026-09-21T19:05:10.344653Z DEBUG quip_miner_metal::combined: combined route assigned engine="metal" job_id=study:3206:20004 metal_eligible=true ane_eligible=true
2026-09-21T19:05:10.348007Z DEBUG quip_miner_metal::combined: combined route assigned engine="metal" job_id=study:3205:20000 metal_eligible=true ane_eligible=true
2026-09-21T19:05:10.351221Z DEBUG quip_miner_metal::combined: combined route assigned engine="metal" job_id=study:3205:20001 metal_eligible=true ane_eligible=true
2026-09-21T19:05:10.354484Z DEBUG quip_miner_metal::combined: combined route assigned engine="metal" job_id=study:3205:20002 metal_eligible=true ane_eligible=true
2026-09-21T19:05:10.371485Z DEBUG quip_miner_metal::combined: combined route assigned engine="metal" job_id=study:3205:20003 metal_eligible=true ane_eligible=true
2026-09-21T19:05:10.374952Z DEBUG quip_miner_metal::combined: combined route assigned engine="metal" job_id=study:3205:20004 metal_eligible=true ane_eligible=true
2026-09-21T19:05:10.381520Z DEBUG quip_miner_metal::combined: combined route assigned engine="metal" job_id=study:3204:20000 metal_eligible=true ane_eligible=true
2026-09-21T19:05:10.384533Z DEBUG quip_miner_metal::combined: combined route assigned engine="metal" job_id=study:3204:20001 metal_eligible=true ane_eligible=true
2026-09-21T19:05:10.387663Z DEBUG quip_miner_metal::combined: combined route assigned engine="metal" job_id=study:3204:20002 metal_eligible=true ane_eligible=true
2026-09-21T19:05:10.390796Z DEBUG quip_miner_metal::combined: combined route assigned engine="metal" job_id=study:3204:20003 metal_eligible=true ane_eligible=true
2026-09-21T19:05:10.394115Z DEBUG quip_miner_metal::combined: combined route assigned engine="metal" job_id=study:3204:20004 metal_eligible=true ane_eligible=true
2026-09-21T19:05:10.397900Z DEBUG quip_miner_metal::combined: combined route assigned engine="metal" job_id=study:3203:20000 metal_eligible=true ane_eligible=true
2026-09-21T19:05:10.400981Z DEBUG quip_miner_metal::combined: combined route assigned engine="metal" job_id=study:3203:20001 metal_eligible=true ane_eligible=true
2026-09-21T19:05:10.404301Z DEBUG quip_miner_metal::combined: combined route assigned engine="metal" job_id=study:3203:20002 metal_eligible=true ane_eligible=true
2026-09-21T19:05:10.407783Z DEBUG quip_miner_metal::combined: combined route assigned engine="metal" job_id=study:3203:20003 metal_eligible=true ane_eligible=true
2026-09-21T19:05:10.410758Z DEBUG quip_miner_metal::combined: combined route assigned engine="metal" job_id=study:3203:20004 metal_eligible=true ane_eligible=true
2026-09-21T19:05:10.413889Z DEBUG quip_miner_metal::combined: combined route assigned engine="metal" job_id=study:3202:20000 metal_eligible=true ane_eligible=true
2026-09-21T19:05:10.416829Z DEBUG quip_miner_metal::combined: combined route assigned engine="metal" job_id=study:3202:20001 metal_eligible=true ane_eligible=true
2026-09-21T19:05:10.419953Z DEBUG quip_miner_metal::combined: combined route assigned engine="metal" job_id=study:3202:20002 metal_eligible=true ane_eligible=true
2026-09-21T19:05:14.201829Z DEBUG quip_miner_metal::combined: combined route completed engine="metal" job_id=study:3210:20003 outcome="completed" device_access_time_us=3443046
2026-09-21T19:05:14.201943Z DEBUG quip_miner_metal::combined: combined route completed engine="metal" job_id=study:3210:20004 outcome="completed" device_access_time_us=3443046
2026-09-21T19:05:14.201974Z DEBUG quip_miner_metal::combined: combined route completed engine="metal" job_id=study:3209:20000 outcome="completed" device_access_time_us=3443046
2026-09-21T19:05:14.201982Z DEBUG quip_miner_metal::combined: combined route completed engine="metal" job_id=study:3209:20001 outcome="completed" device_access_time_us=3443046
2026-09-21T19:05:14.201987Z DEBUG quip_miner_metal::combined: combined route completed engine="metal" job_id=study:3209:20002 outcome="completed" device_access_time_us=3443046
2026-09-21T19:05:14.201992Z DEBUG quip_miner_metal::combined: combined route completed engine="metal" job_id=study:3209:20003 outcome="completed" device_access_time_us=3443046
2026-09-21T19:05:14.201997Z DEBUG quip_miner_metal::combined: combined route completed engine="metal" job_id=study:3209:20004 outcome="completed" device_access_time_us=3443046
2026-09-21T19:05:14.202001Z DEBUG quip_miner_metal::combined: combined route completed engine="metal" job_id=study:3208:20000 outcome="completed" device_access_time_us=3443046
2026-09-21T19:05:14.202005Z DEBUG quip_miner_metal::combined: combined route completed engine="metal" job_id=study:3208:20001 outcome="completed" device_access_time_us=3443046
2026-09-21T19:05:14.202009Z DEBUG quip_miner_metal::combined: combined route completed engine="metal" job_id=study:3208:20002 outcome="completed" device_access_time_us=3443046
2026-09-21T19:05:14.202013Z DEBUG quip_miner_metal::combined: combined route completed engine="metal" job_id=study:3208:20003 outcome="completed" device_access_time_us=3443046
2026-09-21T19:05:14.202017Z DEBUG quip_miner_metal::combined: combined route completed engine="metal" job_id=study:3208:20004 outcome="completed" device_access_time_us=3443046
2026-09-21T19:05:14.202021Z DEBUG quip_miner_metal::combined: combined route completed engine="metal" job_id=study:3207:20000 outcome="completed" device_access_time_us=3443046
2026-09-21T19:05:14.202024Z DEBUG quip_miner_metal::combined: combined route completed engine="metal" job_id=study:3207:20001 outcome="completed" device_access_time_us=3443046
2026-09-21T19:05:14.202028Z DEBUG quip_miner_metal::combined: combined route completed engine="metal" job_id=study:3207:20002 outcome="completed" device_access_time_us=3443046
2026-09-21T19:05:14.202031Z DEBUG quip_miner_metal::combined: combined route completed engine="metal" job_id=study:3207:20003 outcome="completed" device_access_time_us=3443046
2026-09-21T19:05:14.202035Z DEBUG quip_miner_metal::combined: combined route completed engine="metal" job_id=study:3207:20004 outcome="completed" device_access_time_us=3443046
2026-09-21T19:05:14.202039Z DEBUG quip_miner_metal::combined: combined route completed engine="metal" job_id=study:3206:20000 outcome="completed" device_access_time_us=3443046
2026-09-21T19:05:14.202042Z DEBUG quip_miner_metal::combined: combined route completed engine="metal" job_id=study:3206:20001 outcome="completed" device_access_time_us=3443046
2026-09-21T19:05:14.202046Z DEBUG quip_miner_metal::combined: combined route completed engine="metal" job_id=study:3206:20002 outcome="completed" device_access_time_us=3443046
2026-09-21T19:05:14.207253Z DEBUG quip_miner_metal::combined: combined route assigned engine="metal" job_id=study:3202:20003 metal_eligible=true ane_eligible=true
2026-09-21T19:05:14.213034Z DEBUG quip_miner_metal::combined: combined route assigned engine="metal" job_id=study:3202:20004 metal_eligible=true ane_eligible=true
2026-09-21T19:05:14.219442Z DEBUG quip_miner_metal::combined: combined route assigned engine="metal" job_id=study:3201:20000 metal_eligible=true ane_eligible=true
2026-09-21T19:05:14.230874Z DEBUG quip_miner_metal::combined: combined route assigned engine="metal" job_id=study:3201:20001 metal_eligible=true ane_eligible=true
2026-09-21T19:05:14.233815Z DEBUG quip_miner_metal::combined: combined route assigned engine="metal" job_id=study:3201:20002 metal_eligible=true ane_eligible=true
2026-09-21T19:05:14.237879Z DEBUG quip_miner_metal::combined: combined route assigned engine="metal" job_id=study:3201:20003 metal_eligible=true ane_eligible=true
2026-09-21T19:05:14.237929Z DEBUG quip_miner_metal::combined: combined route completed engine="metal" job_id=study:3206:20003 outcome="completed" device_access_time_us=3760136
2026-09-21T19:05:14.237941Z DEBUG quip_miner_metal::combined: combined route completed engine="metal" job_id=study:3206:20004 outcome="completed" device_access_time_us=3760136
2026-09-21T19:05:14.237947Z DEBUG quip_miner_metal::combined: combined route completed engine="metal" job_id=study:3205:20000 outcome="completed" device_access_time_us=3760136
2026-09-21T19:05:14.237951Z DEBUG quip_miner_metal::combined: combined route completed engine="metal" job_id=study:3205:20001 outcome="completed" device_access_time_us=3760136
2026-09-21T19:05:14.237956Z DEBUG quip_miner_metal::combined: combined route completed engine="metal" job_id=study:3205:20002 outcome="completed" device_access_time_us=3760136
2026-09-21T19:05:14.237960Z DEBUG quip_miner_metal::combined: combined route completed engine="metal" job_id=study:3205:20003 outcome="completed" device_access_time_us=3760136
2026-09-21T19:05:14.237964Z DEBUG quip_miner_metal::combined: combined route completed engine="metal" job_id=study:3205:20004 outcome="completed" device_access_time_us=3760136
2026-09-21T19:05:14.237968Z DEBUG quip_miner_metal::combined: combined route completed engine="metal" job_id=study:3204:20000 outcome="completed" device_access_time_us=3760136
2026-09-21T19:05:14.237972Z DEBUG quip_miner_metal::combined: combined route completed engine="metal" job_id=study:3204:20001 outcome="completed" device_access_time_us=3760136
2026-09-21T19:05:14.237975Z DEBUG quip_miner_metal::combined: combined route completed engine="metal" job_id=study:3204:20002 outcome="completed" device_access_time_us=3760136
2026-09-21T19:05:14.237983Z DEBUG quip_miner_metal::combined: combined route completed engine="metal" job_id=study:3204:20003 outcome="completed" device_access_time_us=3760136
2026-09-21T19:05:14.237987Z DEBUG quip_miner_metal::combined: combined route completed engine="metal" job_id=study:3204:20004 outcome="completed" device_access_time_us=3760136
2026-09-21T19:05:14.237991Z DEBUG quip_miner_metal::combined: combined route completed engine="metal" job_id=study:3203:20000 outcome="completed" device_access_time_us=3760136
2026-09-21T19:05:14.237994Z DEBUG quip_miner_metal::combined: combined route completed engine="metal" job_id=study:3203:20001 outcome="completed" device_access_time_us=3760136
2026-09-21T19:05:14.237998Z DEBUG quip_miner_metal::combined: combined route completed engine="metal" job_id=study:3203:20002 outcome="completed" device_access_time_us=3760136
2026-09-21T19:05:14.238001Z DEBUG quip_miner_metal::combined: combined route completed engine="metal" job_id=study:3203:20003 outcome="completed" device_access_time_us=3760136
2026-09-21T19:05:14.238005Z DEBUG quip_miner_metal::combined: combined route completed engine="metal" job_id=study:3203:20004 outcome="completed" device_access_time_us=3760136
2026-09-21T19:05:14.238008Z DEBUG quip_miner_metal::combined: combined route completed engine="metal" job_id=study:3202:20000 outcome="completed" device_access_time_us=3760136
2026-09-21T19:05:14.238012Z DEBUG quip_miner_metal::combined: combined route completed engine="metal" job_id=study:3202:20001 outcome="completed" device_access_time_us=3760136
2026-09-21T19:05:14.238100Z DEBUG quip_miner_metal::combined: combined route completed engine="metal" job_id=study:3202:20002 outcome="completed" device_access_time_us=3760136
2026-09-21T19:05:14.242743Z DEBUG quip_miner_metal::combined: combined route assigned engine="metal" job_id=study:3201:20004 metal_eligible=true ane_eligible=true
2026-09-21T19:05:14.248353Z DEBUG quip_miner_metal::combined: combined route assigned engine="metal" job_id=study:3200:20000 metal_eligible=true ane_eligible=true
2026-09-21T19:05:14.252548Z DEBUG quip_miner_metal::combined: combined route assigned engine="metal" job_id=study:3200:20001 metal_eligible=true ane_eligible=true
2026-09-21T19:05:14.257260Z DEBUG quip_miner_metal::combined: combined route assigned engine="metal" job_id=study:3200:20002 metal_eligible=true ane_eligible=true
2026-09-21T19:05:14.261873Z DEBUG quip_miner_metal::combined: combined route assigned engine="metal" job_id=study:3200:20003 metal_eligible=true ane_eligible=true
2026-09-21T19:05:14.265401Z DEBUG quip_miner_metal::combined: combined route assigned engine="metal" job_id=study:3200:20004 metal_eligible=true ane_eligible=true
2026-09-21T19:05:14.269330Z DEBUG quip_miner_metal::combined: combined route assigned engine="metal" job_id=study:3199:20000 metal_eligible=true ane_eligible=true
2026-09-21T19:05:14.273641Z DEBUG quip_miner_metal::combined: combined route assigned engine="metal" job_id=study:3199:20001 metal_eligible=true ane_eligible=true
2026-09-21T19:05:14.281270Z DEBUG quip_miner_metal::combined: combined route assigned engine="metal" job_id=study:3199:20002 metal_eligible=true ane_eligible=true
2026-09-21T19:05:14.287454Z DEBUG quip_miner_metal::combined: combined route assigned engine="metal" job_id=study:3199:20003 metal_eligible=true ane_eligible=true
2026-09-21T19:05:14.292444Z DEBUG quip_miner_metal::combined: combined route assigned engine="metal" job_id=study:3199:20004 metal_eligible=true ane_eligible=true
2026-09-21T19:05:14.296528Z DEBUG quip_miner_metal::combined: combined route assigned engine="metal" job_id=study:3198:20000 metal_eligible=true ane_eligible=true
2026-09-21T19:05:14.301124Z DEBUG quip_miner_metal::combined: combined route assigned engine="metal" job_id=study:3198:20001 metal_eligible=true ane_eligible=true
2026-09-21T19:05:14.305296Z DEBUG quip_miner_metal::combined: combined route assigned engine="metal" job_id=study:3198:20002 metal_eligible=true ane_eligible=true
2026-09-21T19:05:14.309474Z DEBUG quip_miner_metal::combined: combined route assigned engine="metal" job_id=study:3198:20003 metal_eligible=true ane_eligible=true
2026-09-21T19:05:14.317257Z DEBUG quip_miner_metal::combined: combined route assigned engine="metal" job_id=study:3198:20004 metal_eligible=true ane_eligible=true
2026-09-21T19:05:14.320533Z DEBUG quip_miner_metal::combined: combined route assigned engine="metal" job_id=study:3197:20000 metal_eligible=true ane_eligible=true
2026-09-21T19:05:14.323665Z DEBUG quip_miner_metal::combined: combined route assigned engine="metal" job_id=study:3197:20001 metal_eligible=true ane_eligible=true
2026-09-21T19:05:14.327049Z DEBUG quip_miner_metal::combined: combined route assigned engine="metal" job_id=study:3197:20002 metal_eligible=true ane_eligible=true
2026-09-21T19:05:14.330194Z DEBUG quip_miner_metal::combined: combined route assigned engine="metal" job_id=study:3197:20003 metal_eligible=true ane_eligible=true
2026-09-21T19:05:14.333326Z DEBUG quip_miner_metal::combined: combined route assigned engine="metal" job_id=study:3197:20004 metal_eligible=true ane_eligible=true
2026-09-21T19:05:14.336417Z DEBUG quip_miner_metal::combined: combined route assigned engine="metal" job_id=study:3196:20000 metal_eligible=true ane_eligible=true
2026-09-21T19:05:14.340077Z DEBUG quip_miner_metal::combined: combined route assigned engine="metal" job_id=study:3196:20001 metal_eligible=true ane_eligible=true
2026-09-21T19:05:14.343458Z DEBUG quip_miner_metal::combined: combined route assigned engine="metal" job_id=study:3196:20002 metal_eligible=true ane_eligible=true
2026-09-21T19:05:14.347054Z DEBUG quip_miner_metal::combined: combined route assigned engine="metal" job_id=study:3196:20003 metal_eligible=true ane_eligible=true
2026-09-21T19:05:14.350408Z DEBUG quip_miner_metal::combined: combined route assigned engine="metal" job_id=study:3196:20004 metal_eligible=true ane_eligible=true
2026-09-21T19:05:14.353368Z DEBUG quip_miner_metal::combined: combined route assigned engine="metal" job_id=study:3195:20000 metal_eligible=true ane_eligible=true
2026-09-21T19:05:14.356379Z DEBUG quip_miner_metal::combined: combined route assigned engine="metal" job_id=study:3195:20001 metal_eligible=true ane_eligible=true
2026-09-21T19:05:14.359507Z DEBUG quip_miner_metal::combined: combined route assigned engine="metal" job_id=study:3195:20002 metal_eligible=true ane_eligible=true
2026-09-21T19:05:14.362860Z DEBUG quip_miner_metal::combined: combined route assigned engine="metal" job_id=study:3195:20003 metal_eligible=true ane_eligible=true
2026-09-21T19:05:14.366300Z DEBUG quip_miner_metal::combined: combined route assigned engine="metal" job_id=study:3195:20004 metal_eligible=true ane_eligible=true
2026-09-21T19:05:14.369339Z DEBUG quip_miner_metal::combined: combined route assigned engine="metal" job_id=study:3194:20000 metal_eligible=true ane_eligible=true
2026-09-21T19:05:14.372756Z DEBUG quip_miner_metal::combined: combined route assigned engine="metal" job_id=study:3194:20001 metal_eligible=true ane_eligible=true
2026-09-21T19:05:14.376528Z DEBUG quip_miner_metal::combined: combined route assigned engine="metal" job_id=study:3194:20002 metal_eligible=true ane_eligible=true
2026-09-21T19:05:17.839045Z DEBUG quip_miner_metal::combined: combined route completed engine="metal" job_id=study:3202:20003 outcome="completed" device_access_time_us=3099658
2026-09-21T19:05:17.839087Z DEBUG quip_miner_metal::combined: combined route completed engine="metal" job_id=study:3202:20004 outcome="completed" device_access_time_us=3099658
2026-09-21T19:05:17.839095Z DEBUG quip_miner_metal::combined: combined route completed engine="metal" job_id=study:3201:20000 outcome="completed" device_access_time_us=3099658
2026-09-21T19:05:17.839101Z DEBUG quip_miner_metal::combined: combined route completed engine="metal" job_id=study:3201:20001 outcome="completed" device_access_time_us=3099658
2026-09-21T19:05:17.839106Z DEBUG quip_miner_metal::combined: combined route completed engine="metal" job_id=study:3201:20002 outcome="completed" device_access_time_us=3099658
2026-09-21T19:05:17.839110Z DEBUG quip_miner_metal::combined: combined route completed engine="metal" job_id=study:3201:20003 outcome="completed" device_access_time_us=3099658
2026-09-21T19:05:17.839115Z DEBUG quip_miner_metal::combined: combined route completed engine="metal" job_id=study:3201:20004 outcome="completed" device_access_time_us=3099658
2026-09-21T19:05:17.839119Z DEBUG quip_miner_metal::combined: combined route completed engine="metal" job_id=study:3200:20000 outcome="completed" device_access_time_us=3099658
2026-09-21T19:05:17.839123Z DEBUG quip_miner_metal::combined: combined route completed engine="metal" job_id=study:3200:20001 outcome="completed" device_access_time_us=3099658
2026-09-21T19:05:17.839127Z DEBUG quip_miner_metal::combined: combined route completed engine="metal" job_id=study:3200:20002 outcome="completed" device_access_time_us=3099658
2026-09-21T19:05:17.839131Z DEBUG quip_miner_metal::combined: combined route completed engine="metal" job_id=study:3200:20003 outcome="completed" device_access_time_us=3099658
2026-09-21T19:05:17.839134Z DEBUG quip_miner_metal::combined: combined route completed engine="metal" job_id=study:3200:20004 outcome="completed" device_access_time_us=3099658
2026-09-21T19:05:17.839138Z DEBUG quip_miner_metal::combined: combined route completed engine="metal" job_id=study:3199:20000 outcome="completed" device_access_time_us=3099658
2026-09-21T19:05:17.839142Z DEBUG quip_miner_metal::combined: combined route completed engine="metal" job_id=study:3199:20001 outcome="completed" device_access_time_us=3099658
2026-09-21T19:05:17.839145Z DEBUG quip_miner_metal::combined: combined route completed engine="metal" job_id=study:3199:20002 outcome="completed" device_access_time_us=3099658
2026-09-21T19:05:17.839149Z DEBUG quip_miner_metal::combined: combined route completed engine="metal" job_id=study:3199:20003 outcome="completed" device_access_time_us=3099658
2026-09-21T19:05:17.839154Z DEBUG quip_miner_metal::combined: combined route completed engine="metal" job_id=study:3199:20004 outcome="completed" device_access_time_us=3099658
2026-09-21T19:05:17.839157Z DEBUG quip_miner_metal::combined: combined route completed engine="metal" job_id=study:3198:20000 outcome="completed" device_access_time_us=3099658
2026-09-21T19:05:17.839161Z DEBUG quip_miner_metal::combined: combined route completed engine="metal" job_id=study:3198:20001 outcome="completed" device_access_time_us=3099658
2026-09-21T19:05:17.839165Z DEBUG quip_miner_metal::combined: combined route completed engine="metal" job_id=study:3198:20002 outcome="completed" device_access_time_us=3099658
2026-09-21T19:05:17.853624Z DEBUG quip_miner_metal::combined: combined route assigned engine="metal" job_id=study:3194:20003 metal_eligible=true ane_eligible=true
2026-09-21T19:05:17.856401Z DEBUG quip_miner_metal::combined: combined route assigned engine="metal" job_id=study:3194:20004 metal_eligible=true ane_eligible=true
2026-09-21T19:05:17.859410Z DEBUG quip_miner_metal::combined: combined route assigned engine="metal" job_id=study:3193:20000 metal_eligible=true ane_eligible=true
2026-09-21T19:05:17.876592Z DEBUG quip_miner_metal::combined: combined route assigned engine="metal" job_id=study:3193:20001 metal_eligible=true ane_eligible=true
2026-09-21T19:05:17.881906Z DEBUG quip_miner_metal::combined: combined route assigned engine="metal" job_id=study:3193:20002 metal_eligible=true ane_eligible=true
2026-09-21T19:05:17.885807Z DEBUG quip_miner_metal::combined: combined route assigned engine="metal" job_id=study:3193:20003 metal_eligible=true ane_eligible=true
2026-09-21T19:05:17.888922Z DEBUG quip_miner_metal::combined: combined route assigned engine="metal" job_id=study:3193:20004 metal_eligible=true ane_eligible=true
2026-09-21T19:05:17.888951Z DEBUG quip_miner_metal::combined: combined route completed engine="metal" job_id=study:3198:20003 outcome="completed" device_access_time_us=3380706
2026-09-21T19:05:17.888960Z DEBUG quip_miner_metal::combined: combined route completed engine="metal" job_id=study:3198:20004 outcome="completed" device_access_time_us=3380706
2026-09-21T19:05:17.888966Z DEBUG quip_miner_metal::combined: combined route completed engine="metal" job_id=study:3197:20000 outcome="completed" device_access_time_us=3380706
2026-09-21T19:05:17.888971Z DEBUG quip_miner_metal::combined: combined route completed engine="metal" job_id=study:3197:20001 outcome="completed" device_access_time_us=3380706
2026-09-21T19:05:17.888979Z DEBUG quip_miner_metal::combined: combined route completed engine="metal" job_id=study:3197:20002 outcome="completed" device_access_time_us=3380706
2026-09-21T19:05:17.888997Z DEBUG quip_miner_metal::combined: combined route completed engine="metal" job_id=study:3197:20003 outcome="completed" device_access_time_us=3380706
2026-09-21T19:05:17.889027Z DEBUG quip_miner_metal::combined: combined route completed engine="metal" job_id=study:3197:20004 outcome="completed" device_access_time_us=3380706
2026-09-21T19:05:17.889034Z DEBUG quip_miner_metal::combined: combined route completed engine="metal" job_id=study:3196:20000 outcome="completed" device_access_time_us=3380706
2026-09-21T19:05:17.889039Z DEBUG quip_miner_metal::combined: combined route completed engine="metal" job_id=study:3196:20001 outcome="completed" device_access_time_us=3380706
2026-09-21T19:05:17.889043Z DEBUG quip_miner_metal::combined: combined route completed engine="metal" job_id=study:3196:20002 outcome="completed" device_access_time_us=3380706
2026-09-21T19:05:17.889047Z DEBUG quip_miner_metal::combined: combined route completed engine="metal" job_id=study:3196:20003 outcome="completed" device_access_time_us=3380706
2026-09-21T19:05:17.889051Z DEBUG quip_miner_metal::combined: combined route completed engine="metal" job_id=study:3196:20004 outcome="completed" device_access_time_us=3380706
2026-09-21T19:05:17.889055Z DEBUG quip_miner_metal::combined: combined route completed engine="metal" job_id=study:3195:20000 outcome="completed" device_access_time_us=3380706
2026-09-21T19:05:17.889059Z DEBUG quip_miner_metal::combined: combined route completed engine="metal" job_id=study:3195:20001 outcome="completed" device_access_time_us=3380706
2026-09-21T19:05:17.889062Z DEBUG quip_miner_metal::combined: combined route completed engine="metal" job_id=study:3195:20002 outcome="completed" device_access_time_us=3380706
2026-09-21T19:05:17.889066Z DEBUG quip_miner_metal::combined: combined route completed engine="metal" job_id=study:3195:20003 outcome="completed" device_access_time_us=3380706
2026-09-21T19:05:17.889071Z DEBUG quip_miner_metal::combined: combined route completed engine="metal" job_id=study:3195:20004 outcome="completed" device_access_time_us=3380706
2026-09-21T19:05:17.889075Z DEBUG quip_miner_metal::combined: combined route completed engine="metal" job_id=study:3194:20000 outcome="completed" device_access_time_us=3380706
2026-09-21T19:05:17.889079Z DEBUG quip_miner_metal::combined: combined route completed engine="metal" job_id=study:3194:20001 outcome="completed" device_access_time_us=3380706
2026-09-21T19:05:17.889083Z DEBUG quip_miner_metal::combined: combined route completed engine="metal" job_id=study:3194:20002 outcome="completed" device_access_time_us=3380706
2026-09-21T19:05:17.892464Z DEBUG quip_miner_metal::combined: combined route assigned engine="metal" job_id=study:3192:20000 metal_eligible=true ane_eligible=true
2026-09-21T19:05:17.896063Z DEBUG quip_miner_metal::combined: combined route assigned engine="metal" job_id=study:3192:20001 metal_eligible=true ane_eligible=true
2026-09-21T19:05:17.899767Z DEBUG quip_miner_metal::combined: combined route assigned engine="metal" job_id=study:3192:20002 metal_eligible=true ane_eligible=true
2026-09-21T19:05:17.903397Z DEBUG quip_miner_metal::combined: combined route assigned engine="metal" job_id=study:3192:20003 metal_eligible=true ane_eligible=true
2026-09-21T19:05:17.907357Z DEBUG quip_miner_metal::combined: combined route assigned engine="metal" job_id=study:3192:20004 metal_eligible=true ane_eligible=true
2026-09-21T19:05:17.910548Z DEBUG quip_miner_metal::combined: combined route assigned engine="metal" job_id=study:3191:20000 metal_eligible=true ane_eligible=true
2026-09-21T19:05:17.914439Z DEBUG quip_miner_metal::combined: combined route assigned engine="metal" job_id=study:3191:20001 metal_eligible=true ane_eligible=true
2026-09-21T19:05:17.918499Z DEBUG quip_miner_metal::combined: combined route assigned engine="metal" job_id=study:3191:20002 metal_eligible=true ane_eligible=true
2026-09-21T19:05:17.922391Z DEBUG quip_miner_metal::combined: combined route assigned engine="metal" job_id=study:3191:20003 metal_eligible=true ane_eligible=true
2026-09-21T19:05:17.925486Z DEBUG quip_miner_metal::combined: combined route assigned engine="metal" job_id=study:3191:20004 metal_eligible=true ane_eligible=true
2026-09-21T19:05:18.818312Z DEBUG quip_miner_metal::combined: combined route completed engine="ane" job_id=study:3210:20002 outcome="completed" device_access_time_us=9217133
2026-09-21T19:05:19.805706Z DEBUG quip_miner_metal::combined: combined route completed engine="metal" job_id=study:3194:20003 outcome="completed" device_access_time_us=1775185
2026-09-21T19:05:19.805748Z DEBUG quip_miner_metal::combined: combined route completed engine="metal" job_id=study:3194:20004 outcome="completed" device_access_time_us=1775185
2026-09-21T19:05:19.805759Z DEBUG quip_miner_metal::combined: combined route completed engine="metal" job_id=study:3193:20000 outcome="completed" device_access_time_us=1775185
2026-09-21T19:05:19.805765Z DEBUG quip_miner_metal::combined: combined route completed engine="metal" job_id=study:3193:20001 outcome="completed" device_access_time_us=1775185
2026-09-21T19:05:19.805771Z DEBUG quip_miner_metal::combined: combined route completed engine="metal" job_id=study:3193:20002 outcome="completed" device_access_time_us=1775185
2026-09-21T19:05:19.805776Z DEBUG quip_miner_metal::combined: combined route completed engine="metal" job_id=study:3193:20003 outcome="completed" device_access_time_us=1775185
2026-09-21T19:05:19.805780Z DEBUG quip_miner_metal::combined: combined route completed engine="metal" job_id=study:3193:20004 outcome="completed" device_access_time_us=1775185
2026-09-21T19:05:19.805785Z DEBUG quip_miner_metal::combined: combined route completed engine="metal" job_id=study:3192:20000 outcome="completed" device_access_time_us=1775185
2026-09-21T19:05:19.805789Z DEBUG quip_miner_metal::combined: combined route completed engine="metal" job_id=study:3192:20001 outcome="completed" device_access_time_us=1775185
2026-09-21T19:05:19.805793Z DEBUG quip_miner_metal::combined: combined route completed engine="metal" job_id=study:3192:20002 outcome="completed" device_access_time_us=1775185
2026-09-21T19:05:19.805798Z DEBUG quip_miner_metal::combined: combined route completed engine="metal" job_id=study:3192:20003 outcome="completed" device_access_time_us=1775185
2026-09-21T19:05:19.805803Z DEBUG quip_miner_metal::combined: combined route completed engine="metal" job_id=study:3192:20004 outcome="completed" device_access_time_us=1775185
2026-09-21T19:05:19.805807Z DEBUG quip_miner_metal::combined: combined route completed engine="metal" job_id=study:3191:20000 outcome="completed" device_access_time_us=1775185
2026-09-21T19:05:19.805811Z DEBUG quip_miner_metal::combined: combined route completed engine="metal" job_id=study:3191:20001 outcome="completed" device_access_time_us=1775185
2026-09-21T19:05:19.805896Z DEBUG quip_miner_metal::combined: combined route completed engine="metal" job_id=study:3191:20002 outcome="completed" device_access_time_us=1775185
2026-09-21T19:05:19.805928Z DEBUG quip_miner_metal::combined: combined route completed engine="metal" job_id=study:3191:20003 outcome="completed" device_access_time_us=1775185
2026-09-21T19:05:19.805936Z DEBUG quip_miner_metal::combined: combined route completed engine="metal" job_id=study:3191:20004 outcome="completed" device_access_time_us=1775185
