2026-09-21T19:06:03.790532Z DEBUG quip_miner_metal::combined: combined route assigned engine="metal" job_id=warmup:3250:20005:0 metal_eligible=true ane_eligible=false
2026-09-21T19:06:04.865264Z DEBUG quip_miner_metal::combined: combined route completed engine="metal" job_id=warmup:3250:20005:0 outcome="completed" device_access_time_us=986705
2026-09-21T19:06:04.884185Z DEBUG quip_miner_metal::combined: combined route assigned engine="metal" job_id=study:3250:20005 metal_eligible=true ane_eligible=false
2026-09-21T19:06:04.885638Z DEBUG quip_miner_metal::combined: combined route assigned engine="metal" job_id=study:3250:20006 metal_eligible=true ane_eligible=false
2026-09-21T19:06:04.885832Z DEBUG quip_miner_metal::combined: combined route assigned engine="metal" job_id=study:3250:20007 metal_eligible=true ane_eligible=false
2026-09-21T19:06:04.887243Z DEBUG quip_miner_metal::combined: combined route assigned engine="metal" job_id=study:3250:20008 metal_eligible=true ane_eligible=false
2026-09-21T19:06:04.888738Z DEBUG quip_miner_metal::combined: combined route assigned engine="metal" job_id=study:3250:20009 metal_eligible=true ane_eligible=false
2026-09-21T19:06:04.890185Z DEBUG quip_miner_metal::combined: combined route assigned engine="metal" job_id=study:3249:20005 metal_eligible=true ane_eligible=false
2026-09-21T19:06:04.891668Z DEBUG quip_miner_metal::combined: combined route assigned engine="metal" job_id=study:3249:20006 metal_eligible=true ane_eligible=false
2026-09-21T19:06:04.893171Z DEBUG quip_miner_metal::combined: combined route assigned engine="metal" job_id=study:3249:20007 metal_eligible=true ane_eligible=false
2026-09-21T19:06:04.893489Z DEBUG quip_miner_metal::combined: combined route assigned engine="metal" job_id=study:3249:20008 metal_eligible=true ane_eligible=false
2026-09-21T19:06:04.894980Z DEBUG quip_miner_metal::combined: combined route assigned engine="metal" job_id=study:3249:20009 metal_eligible=true ane_eligible=false
2026-09-21T19:06:04.896428Z DEBUG quip_miner_metal::combined: combined route assigned engine="metal" job_id=study:3248:20005 metal_eligible=true ane_eligible=false
2026-09-21T19:06:04.896618Z DEBUG quip_miner_metal::combined: combined route assigned engine="metal" job_id=study:3248:20006 metal_eligible=true ane_eligible=false
2026-09-21T19:06:04.898085Z DEBUG quip_miner_metal::combined: combined route assigned engine="metal" job_id=study:3248:20007 metal_eligible=true ane_eligible=false
2026-09-21T19:06:04.899574Z DEBUG quip_miner_metal::combined: combined route assigned engine="metal" job_id=study:3248:20008 metal_eligible=true ane_eligible=false
2026-09-21T19:06:04.901076Z DEBUG quip_miner_metal::combined: combined route assigned engine="metal" job_id=study:3248:20009 metal_eligible=true ane_eligible=false
2026-09-21T19:06:04.902566Z DEBUG quip_miner_metal::combined: combined route assigned engine="metal" job_id=study:3247:20005 metal_eligible=true ane_eligible=false
2026-09-21T19:06:04.904038Z DEBUG quip_miner_metal::combined: combined route assigned engine="metal" job_id=study:3247:20006 metal_eligible=true ane_eligible=false
2026-09-21T19:06:04.904238Z DEBUG quip_miner_metal::combined: combined route assigned engine="metal" job_id=study:3247:20007 metal_eligible=true ane_eligible=false
2026-09-21T19:06:04.905640Z DEBUG quip_miner_metal::combined: combined route assigned engine="metal" job_id=study:3247:20008 metal_eligible=true ane_eligible=false
2026-09-21T19:06:04.906987Z DEBUG quip_miner_metal::combined: combined route assigned engine="metal" job_id=study:3247:20009 metal_eligible=true ane_eligible=false
2026-09-21T19:06:04.908463Z DEBUG quip_miner_metal::combined: combined route assigned engine="metal" job_id=study:3246:20005 metal_eligible=true ane_eligible=false
2026-09-21T19:06:04.909917Z DEBUG quip_miner_metal::combined: combined route assigned engine="metal" job_id=study:3246:20006 metal_eligible=true ane_eligible=false
2026-09-21T19:06:04.910085Z DEBUG quip_miner_metal::combined: combined route assigned engine="metal" job_id=study:3246:20007 metal_eligible=true ane_eligible=false
2026-09-21T19:06:04.911540Z DEBUG quip_miner_metal::combined: combined route assigned engine="metal" job_id=study:3246:20008 metal_eligible=true ane_eligible=false
2026-09-21T19:06:04.912866Z DEBUG quip_miner_metal::combined: combined route assigned engine="metal" job_id=study:3246:20009 metal_eligible=true ane_eligible=false
2026-09-21T19:06:04.914299Z DEBUG quip_miner_metal::combined: combined route assigned engine="metal" job_id=study:3245:20005 metal_eligible=true ane_eligible=false
2026-09-21T19:06:04.915784Z DEBUG quip_miner_metal::combined: combined route assigned engine="metal" job_id=study:3245:20006 metal_eligible=true ane_eligible=false
2026-09-21T19:06:04.917241Z DEBUG quip_miner_metal::combined: combined route assigned engine="metal" job_id=study:3245:20007 metal_eligible=true ane_eligible=false
2026-09-21T19:06:04.917443Z DEBUG quip_miner_metal::combined: combined route assigned engine="metal" job_id=study:3245:20008 metal_eligible=true ane_eligible=false
2026-09-21T19:06:04.918878Z DEBUG quip_miner_metal::combined: combined route assigned engine="metal" job_id=study:3245:20009 metal_eligible=true ane_eligible=false
2026-09-21T19:06:04.920340Z DEBUG quip_miner_metal::combined: combined route assigned engine="metal" job_id=study:3244:20005 metal_eligible=true ane_eligible=false
2026-09-21T19:06:04.921807Z DEBUG quip_miner_metal::combined: combined route assigned engine="metal" job_id=study:3244:20006 metal_eligible=true ane_eligible=false
2026-09-21T19:06:04.922033Z DEBUG quip_miner_metal::combined: combined route assigned engine="metal" job_id=study:3244:20007 metal_eligible=true ane_eligible=false
2026-09-21T19:06:04.923485Z DEBUG quip_miner_metal::combined: combined route assigned engine="metal" job_id=study:3244:20008 metal_eligible=true ane_eligible=false
2026-09-21T19:06:04.924927Z DEBUG quip_miner_metal::combined: combined route assigned engine="metal" job_id=study:3244:20009 metal_eligible=true ane_eligible=false
2026-09-21T19:06:04.926364Z DEBUG quip_miner_metal::combined: combined route assigned engine="metal" job_id=study:3243:20005 metal_eligible=true ane_eligible=false
2026-09-21T19:06:04.926536Z DEBUG quip_miner_metal::combined: combined route assigned engine="metal" job_id=study:3243:20006 metal_eligible=true ane_eligible=false
2026-09-21T19:06:04.927970Z DEBUG quip_miner_metal::combined: combined route assigned engine="metal" job_id=study:3243:20007 metal_eligible=true ane_eligible=false
2026-09-21T19:06:04.929468Z DEBUG quip_miner_metal::combined: combined route assigned engine="metal" job_id=study:3243:20008 metal_eligible=true ane_eligible=false
2026-09-21T19:06:04.930745Z DEBUG quip_miner_metal::combined: combined route assigned engine="metal" job_id=study:3243:20009 metal_eligible=true ane_eligible=false
2026-09-21T19:06:08.188817Z DEBUG quip_miner_metal::combined: combined route completed engine="metal" job_id=study:3250:20005 outcome="completed" device_access_time_us=3016819
2026-09-21T19:06:08.188861Z DEBUG quip_miner_metal::combined: combined route completed engine="metal" job_id=study:3250:20006 outcome="completed" device_access_time_us=3016819
2026-09-21T19:06:08.188867Z DEBUG quip_miner_metal::combined: combined route completed engine="metal" job_id=study:3250:20007 outcome="completed" device_access_time_us=3016819
2026-09-21T19:06:08.188871Z DEBUG quip_miner_metal::combined: combined route completed engine="metal" job_id=study:3250:20008 outcome="completed" device_access_time_us=3016819
2026-09-21T19:06:08.188875Z DEBUG quip_miner_metal::combined: combined route completed engine="metal" job_id=study:3250:20009 outcome="completed" device_access_time_us=3016819
2026-09-21T19:06:08.188878Z DEBUG quip_miner_metal::combined: combined route completed engine="metal" job_id=study:3249:20005 outcome="completed" device_access_time_us=3016819
2026-09-21T19:06:08.188881Z DEBUG quip_miner_metal::combined: combined route completed engine="metal" job_id=study:3249:20006 outcome="completed" device_access_time_us=3016819
2026-09-21T19:06:08.188884Z DEBUG quip_miner_metal::combined: combined route completed engine="metal" job_id=study:3249:20007 outcome="completed" device_access_time_us=3016819
2026-09-21T19:06:08.188898Z DEBUG quip_miner_metal::combined: combined route completed engine="metal" job_id=study:3249:20008 outcome="completed" device_access_time_us=3016819
2026-09-21T19:06:08.188901Z DEBUG quip_miner_metal::combined: combined route completed engine="metal" job_id=study:3249:20009 outcome="completed" device_access_time_us=3016819
2026-09-21T19:06:08.188904Z DEBUG quip_miner_metal::combined: combined route completed engine="metal" job_id=study:3248:20005 outcome="completed" device_access_time_us=3016819
2026-09-21T19:06:08.188907Z DEBUG quip_miner_metal::combined: combined route completed engine="metal" job_id=study:3248:20006 outcome="completed" device_access_time_us=3016819
2026-09-21T19:06:08.188909Z DEBUG quip_miner_metal::combined: combined route completed engine="metal" job_id=study:3248:20007 outcome="completed" device_access_time_us=3016819
2026-09-21T19:06:08.188911Z DEBUG quip_miner_metal::combined: combined route completed engine="metal" job_id=study:3248:20008 outcome="completed" device_access_time_us=3016819
2026-09-21T19:06:08.188914Z DEBUG quip_miner_metal::combined: combined route completed engine="metal" job_id=study:3248:20009 outcome="completed" device_access_time_us=3016819
2026-09-21T19:06:08.188916Z DEBUG quip_miner_metal::combined: combined route completed engine="metal" job_id=study:3247:20005 outcome="completed" device_access_time_us=3016819
2026-09-21T19:06:08.188919Z DEBUG quip_miner_metal::combined: combined route completed engine="metal" job_id=study:3247:20006 outcome="completed" device_access_time_us=3016819
2026-09-21T19:06:08.188921Z DEBUG quip_miner_metal::combined: combined route completed engine="metal" job_id=study:3247:20007 outcome="completed" device_access_time_us=3016819
2026-09-21T19:06:08.188923Z DEBUG quip_miner_metal::combined: combined route completed engine="metal" job_id=study:3247:20008 outcome="completed" device_access_time_us=3016819
2026-09-21T19:06:08.188925Z DEBUG quip_miner_metal::combined: combined route completed engine="metal" job_id=study:3247:20009 outcome="completed" device_access_time_us=3016819
2026-09-21T19:06:08.188928Z DEBUG quip_miner_metal::combined: combined route assigned engine="metal" job_id=study:3242:20005 metal_eligible=true ane_eligible=false
2026-09-21T19:06:08.189046Z DEBUG quip_miner_metal::combined: combined route assigned engine="metal" job_id=study:3242:20006 metal_eligible=true ane_eligible=false
2026-09-21T19:06:08.189163Z DEBUG quip_miner_metal::combined: combined route assigned engine="metal" job_id=study:3242:20007 metal_eligible=true ane_eligible=false
2026-09-21T19:06:08.189273Z DEBUG quip_miner_metal::combined: combined route assigned engine="metal" job_id=study:3242:20008 metal_eligible=true ane_eligible=false
2026-09-21T19:06:08.189381Z DEBUG quip_miner_metal::combined: combined route assigned engine="metal" job_id=study:3242:20009 metal_eligible=true ane_eligible=false
2026-09-21T19:06:08.189491Z DEBUG quip_miner_metal::combined: combined route assigned engine="metal" job_id=study:3241:20005 metal_eligible=true ane_eligible=false
2026-09-21T19:06:08.189616Z DEBUG quip_miner_metal::combined: combined route assigned engine="metal" job_id=study:3241:20006 metal_eligible=true ane_eligible=false
2026-09-21T19:06:08.189728Z DEBUG quip_miner_metal::combined: combined route assigned engine="metal" job_id=study:3241:20007 metal_eligible=true ane_eligible=false
2026-09-21T19:06:08.189839Z DEBUG quip_miner_metal::combined: combined route assigned engine="metal" job_id=study:3241:20008 metal_eligible=true ane_eligible=false
2026-09-21T19:06:08.189945Z DEBUG quip_miner_metal::combined: combined route assigned engine="metal" job_id=study:3241:20009 metal_eligible=true ane_eligible=false
2026-09-21T19:06:08.190051Z DEBUG quip_miner_metal::combined: combined route assigned engine="metal" job_id=study:3240:20005 metal_eligible=true ane_eligible=false
2026-09-21T19:06:08.190156Z DEBUG quip_miner_metal::combined: combined route assigned engine="metal" job_id=study:3240:20006 metal_eligible=true ane_eligible=false
2026-09-21T19:06:08.190271Z DEBUG quip_miner_metal::combined: combined route assigned engine="metal" job_id=study:3240:20007 metal_eligible=true ane_eligible=false
2026-09-21T19:06:08.190378Z DEBUG quip_miner_metal::combined: combined route assigned engine="metal" job_id=study:3240:20008 metal_eligible=true ane_eligible=false
2026-09-21T19:06:08.190486Z DEBUG quip_miner_metal::combined: combined route assigned engine="metal" job_id=study:3240:20009 metal_eligible=true ane_eligible=false
2026-09-21T19:06:08.190593Z DEBUG quip_miner_metal::combined: combined route assigned engine="metal" job_id=study:3239:20005 metal_eligible=true ane_eligible=false
2026-09-21T19:06:08.190699Z DEBUG quip_miner_metal::combined: combined route assigned engine="metal" job_id=study:3239:20006 metal_eligible=true ane_eligible=false
2026-09-21T19:06:08.190804Z DEBUG quip_miner_metal::combined: combined route assigned engine="metal" job_id=study:3239:20007 metal_eligible=true ane_eligible=false
2026-09-21T19:06:08.190908Z DEBUG quip_miner_metal::combined: combined route assigned engine="metal" job_id=study:3239:20008 metal_eligible=true ane_eligible=false
2026-09-21T19:06:08.191013Z DEBUG quip_miner_metal::combined: combined route assigned engine="metal" job_id=study:3239:20009 metal_eligible=true ane_eligible=false
2026-09-21T19:06:08.250384Z DEBUG quip_miner_metal::combined: combined route completed engine="metal" job_id=study:3246:20005 outcome="completed" device_access_time_us=3065655
2026-09-21T19:06:08.250420Z DEBUG quip_miner_metal::combined: combined route completed engine="metal" job_id=study:3246:20006 outcome="completed" device_access_time_us=3065655
2026-09-21T19:06:08.250428Z DEBUG quip_miner_metal::combined: combined route completed engine="metal" job_id=study:3246:20007 outcome="completed" device_access_time_us=3065655
2026-09-21T19:06:08.250433Z DEBUG quip_miner_metal::combined: combined route completed engine="metal" job_id=study:3246:20008 outcome="completed" device_access_time_us=3065655
2026-09-21T19:06:08.250437Z DEBUG quip_miner_metal::combined: combined route completed engine="metal" job_id=study:3246:20009 outcome="completed" device_access_time_us=3065655
2026-09-21T19:06:08.250441Z DEBUG quip_miner_metal::combined: combined route completed engine="metal" job_id=study:3245:20005 outcome="completed" device_access_time_us=3065655
2026-09-21T19:06:08.250445Z DEBUG quip_miner_metal::combined: combined route completed engine="metal" job_id=study:3245:20006 outcome="completed" device_access_time_us=3065655
2026-09-21T19:06:08.250448Z DEBUG quip_miner_metal::combined: combined route completed engine="metal" job_id=study:3245:20007 outcome="completed" device_access_time_us=3065655
2026-09-21T19:06:08.250451Z DEBUG quip_miner_metal::combined: combined route completed engine="metal" job_id=study:3245:20008 outcome="completed" device_access_time_us=3065655
2026-09-21T19:06:08.250454Z DEBUG quip_miner_metal::combined: combined route completed engine="metal" job_id=study:3245:20009 outcome="completed" device_access_time_us=3065655
2026-09-21T19:06:08.250457Z DEBUG quip_miner_metal::combined: combined route completed engine="metal" job_id=study:3244:20005 outcome="completed" device_access_time_us=3065655
2026-09-21T19:06:08.250461Z DEBUG quip_miner_metal::combined: combined route completed engine="metal" job_id=study:3244:20006 outcome="completed" device_access_time_us=3065655
2026-09-21T19:06:08.250465Z DEBUG quip_miner_metal::combined: combined route completed engine="metal" job_id=study:3244:20007 outcome="completed" device_access_time_us=3065655
2026-09-21T19:06:08.250468Z DEBUG quip_miner_metal::combined: combined route completed engine="metal" job_id=study:3244:20008 outcome="completed" device_access_time_us=3065655
2026-09-21T19:06:08.250471Z DEBUG quip_miner_metal::combined: combined route completed engine="metal" job_id=study:3244:20009 outcome="completed" device_access_time_us=3065655
2026-09-21T19:06:08.250474Z DEBUG quip_miner_metal::combined: combined route completed engine="metal" job_id=study:3243:20005 outcome="completed" device_access_time_us=3065655
2026-09-21T19:06:08.250490Z DEBUG quip_miner_metal::combined: combined route completed engine="metal" job_id=study:3243:20006 outcome="completed" device_access_time_us=3065655
2026-09-21T19:06:08.250494Z DEBUG quip_miner_metal::combined: combined route completed engine="metal" job_id=study:3243:20007 outcome="completed" device_access_time_us=3065655
2026-09-21T19:06:08.250497Z DEBUG quip_miner_metal::combined: combined route completed engine="metal" job_id=study:3243:20008 outcome="completed" device_access_time_us=3065655
2026-09-21T19:06:08.250500Z DEBUG quip_miner_metal::combined: combined route completed engine="metal" job_id=study:3243:20009 outcome="completed" device_access_time_us=3065655
2026-09-21T19:06:08.250504Z DEBUG quip_miner_metal::combined: combined route assigned engine="metal" job_id=study:3238:20005 metal_eligible=true ane_eligible=false
2026-09-21T19:06:08.250633Z DEBUG quip_miner_metal::combined: combined route assigned engine="metal" job_id=study:3238:20006 metal_eligible=true ane_eligible=false
2026-09-21T19:06:08.250763Z DEBUG quip_miner_metal::combined: combined route assigned engine="metal" job_id=study:3238:20007 metal_eligible=true ane_eligible=false
2026-09-21T19:06:08.250892Z DEBUG quip_miner_metal::combined: combined route assigned engine="metal" job_id=study:3238:20008 metal_eligible=true ane_eligible=false
2026-09-21T19:06:08.251019Z DEBUG quip_miner_metal::combined: combined route assigned engine="metal" job_id=study:3238:20009 metal_eligible=true ane_eligible=false
2026-09-21T19:06:08.251147Z DEBUG quip_miner_metal::combined: combined route assigned engine="metal" job_id=study:3237:20005 metal_eligible=true ane_eligible=false
2026-09-21T19:06:08.251274Z DEBUG quip_miner_metal::combined: combined route assigned engine="metal" job_id=study:3237:20006 metal_eligible=true ane_eligible=false
2026-09-21T19:06:08.251403Z DEBUG quip_miner_metal::combined: combined route assigned engine="metal" job_id=study:3237:20007 metal_eligible=true ane_eligible=false
2026-09-21T19:06:08.251530Z DEBUG quip_miner_metal::combined: combined route assigned engine="metal" job_id=study:3237:20008 metal_eligible=true ane_eligible=false
2026-09-21T19:06:08.251658Z DEBUG quip_miner_metal::combined: combined route assigned engine="metal" job_id=study:3237:20009 metal_eligible=true ane_eligible=false
2026-09-21T19:06:08.251785Z DEBUG quip_miner_metal::combined: combined route assigned engine="metal" job_id=study:3236:20005 metal_eligible=true ane_eligible=false
2026-09-21T19:06:08.251912Z DEBUG quip_miner_metal::combined: combined route assigned engine="metal" job_id=study:3236:20006 metal_eligible=true ane_eligible=false
2026-09-21T19:06:08.252041Z DEBUG quip_miner_metal::combined: combined route assigned engine="metal" job_id=study:3236:20007 metal_eligible=true ane_eligible=false
2026-09-21T19:06:08.252169Z DEBUG quip_miner_metal::combined: combined route assigned engine="metal" job_id=study:3236:20008 metal_eligible=true ane_eligible=false
2026-09-21T19:06:08.252296Z DEBUG quip_miner_metal::combined: combined route assigned engine="metal" job_id=study:3236:20009 metal_eligible=true ane_eligible=false
2026-09-21T19:06:08.252424Z DEBUG quip_miner_metal::combined: combined route assigned engine="metal" job_id=study:3235:20005 metal_eligible=true ane_eligible=false
2026-09-21T19:06:08.252553Z DEBUG quip_miner_metal::combined: combined route assigned engine="metal" job_id=study:3235:20006 metal_eligible=true ane_eligible=false
2026-09-21T19:06:08.252681Z DEBUG quip_miner_metal::combined: combined route assigned engine="metal" job_id=study:3235:20007 metal_eligible=true ane_eligible=false
2026-09-21T19:06:08.252809Z DEBUG quip_miner_metal::combined: combined route assigned engine="metal" job_id=study:3235:20008 metal_eligible=true ane_eligible=false
2026-09-21T19:06:08.252936Z DEBUG quip_miner_metal::combined: combined route assigned engine="metal" job_id=study:3235:20009 metal_eligible=true ane_eligible=false
2026-09-21T19:06:11.151984Z DEBUG quip_miner_metal::combined: combined route completed engine="metal" job_id=study:3242:20005 outcome="completed" device_access_time_us=2793136
2026-09-21T19:06:11.152031Z DEBUG quip_miner_metal::combined: combined route completed engine="metal" job_id=study:3242:20006 outcome="completed" device_access_time_us=2793136
2026-09-21T19:06:11.152040Z DEBUG quip_miner_metal::combined: combined route completed engine="metal" job_id=study:3242:20007 outcome="completed" device_access_time_us=2793136
2026-09-21T19:06:11.152046Z DEBUG quip_miner_metal::combined: combined route completed engine="metal" job_id=study:3242:20008 outcome="completed" device_access_time_us=2793136
2026-09-21T19:06:11.152050Z DEBUG quip_miner_metal::combined: combined route completed engine="metal" job_id=study:3242:20009 outcome="completed" device_access_time_us=2793136
2026-09-21T19:06:11.152055Z DEBUG quip_miner_metal::combined: combined route completed engine="metal" job_id=study:3241:20005 outcome="completed" device_access_time_us=2793136
2026-09-21T19:06:11.152059Z DEBUG quip_miner_metal::combined: combined route completed engine="metal" job_id=study:3241:20006 outcome="completed" device_access_time_us=2793136
2026-09-21T19:06:11.152063Z DEBUG quip_miner_metal::combined: combined route completed engine="metal" job_id=study:3241:20007 outcome="completed" device_access_time_us=2793136
2026-09-21T19:06:11.152066Z DEBUG quip_miner_metal::combined: combined route completed engine="metal" job_id=study:3241:20008 outcome="completed" device_access_time_us=2793136
2026-09-21T19:06:11.152070Z DEBUG quip_miner_metal::combined: combined route completed engine="metal" job_id=study:3241:20009 outcome="completed" device_access_time_us=2793136
2026-09-21T19:06:11.152074Z DEBUG quip_miner_metal::combined: combined route completed engine="metal" job_id=study:3240:20005 outcome="completed" device_access_time_us=2793136
2026-09-21T19:06:11.152077Z DEBUG quip_miner_metal::combined: combined route completed engine="metal" job_id=study:3240:20006 outcome="completed" device_access_time_us=2793136
2026-09-21T19:06:11.152081Z DEBUG quip_miner_metal::combined: combined route completed engine="metal" job_id=study:3240:20007 outcome="completed" device_access_time_us=2793136
2026-09-21T19:06:11.152085Z DEBUG quip_miner_metal::combined: combined route completed engine="metal" job_id=study:3240:20008 outcome="completed" device_access_time_us=2793136
2026-09-21T19:06:11.152088Z DEBUG quip_miner_metal::combined: combined route completed engine="metal" job_id=study:3240:20009 outcome="completed" device_access_time_us=2793136
2026-09-21T19:06:11.152092Z DEBUG quip_miner_metal::combined: combined route completed engine="metal" job_id=study:3239:20005 outcome="completed" device_access_time_us=2793136
2026-09-21T19:06:11.152095Z DEBUG quip_miner_metal::combined: combined route completed engine="metal" job_id=study:3239:20006 outcome="completed" device_access_time_us=2793136
2026-09-21T19:06:11.152099Z DEBUG quip_miner_metal::combined: combined route completed engine="metal" job_id=study:3239:20007 outcome="completed" device_access_time_us=2793136
2026-09-21T19:06:11.152103Z DEBUG quip_miner_metal::combined: combined route completed engine="metal" job_id=study:3239:20008 outcome="completed" device_access_time_us=2793136
2026-09-21T19:06:11.152106Z DEBUG quip_miner_metal::combined: combined route completed engine="metal" job_id=study:3239:20009 outcome="completed" device_access_time_us=2793136
2026-09-21T19:06:11.152111Z DEBUG quip_miner_metal::combined: combined route assigned engine="metal" job_id=study:3234:20005 metal_eligible=true ane_eligible=false
2026-09-21T19:06:11.152281Z DEBUG quip_miner_metal::combined: combined route assigned engine="metal" job_id=study:3234:20006 metal_eligible=true ane_eligible=false
2026-09-21T19:06:11.152449Z DEBUG quip_miner_metal::combined: combined route assigned engine="metal" job_id=study:3234:20007 metal_eligible=true ane_eligible=false
2026-09-21T19:06:11.152618Z DEBUG quip_miner_metal::combined: combined route assigned engine="metal" job_id=study:3234:20008 metal_eligible=true ane_eligible=false
2026-09-21T19:06:11.152805Z DEBUG quip_miner_metal::combined: combined route assigned engine="metal" job_id=study:3234:20009 metal_eligible=true ane_eligible=false
2026-09-21T19:06:11.152978Z DEBUG quip_miner_metal::combined: combined route assigned engine="metal" job_id=study:3233:20005 metal_eligible=true ane_eligible=false
2026-09-21T19:06:11.153147Z DEBUG quip_miner_metal::combined: combined route assigned engine="metal" job_id=study:3233:20006 metal_eligible=true ane_eligible=false
2026-09-21T19:06:11.153316Z DEBUG quip_miner_metal::combined: combined route assigned engine="metal" job_id=study:3233:20007 metal_eligible=true ane_eligible=false
2026-09-21T19:06:11.153484Z DEBUG quip_miner_metal::combined: combined route assigned engine="metal" job_id=study:3233:20008 metal_eligible=true ane_eligible=false
2026-09-21T19:06:11.153651Z DEBUG quip_miner_metal::combined: combined route assigned engine="metal" job_id=study:3233:20009 metal_eligible=true ane_eligible=false
2026-09-21T19:06:11.153835Z DEBUG quip_miner_metal::combined: combined route assigned engine="metal" job_id=study:3232:20005 metal_eligible=true ane_eligible=false
2026-09-21T19:06:11.154022Z DEBUG quip_miner_metal::combined: combined route assigned engine="metal" job_id=study:3232:20006 metal_eligible=true ane_eligible=false
2026-09-21T19:06:11.154191Z DEBUG quip_miner_metal::combined: combined route assigned engine="metal" job_id=study:3232:20007 metal_eligible=true ane_eligible=false
2026-09-21T19:06:11.154359Z DEBUG quip_miner_metal::combined: combined route assigned engine="metal" job_id=study:3232:20008 metal_eligible=true ane_eligible=false
2026-09-21T19:06:11.154526Z DEBUG quip_miner_metal::combined: combined route assigned engine="metal" job_id=study:3232:20009 metal_eligible=true ane_eligible=false
2026-09-21T19:06:11.154692Z DEBUG quip_miner_metal::combined: combined route assigned engine="metal" job_id=study:3231:20005 metal_eligible=true ane_eligible=false
2026-09-21T19:06:11.154860Z DEBUG quip_miner_metal::combined: combined route assigned engine="metal" job_id=study:3231:20006 metal_eligible=true ane_eligible=false
2026-09-21T19:06:11.155027Z DEBUG quip_miner_metal::combined: combined route assigned engine="metal" job_id=study:3231:20007 metal_eligible=true ane_eligible=false
2026-09-21T19:06:11.155193Z DEBUG quip_miner_metal::combined: combined route assigned engine="metal" job_id=study:3231:20008 metal_eligible=true ane_eligible=false
2026-09-21T19:06:11.155359Z DEBUG quip_miner_metal::combined: combined route assigned engine="metal" job_id=study:3231:20009 metal_eligible=true ane_eligible=false
2026-09-21T19:06:11.278008Z DEBUG quip_miner_metal::combined: combined route completed engine="metal" job_id=study:3238:20005 outcome="completed" device_access_time_us=2580240
2026-09-21T19:06:11.278083Z DEBUG quip_miner_metal::combined: combined route completed engine="metal" job_id=study:3238:20006 outcome="completed" device_access_time_us=2580240
2026-09-21T19:06:11.278123Z DEBUG quip_miner_metal::combined: combined route completed engine="metal" job_id=study:3238:20007 outcome="completed" device_access_time_us=2580240
2026-09-21T19:06:11.278131Z DEBUG quip_miner_metal::combined: combined route completed engine="metal" job_id=study:3238:20008 outcome="completed" device_access_time_us=2580240
2026-09-21T19:06:11.278138Z DEBUG quip_miner_metal::combined: combined route completed engine="metal" job_id=study:3238:20009 outcome="completed" device_access_time_us=2580240
2026-09-21T19:06:11.278144Z DEBUG quip_miner_metal::combined: combined route completed engine="metal" job_id=study:3237:20005 outcome="completed" device_access_time_us=2580240
2026-09-21T19:06:11.278150Z DEBUG quip_miner_metal::combined: combined route completed engine="metal" job_id=study:3237:20006 outcome="completed" device_access_time_us=2580240
2026-09-21T19:06:11.278156Z DEBUG quip_miner_metal::combined: combined route completed engine="metal" job_id=study:3237:20007 outcome="completed" device_access_time_us=2580240
2026-09-21T19:06:11.278175Z DEBUG quip_miner_metal::combined: combined route completed engine="metal" job_id=study:3237:20008 outcome="completed" device_access_time_us=2580240
2026-09-21T19:06:11.278181Z DEBUG quip_miner_metal::combined: combined route completed engine="metal" job_id=study:3237:20009 outcome="completed" device_access_time_us=2580240
2026-09-21T19:06:11.278186Z DEBUG quip_miner_metal::combined: combined route completed engine="metal" job_id=study:3236:20005 outcome="completed" device_access_time_us=2580240
2026-09-21T19:06:11.278190Z DEBUG quip_miner_metal::combined: combined route completed engine="metal" job_id=study:3236:20006 outcome="completed" device_access_time_us=2580240
2026-09-21T19:06:11.278195Z DEBUG quip_miner_metal::combined: combined route completed engine="metal" job_id=study:3236:20007 outcome="completed" device_access_time_us=2580240
2026-09-21T19:06:11.278199Z DEBUG quip_miner_metal::combined: combined route completed engine="metal" job_id=study:3236:20008 outcome="completed" device_access_time_us=2580240
2026-09-21T19:06:11.278204Z DEBUG quip_miner_metal::combined: combined route completed engine="metal" job_id=study:3236:20009 outcome="completed" device_access_time_us=2580240
2026-09-21T19:06:11.278209Z DEBUG quip_miner_metal::combined: combined route completed engine="metal" job_id=study:3235:20005 outcome="completed" device_access_time_us=2580240
2026-09-21T19:06:11.278213Z DEBUG quip_miner_metal::combined: combined route completed engine="metal" job_id=study:3235:20006 outcome="completed" device_access_time_us=2580240
2026-09-21T19:06:11.278218Z DEBUG quip_miner_metal::combined: combined route completed engine="metal" job_id=study:3235:20007 outcome="completed" device_access_time_us=2580240
2026-09-21T19:06:11.278222Z DEBUG quip_miner_metal::combined: combined route completed engine="metal" job_id=study:3235:20008 outcome="completed" device_access_time_us=2580240
2026-09-21T19:06:11.278227Z DEBUG quip_miner_metal::combined: combined route completed engine="metal" job_id=study:3235:20009 outcome="completed" device_access_time_us=2580240
2026-09-21T19:06:11.278232Z DEBUG quip_miner_metal::combined: combined route assigned engine="metal" job_id=study:3230:20005 metal_eligible=true ane_eligible=false
2026-09-21T19:06:11.278363Z DEBUG quip_miner_metal::combined: combined route assigned engine="metal" job_id=study:3230:20006 metal_eligible=true ane_eligible=false
2026-09-21T19:06:11.278493Z DEBUG quip_miner_metal::combined: combined route assigned engine="metal" job_id=study:3230:20007 metal_eligible=true ane_eligible=false
2026-09-21T19:06:11.278622Z DEBUG quip_miner_metal::combined: combined route assigned engine="metal" job_id=study:3230:20008 metal_eligible=true ane_eligible=false
2026-09-21T19:06:11.278751Z DEBUG quip_miner_metal::combined: combined route assigned engine="metal" job_id=study:3230:20009 metal_eligible=true ane_eligible=false
2026-09-21T19:06:11.278880Z DEBUG quip_miner_metal::combined: combined route assigned engine="metal" job_id=study:3229:20005 metal_eligible=true ane_eligible=false
2026-09-21T19:06:11.279009Z DEBUG quip_miner_metal::combined: combined route assigned engine="metal" job_id=study:3229:20006 metal_eligible=true ane_eligible=false
2026-09-21T19:06:11.279138Z DEBUG quip_miner_metal::combined: combined route assigned engine="metal" job_id=study:3229:20007 metal_eligible=true ane_eligible=false
2026-09-21T19:06:11.279267Z DEBUG quip_miner_metal::combined: combined route assigned engine="metal" job_id=study:3229:20008 metal_eligible=true ane_eligible=false
2026-09-21T19:06:11.279407Z DEBUG quip_miner_metal::combined: combined route assigned engine="metal" job_id=study:3229:20009 metal_eligible=true ane_eligible=false
2026-09-21T19:06:11.279594Z DEBUG quip_miner_metal::combined: combined route assigned engine="metal" job_id=study:3228:20005 metal_eligible=true ane_eligible=false
2026-09-21T19:06:11.279773Z DEBUG quip_miner_metal::combined: combined route assigned engine="metal" job_id=study:3228:20006 metal_eligible=true ane_eligible=false
2026-09-21T19:06:11.279956Z DEBUG quip_miner_metal::combined: combined route assigned engine="metal" job_id=study:3228:20007 metal_eligible=true ane_eligible=false
2026-09-21T19:06:11.280125Z DEBUG quip_miner_metal::combined: combined route assigned engine="metal" job_id=study:3228:20008 metal_eligible=true ane_eligible=false
2026-09-21T19:06:11.280409Z DEBUG quip_miner_metal::combined: combined route assigned engine="metal" job_id=study:3228:20009 metal_eligible=true ane_eligible=false
2026-09-21T19:06:11.280565Z DEBUG quip_miner_metal::combined: combined route assigned engine="metal" job_id=study:3227:20005 metal_eligible=true ane_eligible=false
2026-09-21T19:06:11.281077Z DEBUG quip_miner_metal::combined: combined route assigned engine="metal" job_id=study:3227:20006 metal_eligible=true ane_eligible=false
2026-09-21T19:06:11.281267Z DEBUG quip_miner_metal::combined: combined route assigned engine="metal" job_id=study:3227:20007 metal_eligible=true ane_eligible=false
2026-09-21T19:06:11.281407Z DEBUG quip_miner_metal::combined: combined route assigned engine="metal" job_id=study:3227:20008 metal_eligible=true ane_eligible=false
2026-09-21T19:06:11.281540Z DEBUG quip_miner_metal::combined: combined route assigned engine="metal" job_id=study:3227:20009 metal_eligible=true ane_eligible=false
2026-09-21T19:06:14.834688Z DEBUG quip_miner_metal::combined: combined route completed engine="metal" job_id=study:3234:20005 outcome="completed" device_access_time_us=3229878
2026-09-21T19:06:14.834740Z DEBUG quip_miner_metal::combined: combined route completed engine="metal" job_id=study:3234:20006 outcome="completed" device_access_time_us=3229878
2026-09-21T19:06:14.834748Z DEBUG quip_miner_metal::combined: combined route completed engine="metal" job_id=study:3234:20007 outcome="completed" device_access_time_us=3229878
2026-09-21T19:06:14.834753Z DEBUG quip_miner_metal::combined: combined route completed engine="metal" job_id=study:3234:20008 outcome="completed" device_access_time_us=3229878
2026-09-21T19:06:14.834757Z DEBUG quip_miner_metal::combined: combined route completed engine="metal" job_id=study:3234:20009 outcome="completed" device_access_time_us=3229878
2026-09-21T19:06:14.834761Z DEBUG quip_miner_metal::combined: combined route completed engine="metal" job_id=study:3233:20005 outcome="completed" device_access_time_us=3229878
2026-09-21T19:06:14.834765Z DEBUG quip_miner_metal::combined: combined route completed engine="metal" job_id=study:3233:20006 outcome="completed" device_access_time_us=3229878
2026-09-21T19:06:14.834768Z DEBUG quip_miner_metal::combined: combined route completed engine="metal" job_id=study:3233:20007 outcome="completed" device_access_time_us=3229878
2026-09-21T19:06:14.834772Z DEBUG quip_miner_metal::combined: combined route completed engine="metal" job_id=study:3233:20008 outcome="completed" device_access_time_us=3229878
2026-09-21T19:06:14.834776Z DEBUG quip_miner_metal::combined: combined route completed engine="metal" job_id=study:3233:20009 outcome="completed" device_access_time_us=3229878
2026-09-21T19:06:14.834779Z DEBUG quip_miner_metal::combined: combined route completed engine="metal" job_id=study:3232:20005 outcome="completed" device_access_time_us=3229878
2026-09-21T19:06:14.834783Z DEBUG quip_miner_metal::combined: combined route completed engine="metal" job_id=study:3232:20006 outcome="completed" device_access_time_us=3229878
2026-09-21T19:06:14.834786Z DEBUG quip_miner_metal::combined: combined route completed engine="metal" job_id=study:3232:20007 outcome="completed" device_access_time_us=3229878
2026-09-21T19:06:14.834789Z DEBUG quip_miner_metal::combined: combined route completed engine="metal" job_id=study:3232:20008 outcome="completed" device_access_time_us=3229878
2026-09-21T19:06:14.834793Z DEBUG quip_miner_metal::combined: combined route completed engine="metal" job_id=study:3232:20009 outcome="completed" device_access_time_us=3229878
2026-09-21T19:06:14.834796Z DEBUG quip_miner_metal::combined: combined route completed engine="metal" job_id=study:3231:20005 outcome="completed" device_access_time_us=3229878
2026-09-21T19:06:14.834814Z DEBUG quip_miner_metal::combined: combined route completed engine="metal" job_id=study:3231:20006 outcome="completed" device_access_time_us=3229878
2026-09-21T19:06:14.834817Z DEBUG quip_miner_metal::combined: combined route completed engine="metal" job_id=study:3231:20007 outcome="completed" device_access_time_us=3229878
2026-09-21T19:06:14.834821Z DEBUG quip_miner_metal::combined: combined route completed engine="metal" job_id=study:3231:20008 outcome="completed" device_access_time_us=3229878
2026-09-21T19:06:14.834824Z DEBUG quip_miner_metal::combined: combined route completed engine="metal" job_id=study:3231:20009 outcome="completed" device_access_time_us=3229878
2026-09-21T19:06:14.834828Z DEBUG quip_miner_metal::combined: combined route assigned engine="metal" job_id=study:3226:20005 metal_eligible=true ane_eligible=false
2026-09-21T19:06:14.835024Z DEBUG quip_miner_metal::combined: combined route assigned engine="metal" job_id=study:3226:20006 metal_eligible=true ane_eligible=false
2026-09-21T19:06:14.835154Z DEBUG quip_miner_metal::combined: combined route assigned engine="metal" job_id=study:3226:20007 metal_eligible=true ane_eligible=false
2026-09-21T19:06:14.835282Z DEBUG quip_miner_metal::combined: combined route assigned engine="metal" job_id=study:3226:20008 metal_eligible=true ane_eligible=false
2026-09-21T19:06:14.835415Z DEBUG quip_miner_metal::combined: combined route assigned engine="metal" job_id=study:3226:20009 metal_eligible=true ane_eligible=false
2026-09-21T19:06:14.835591Z DEBUG quip_miner_metal::combined: combined route assigned engine="metal" job_id=study:3225:20005 metal_eligible=true ane_eligible=false
2026-09-21T19:06:14.835766Z DEBUG quip_miner_metal::combined: combined route assigned engine="metal" job_id=study:3225:20006 metal_eligible=true ane_eligible=false
2026-09-21T19:06:14.835941Z DEBUG quip_miner_metal::combined: combined route assigned engine="metal" job_id=study:3225:20007 metal_eligible=true ane_eligible=false
2026-09-21T19:06:14.836069Z DEBUG quip_miner_metal::combined: combined route assigned engine="metal" job_id=study:3225:20008 metal_eligible=true ane_eligible=false
2026-09-21T19:06:14.836196Z DEBUG quip_miner_metal::combined: combined route assigned engine="metal" job_id=study:3225:20009 metal_eligible=true ane_eligible=false
2026-09-21T19:06:14.836323Z DEBUG quip_miner_metal::combined: combined route assigned engine="metal" job_id=study:3224:20005 metal_eligible=true ane_eligible=false
2026-09-21T19:06:14.836451Z DEBUG quip_miner_metal::combined: combined route assigned engine="metal" job_id=study:3224:20006 metal_eligible=true ane_eligible=false
2026-09-21T19:06:14.836629Z DEBUG quip_miner_metal::combined: combined route assigned engine="metal" job_id=study:3224:20007 metal_eligible=true ane_eligible=false
2026-09-21T19:06:14.836791Z DEBUG quip_miner_metal::combined: combined route assigned engine="metal" job_id=study:3224:20008 metal_eligible=true ane_eligible=false
2026-09-21T19:06:14.836973Z DEBUG quip_miner_metal::combined: combined route assigned engine="metal" job_id=study:3224:20009 metal_eligible=true ane_eligible=false
2026-09-21T19:06:14.837183Z DEBUG quip_miner_metal::combined: combined route assigned engine="metal" job_id=study:3223:20005 metal_eligible=true ane_eligible=false
2026-09-21T19:06:14.837440Z DEBUG quip_miner_metal::combined: combined route assigned engine="metal" job_id=study:3223:20006 metal_eligible=true ane_eligible=false
2026-09-21T19:06:14.837585Z DEBUG quip_miner_metal::combined: combined route assigned engine="metal" job_id=study:3223:20007 metal_eligible=true ane_eligible=false
2026-09-21T19:06:14.837719Z DEBUG quip_miner_metal::combined: combined route assigned engine="metal" job_id=study:3223:20008 metal_eligible=true ane_eligible=false
2026-09-21T19:06:14.837894Z DEBUG quip_miner_metal::combined: combined route assigned engine="metal" job_id=study:3223:20009 metal_eligible=true ane_eligible=false
2026-09-21T19:06:14.849600Z DEBUG quip_miner_metal::combined: combined route completed engine="metal" job_id=study:3230:20005 outcome="completed" device_access_time_us=3509641
2026-09-21T19:06:14.849669Z DEBUG quip_miner_metal::combined: combined route completed engine="metal" job_id=study:3230:20006 outcome="completed" device_access_time_us=3509641
2026-09-21T19:06:14.849674Z DEBUG quip_miner_metal::combined: combined route completed engine="metal" job_id=study:3230:20007 outcome="completed" device_access_time_us=3509641
2026-09-21T19:06:14.849678Z DEBUG quip_miner_metal::combined: combined route completed engine="metal" job_id=study:3230:20008 outcome="completed" device_access_time_us=3509641
2026-09-21T19:06:14.849681Z DEBUG quip_miner_metal::combined: combined route completed engine="metal" job_id=study:3230:20009 outcome="completed" device_access_time_us=3509641
2026-09-21T19:06:14.849684Z DEBUG quip_miner_metal::combined: combined route completed engine="metal" job_id=study:3229:20005 outcome="completed" device_access_time_us=3509641
2026-09-21T19:06:14.849686Z DEBUG quip_miner_metal::combined: combined route completed engine="metal" job_id=study:3229:20006 outcome="completed" device_access_time_us=3509641
2026-09-21T19:06:14.849689Z DEBUG quip_miner_metal::combined: combined route completed engine="metal" job_id=study:3229:20007 outcome="completed" device_access_time_us=3509641
2026-09-21T19:06:14.849691Z DEBUG quip_miner_metal::combined: combined route completed engine="metal" job_id=study:3229:20008 outcome="completed" device_access_time_us=3509641
2026-09-21T19:06:14.849693Z DEBUG quip_miner_metal::combined: combined route completed engine="metal" job_id=study:3229:20009 outcome="completed" device_access_time_us=3509641
2026-09-21T19:06:14.849696Z DEBUG quip_miner_metal::combined: combined route completed engine="metal" job_id=study:3228:20005 outcome="completed" device_access_time_us=3509641
2026-09-21T19:06:14.849698Z DEBUG quip_miner_metal::combined: combined route completed engine="metal" job_id=study:3228:20006 outcome="completed" device_access_time_us=3509641
2026-09-21T19:06:14.849701Z DEBUG quip_miner_metal::combined: combined route completed engine="metal" job_id=study:3228:20007 outcome="completed" device_access_time_us=3509641
2026-09-21T19:06:14.849703Z DEBUG quip_miner_metal::combined: combined route completed engine="metal" job_id=study:3228:20008 outcome="completed" device_access_time_us=3509641
2026-09-21T19:06:14.849705Z DEBUG quip_miner_metal::combined: combined route completed engine="metal" job_id=study:3228:20009 outcome="completed" device_access_time_us=3509641
2026-09-21T19:06:14.849708Z DEBUG quip_miner_metal::combined: combined route completed engine="metal" job_id=study:3227:20005 outcome="completed" device_access_time_us=3509641
2026-09-21T19:06:14.849710Z DEBUG quip_miner_metal::combined: combined route completed engine="metal" job_id=study:3227:20006 outcome="completed" device_access_time_us=3509641
2026-09-21T19:06:14.849713Z DEBUG quip_miner_metal::combined: combined route completed engine="metal" job_id=study:3227:20007 outcome="completed" device_access_time_us=3509641
2026-09-21T19:06:14.849715Z DEBUG quip_miner_metal::combined: combined route completed engine="metal" job_id=study:3227:20008 outcome="completed" device_access_time_us=3509641
2026-09-21T19:06:14.849717Z DEBUG quip_miner_metal::combined: combined route completed engine="metal" job_id=study:3227:20009 outcome="completed" device_access_time_us=3509641
2026-09-21T19:06:14.849720Z DEBUG quip_miner_metal::combined: combined route assigned engine="metal" job_id=study:3222:20005 metal_eligible=true ane_eligible=false
2026-09-21T19:06:14.849955Z DEBUG quip_miner_metal::combined: combined route assigned engine="metal" job_id=study:3222:20006 metal_eligible=true ane_eligible=false
2026-09-21T19:06:14.850087Z DEBUG quip_miner_metal::combined: combined route assigned engine="metal" job_id=study:3222:20007 metal_eligible=true ane_eligible=false
2026-09-21T19:06:14.850250Z DEBUG quip_miner_metal::combined: combined route assigned engine="metal" job_id=study:3222:20008 metal_eligible=true ane_eligible=false
2026-09-21T19:06:14.850367Z DEBUG quip_miner_metal::combined: combined route assigned engine="metal" job_id=study:3222:20009 metal_eligible=true ane_eligible=false
2026-09-21T19:06:14.850508Z DEBUG quip_miner_metal::combined: combined route assigned engine="metal" job_id=study:3221:20005 metal_eligible=true ane_eligible=false
2026-09-21T19:06:14.850619Z DEBUG quip_miner_metal::combined: combined route assigned engine="metal" job_id=study:3221:20006 metal_eligible=true ane_eligible=false
2026-09-21T19:06:14.850725Z DEBUG quip_miner_metal::combined: combined route assigned engine="metal" job_id=study:3221:20007 metal_eligible=true ane_eligible=false
2026-09-21T19:06:14.850834Z DEBUG quip_miner_metal::combined: combined route assigned engine="metal" job_id=study:3221:20008 metal_eligible=true ane_eligible=false
2026-09-21T19:06:14.850940Z DEBUG quip_miner_metal::combined: combined route assigned engine="metal" job_id=study:3221:20009 metal_eligible=true ane_eligible=false
2026-09-21T19:06:14.851045Z DEBUG quip_miner_metal::combined: combined route assigned engine="metal" job_id=study:3220:20005 metal_eligible=true ane_eligible=false
2026-09-21T19:06:14.851150Z DEBUG quip_miner_metal::combined: combined route assigned engine="metal" job_id=study:3220:20006 metal_eligible=true ane_eligible=false
2026-09-21T19:06:14.851264Z DEBUG quip_miner_metal::combined: combined route assigned engine="metal" job_id=study:3220:20007 metal_eligible=true ane_eligible=false
2026-09-21T19:06:14.851370Z DEBUG quip_miner_metal::combined: combined route assigned engine="metal" job_id=study:3220:20008 metal_eligible=true ane_eligible=false
2026-09-21T19:06:14.851475Z DEBUG quip_miner_metal::combined: combined route assigned engine="metal" job_id=study:3220:20009 metal_eligible=true ane_eligible=false
2026-09-21T19:06:14.851582Z DEBUG quip_miner_metal::combined: combined route assigned engine="metal" job_id=study:3219:20005 metal_eligible=true ane_eligible=false
2026-09-21T19:06:14.851689Z DEBUG quip_miner_metal::combined: combined route assigned engine="metal" job_id=study:3219:20006 metal_eligible=true ane_eligible=false
2026-09-21T19:06:14.851794Z DEBUG quip_miner_metal::combined: combined route assigned engine="metal" job_id=study:3219:20007 metal_eligible=true ane_eligible=false
2026-09-21T19:06:14.851901Z DEBUG quip_miner_metal::combined: combined route assigned engine="metal" job_id=study:3219:20008 metal_eligible=true ane_eligible=false
2026-09-21T19:06:14.852008Z DEBUG quip_miner_metal::combined: combined route assigned engine="metal" job_id=study:3219:20009 metal_eligible=true ane_eligible=false
2026-09-21T19:06:17.843933Z DEBUG quip_miner_metal::combined: combined route completed engine="metal" job_id=study:3226:20005 outcome="completed" device_access_time_us=2882291
2026-09-21T19:06:17.843966Z DEBUG quip_miner_metal::combined: combined route completed engine="metal" job_id=study:3226:20006 outcome="completed" device_access_time_us=2882291
2026-09-21T19:06:17.843975Z DEBUG quip_miner_metal::combined: combined route completed engine="metal" job_id=study:3226:20007 outcome="completed" device_access_time_us=2882291
2026-09-21T19:06:17.843980Z DEBUG quip_miner_metal::combined: combined route completed engine="metal" job_id=study:3226:20008 outcome="completed" device_access_time_us=2882291
2026-09-21T19:06:17.843984Z DEBUG quip_miner_metal::combined: combined route completed engine="metal" job_id=study:3226:20009 outcome="completed" device_access_time_us=2882291
2026-09-21T19:06:17.843987Z DEBUG quip_miner_metal::combined: combined route completed engine="metal" job_id=study:3225:20005 outcome="completed" device_access_time_us=2882291
2026-09-21T19:06:17.843990Z DEBUG quip_miner_metal::combined: combined route completed engine="metal" job_id=study:3225:20006 outcome="completed" device_access_time_us=2882291
2026-09-21T19:06:17.843993Z DEBUG quip_miner_metal::combined: combined route completed engine="metal" job_id=study:3225:20007 outcome="completed" device_access_time_us=2882291
2026-09-21T19:06:17.843996Z DEBUG quip_miner_metal::combined: combined route completed engine="metal" job_id=study:3225:20008 outcome="completed" device_access_time_us=2882291
2026-09-21T19:06:17.844015Z DEBUG quip_miner_metal::combined: combined route completed engine="metal" job_id=study:3225:20009 outcome="completed" device_access_time_us=2882291
2026-09-21T19:06:17.844019Z DEBUG quip_miner_metal::combined: combined route completed engine="metal" job_id=study:3224:20005 outcome="completed" device_access_time_us=2882291
2026-09-21T19:06:17.844022Z DEBUG quip_miner_metal::combined: combined route completed engine="metal" job_id=study:3224:20006 outcome="completed" device_access_time_us=2882291
2026-09-21T19:06:17.844025Z DEBUG quip_miner_metal::combined: combined route completed engine="metal" job_id=study:3224:20007 outcome="completed" device_access_time_us=2882291
2026-09-21T19:06:17.844027Z DEBUG quip_miner_metal::combined: combined route completed engine="metal" job_id=study:3224:20008 outcome="completed" device_access_time_us=2882291
2026-09-21T19:06:17.844030Z DEBUG quip_miner_metal::combined: combined route completed engine="metal" job_id=study:3224:20009 outcome="completed" device_access_time_us=2882291
2026-09-21T19:06:17.844033Z DEBUG quip_miner_metal::combined: combined route completed engine="metal" job_id=study:3223:20005 outcome="completed" device_access_time_us=2882291
2026-09-21T19:06:17.844036Z DEBUG quip_miner_metal::combined: combined route completed engine="metal" job_id=study:3223:20006 outcome="completed" device_access_time_us=2882291
2026-09-21T19:06:17.844038Z DEBUG quip_miner_metal::combined: combined route completed engine="metal" job_id=study:3223:20007 outcome="completed" device_access_time_us=2882291
2026-09-21T19:06:17.844041Z DEBUG quip_miner_metal::combined: combined route completed engine="metal" job_id=study:3223:20008 outcome="completed" device_access_time_us=2882291
2026-09-21T19:06:17.844044Z DEBUG quip_miner_metal::combined: combined route completed engine="metal" job_id=study:3223:20009 outcome="completed" device_access_time_us=2882291
2026-09-21T19:06:17.844047Z DEBUG quip_miner_metal::combined: combined route assigned engine="metal" job_id=study:3218:20005 metal_eligible=true ane_eligible=false
2026-09-21T19:06:17.844235Z DEBUG quip_miner_metal::combined: combined route assigned engine="metal" job_id=study:3218:20006 metal_eligible=true ane_eligible=false
2026-09-21T19:06:17.844365Z DEBUG quip_miner_metal::combined: combined route assigned engine="metal" job_id=study:3218:20007 metal_eligible=true ane_eligible=false
2026-09-21T19:06:17.844493Z DEBUG quip_miner_metal::combined: combined route assigned engine="metal" job_id=study:3218:20008 metal_eligible=true ane_eligible=false
2026-09-21T19:06:17.844621Z DEBUG quip_miner_metal::combined: combined route assigned engine="metal" job_id=study:3218:20009 metal_eligible=true ane_eligible=false
2026-09-21T19:06:17.844747Z DEBUG quip_miner_metal::combined: combined route assigned engine="metal" job_id=study:3217:20005 metal_eligible=true ane_eligible=false
2026-09-21T19:06:17.844875Z DEBUG quip_miner_metal::combined: combined route assigned engine="metal" job_id=study:3217:20006 metal_eligible=true ane_eligible=false
2026-09-21T19:06:17.845003Z DEBUG quip_miner_metal::combined: combined route assigned engine="metal" job_id=study:3217:20007 metal_eligible=true ane_eligible=false
2026-09-21T19:06:17.845130Z DEBUG quip_miner_metal::combined: combined route assigned engine="metal" job_id=study:3217:20008 metal_eligible=true ane_eligible=false
2026-09-21T19:06:17.845268Z DEBUG quip_miner_metal::combined: combined route assigned engine="metal" job_id=study:3217:20009 metal_eligible=true ane_eligible=false
2026-09-21T19:06:17.845396Z DEBUG quip_miner_metal::combined: combined route assigned engine="metal" job_id=study:3216:20005 metal_eligible=true ane_eligible=false
2026-09-21T19:06:17.845524Z DEBUG quip_miner_metal::combined: combined route assigned engine="metal" job_id=study:3216:20006 metal_eligible=true ane_eligible=false
2026-09-21T19:06:17.845651Z DEBUG quip_miner_metal::combined: combined route assigned engine="metal" job_id=study:3216:20007 metal_eligible=true ane_eligible=false
2026-09-21T19:06:17.845787Z DEBUG quip_miner_metal::combined: combined route assigned engine="metal" job_id=study:3216:20008 metal_eligible=true ane_eligible=false
2026-09-21T19:06:17.845915Z DEBUG quip_miner_metal::combined: combined route assigned engine="metal" job_id=study:3216:20009 metal_eligible=true ane_eligible=false
2026-09-21T19:06:17.846042Z DEBUG quip_miner_metal::combined: combined route assigned engine="metal" job_id=study:3215:20005 metal_eligible=true ane_eligible=false
2026-09-21T19:06:17.846169Z DEBUG quip_miner_metal::combined: combined route assigned engine="metal" job_id=study:3215:20006 metal_eligible=true ane_eligible=false
2026-09-21T19:06:17.846297Z DEBUG quip_miner_metal::combined: combined route assigned engine="metal" job_id=study:3215:20007 metal_eligible=true ane_eligible=false
2026-09-21T19:06:17.846424Z DEBUG quip_miner_metal::combined: combined route assigned engine="metal" job_id=study:3215:20008 metal_eligible=true ane_eligible=false
2026-09-21T19:06:17.846550Z DEBUG quip_miner_metal::combined: combined route assigned engine="metal" job_id=study:3215:20009 metal_eligible=true ane_eligible=false
2026-09-21T19:06:17.882515Z DEBUG quip_miner_metal::combined: combined route completed engine="metal" job_id=study:3222:20005 outcome="completed" device_access_time_us=2676135
2026-09-21T19:06:17.882541Z DEBUG quip_miner_metal::combined: combined route completed engine="metal" job_id=study:3222:20006 outcome="completed" device_access_time_us=2676135
2026-09-21T19:06:17.882546Z DEBUG quip_miner_metal::combined: combined route completed engine="metal" job_id=study:3222:20007 outcome="completed" device_access_time_us=2676135
2026-09-21T19:06:17.882550Z DEBUG quip_miner_metal::combined: combined route completed engine="metal" job_id=study:3222:20008 outcome="completed" device_access_time_us=2676135
2026-09-21T19:06:17.882553Z DEBUG quip_miner_metal::combined: combined route completed engine="metal" job_id=study:3222:20009 outcome="completed" device_access_time_us=2676135
2026-09-21T19:06:17.882556Z DEBUG quip_miner_metal::combined: combined route completed engine="metal" job_id=study:3221:20005 outcome="completed" device_access_time_us=2676135
2026-09-21T19:06:17.882558Z DEBUG quip_miner_metal::combined: combined route completed engine="metal" job_id=study:3221:20006 outcome="completed" device_access_time_us=2676135
2026-09-21T19:06:17.882560Z DEBUG quip_miner_metal::combined: combined route completed engine="metal" job_id=study:3221:20007 outcome="completed" device_access_time_us=2676135
2026-09-21T19:06:17.882563Z DEBUG quip_miner_metal::combined: combined route completed engine="metal" job_id=study:3221:20008 outcome="completed" device_access_time_us=2676135
2026-09-21T19:06:17.882565Z DEBUG quip_miner_metal::combined: combined route completed engine="metal" job_id=study:3221:20009 outcome="completed" device_access_time_us=2676135
2026-09-21T19:06:17.882567Z DEBUG quip_miner_metal::combined: combined route completed engine="metal" job_id=study:3220:20005 outcome="completed" device_access_time_us=2676135
2026-09-21T19:06:17.882570Z DEBUG quip_miner_metal::combined: combined route completed engine="metal" job_id=study:3220:20006 outcome="completed" device_access_time_us=2676135
2026-09-21T19:06:17.882572Z DEBUG quip_miner_metal::combined: combined route completed engine="metal" job_id=study:3220:20007 outcome="completed" device_access_time_us=2676135
2026-09-21T19:06:17.882574Z DEBUG quip_miner_metal::combined: combined route completed engine="metal" job_id=study:3220:20008 outcome="completed" device_access_time_us=2676135
2026-09-21T19:06:17.882576Z DEBUG quip_miner_metal::combined: combined route completed engine="metal" job_id=study:3220:20009 outcome="completed" device_access_time_us=2676135
2026-09-21T19:06:17.882578Z DEBUG quip_miner_metal::combined: combined route completed engine="metal" job_id=study:3219:20005 outcome="completed" device_access_time_us=2676135
2026-09-21T19:06:17.882581Z DEBUG quip_miner_metal::combined: combined route completed engine="metal" job_id=study:3219:20006 outcome="completed" device_access_time_us=2676135
2026-09-21T19:06:17.882592Z DEBUG quip_miner_metal::combined: combined route completed engine="metal" job_id=study:3219:20007 outcome="completed" device_access_time_us=2676135
2026-09-21T19:06:17.882594Z DEBUG quip_miner_metal::combined: combined route completed engine="metal" job_id=study:3219:20008 outcome="completed" device_access_time_us=2676135
2026-09-21T19:06:17.882597Z DEBUG quip_miner_metal::combined: combined route completed engine="metal" job_id=study:3219:20009 outcome="completed" device_access_time_us=2676135
2026-09-21T19:06:17.882600Z DEBUG quip_miner_metal::combined: combined route assigned engine="metal" job_id=study:3214:20005 metal_eligible=true ane_eligible=false
2026-09-21T19:06:17.882705Z DEBUG quip_miner_metal::combined: combined route assigned engine="metal" job_id=study:3214:20006 metal_eligible=true ane_eligible=false
2026-09-21T19:06:17.882857Z DEBUG quip_miner_metal::combined: combined route assigned engine="metal" job_id=study:3214:20007 metal_eligible=true ane_eligible=false
2026-09-21T19:06:17.883010Z DEBUG quip_miner_metal::combined: combined route assigned engine="metal" job_id=study:3214:20008 metal_eligible=true ane_eligible=false
2026-09-21T19:06:17.883159Z DEBUG quip_miner_metal::combined: combined route assigned engine="metal" job_id=study:3214:20009 metal_eligible=true ane_eligible=false
2026-09-21T19:06:17.883264Z DEBUG quip_miner_metal::combined: combined route assigned engine="metal" job_id=study:3213:20005 metal_eligible=true ane_eligible=false
2026-09-21T19:06:17.883369Z DEBUG quip_miner_metal::combined: combined route assigned engine="metal" job_id=study:3213:20006 metal_eligible=true ane_eligible=false
2026-09-21T19:06:17.883473Z DEBUG quip_miner_metal::combined: combined route assigned engine="metal" job_id=study:3213:20007 metal_eligible=true ane_eligible=false
2026-09-21T19:06:17.883577Z DEBUG quip_miner_metal::combined: combined route assigned engine="metal" job_id=study:3213:20008 metal_eligible=true ane_eligible=false
2026-09-21T19:06:17.883682Z DEBUG quip_miner_metal::combined: combined route assigned engine="metal" job_id=study:3213:20009 metal_eligible=true ane_eligible=false
2026-09-21T19:06:17.883790Z DEBUG quip_miner_metal::combined: combined route assigned engine="metal" job_id=study:3212:20005 metal_eligible=true ane_eligible=false
2026-09-21T19:06:17.883898Z DEBUG quip_miner_metal::combined: combined route assigned engine="metal" job_id=study:3212:20006 metal_eligible=true ane_eligible=false
2026-09-21T19:06:17.884003Z DEBUG quip_miner_metal::combined: combined route assigned engine="metal" job_id=study:3212:20007 metal_eligible=true ane_eligible=false
2026-09-21T19:06:17.884107Z DEBUG quip_miner_metal::combined: combined route assigned engine="metal" job_id=study:3212:20008 metal_eligible=true ane_eligible=false
2026-09-21T19:06:17.884212Z DEBUG quip_miner_metal::combined: combined route assigned engine="metal" job_id=study:3212:20009 metal_eligible=true ane_eligible=false
2026-09-21T19:06:17.884316Z DEBUG quip_miner_metal::combined: combined route assigned engine="metal" job_id=study:3211:20005 metal_eligible=true ane_eligible=false
2026-09-21T19:06:17.884421Z DEBUG quip_miner_metal::combined: combined route assigned engine="metal" job_id=study:3211:20006 metal_eligible=true ane_eligible=false
2026-09-21T19:06:17.884525Z DEBUG quip_miner_metal::combined: combined route assigned engine="metal" job_id=study:3211:20007 metal_eligible=true ane_eligible=false
2026-09-21T19:06:17.884635Z DEBUG quip_miner_metal::combined: combined route assigned engine="metal" job_id=study:3211:20008 metal_eligible=true ane_eligible=false
2026-09-21T19:06:17.884744Z DEBUG quip_miner_metal::combined: combined route assigned engine="metal" job_id=study:3211:20009 metal_eligible=true ane_eligible=false
2026-09-21T19:06:20.885818Z DEBUG quip_miner_metal::combined: combined route completed engine="metal" job_id=study:3218:20005 outcome="completed" device_access_time_us=2739251
2026-09-21T19:06:20.885857Z DEBUG quip_miner_metal::combined: combined route completed engine="metal" job_id=study:3218:20006 outcome="completed" device_access_time_us=2739251
2026-09-21T19:06:20.885863Z DEBUG quip_miner_metal::combined: combined route completed engine="metal" job_id=study:3218:20007 outcome="completed" device_access_time_us=2739251
2026-09-21T19:06:20.885867Z DEBUG quip_miner_metal::combined: combined route completed engine="metal" job_id=study:3218:20008 outcome="completed" device_access_time_us=2739251
2026-09-21T19:06:20.885871Z DEBUG quip_miner_metal::combined: combined route completed engine="metal" job_id=study:3218:20009 outcome="completed" device_access_time_us=2739251
2026-09-21T19:06:20.885875Z DEBUG quip_miner_metal::combined: combined route completed engine="metal" job_id=study:3217:20005 outcome="completed" device_access_time_us=2739251
2026-09-21T19:06:20.885878Z DEBUG quip_miner_metal::combined: combined route completed engine="metal" job_id=study:3217:20006 outcome="completed" device_access_time_us=2739251
2026-09-21T19:06:20.885882Z DEBUG quip_miner_metal::combined: combined route completed engine="metal" job_id=study:3217:20007 outcome="completed" device_access_time_us=2739251
2026-09-21T19:06:20.885885Z DEBUG quip_miner_metal::combined: combined route completed engine="metal" job_id=study:3217:20008 outcome="completed" device_access_time_us=2739251
2026-09-21T19:06:20.885888Z DEBUG quip_miner_metal::combined: combined route completed engine="metal" job_id=study:3217:20009 outcome="completed" device_access_time_us=2739251
2026-09-21T19:06:20.885890Z DEBUG quip_miner_metal::combined: combined route completed engine="metal" job_id=study:3216:20005 outcome="completed" device_access_time_us=2739251
2026-09-21T19:06:20.885893Z DEBUG quip_miner_metal::combined: combined route completed engine="metal" job_id=study:3216:20006 outcome="completed" device_access_time_us=2739251
2026-09-21T19:06:20.885895Z DEBUG quip_miner_metal::combined: combined route completed engine="metal" job_id=study:3216:20007 outcome="completed" device_access_time_us=2739251
2026-09-21T19:06:20.885898Z DEBUG quip_miner_metal::combined: combined route completed engine="metal" job_id=study:3216:20008 outcome="completed" device_access_time_us=2739251
2026-09-21T19:06:20.885900Z DEBUG quip_miner_metal::combined: combined route completed engine="metal" job_id=study:3216:20009 outcome="completed" device_access_time_us=2739251
2026-09-21T19:06:20.885902Z DEBUG quip_miner_metal::combined: combined route completed engine="metal" job_id=study:3215:20005 outcome="completed" device_access_time_us=2739251
2026-09-21T19:06:20.885905Z DEBUG quip_miner_metal::combined: combined route completed engine="metal" job_id=study:3215:20006 outcome="completed" device_access_time_us=2739251
2026-09-21T19:06:20.885907Z DEBUG quip_miner_metal::combined: combined route completed engine="metal" job_id=study:3215:20007 outcome="completed" device_access_time_us=2739251
2026-09-21T19:06:20.885910Z DEBUG quip_miner_metal::combined: combined route completed engine="metal" job_id=study:3215:20008 outcome="completed" device_access_time_us=2739251
2026-09-21T19:06:20.885912Z DEBUG quip_miner_metal::combined: combined route completed engine="metal" job_id=study:3215:20009 outcome="completed" device_access_time_us=2739251
2026-09-21T19:06:20.885915Z DEBUG quip_miner_metal::combined: combined route assigned engine="metal" job_id=study:3210:20005 metal_eligible=true ane_eligible=false
2026-09-21T19:06:20.886021Z DEBUG quip_miner_metal::combined: combined route assigned engine="metal" job_id=study:3210:20006 metal_eligible=true ane_eligible=false
2026-09-21T19:06:20.886130Z DEBUG quip_miner_metal::combined: combined route assigned engine="metal" job_id=study:3210:20007 metal_eligible=true ane_eligible=false
2026-09-21T19:06:20.886239Z DEBUG quip_miner_metal::combined: combined route assigned engine="metal" job_id=study:3210:20008 metal_eligible=true ane_eligible=false
2026-09-21T19:06:20.886350Z DEBUG quip_miner_metal::combined: combined route assigned engine="metal" job_id=study:3210:20009 metal_eligible=true ane_eligible=false
2026-09-21T19:06:20.886463Z DEBUG quip_miner_metal::combined: combined route assigned engine="metal" job_id=study:3209:20005 metal_eligible=true ane_eligible=false
2026-09-21T19:06:20.886567Z DEBUG quip_miner_metal::combined: combined route assigned engine="metal" job_id=study:3209:20006 metal_eligible=true ane_eligible=false
2026-09-21T19:06:20.886672Z DEBUG quip_miner_metal::combined: combined route assigned engine="metal" job_id=study:3209:20007 metal_eligible=true ane_eligible=false
2026-09-21T19:06:20.886777Z DEBUG quip_miner_metal::combined: combined route assigned engine="metal" job_id=study:3209:20008 metal_eligible=true ane_eligible=false
2026-09-21T19:06:20.886882Z DEBUG quip_miner_metal::combined: combined route assigned engine="metal" job_id=study:3209:20009 metal_eligible=true ane_eligible=false
2026-09-21T19:06:20.886986Z DEBUG quip_miner_metal::combined: combined route assigned engine="metal" job_id=study:3208:20005 metal_eligible=true ane_eligible=false
2026-09-21T19:06:20.887091Z DEBUG quip_miner_metal::combined: combined route assigned engine="metal" job_id=study:3208:20006 metal_eligible=true ane_eligible=false
2026-09-21T19:06:20.887196Z DEBUG quip_miner_metal::combined: combined route assigned engine="metal" job_id=study:3208:20007 metal_eligible=true ane_eligible=false
2026-09-21T19:06:20.887300Z DEBUG quip_miner_metal::combined: combined route assigned engine="metal" job_id=study:3208:20008 metal_eligible=true ane_eligible=false
2026-09-21T19:06:20.887409Z DEBUG quip_miner_metal::combined: combined route assigned engine="metal" job_id=study:3208:20009 metal_eligible=true ane_eligible=false
2026-09-21T19:06:20.887514Z DEBUG quip_miner_metal::combined: combined route assigned engine="metal" job_id=study:3207:20005 metal_eligible=true ane_eligible=false
2026-09-21T19:06:20.887618Z DEBUG quip_miner_metal::combined: combined route assigned engine="metal" job_id=study:3207:20006 metal_eligible=true ane_eligible=false
2026-09-21T19:06:20.887723Z DEBUG quip_miner_metal::combined: combined route assigned engine="metal" job_id=study:3207:20007 metal_eligible=true ane_eligible=false
2026-09-21T19:06:20.887828Z DEBUG quip_miner_metal::combined: combined route assigned engine="metal" job_id=study:3207:20008 metal_eligible=true ane_eligible=false
2026-09-21T19:06:20.887932Z DEBUG quip_miner_metal::combined: combined route assigned engine="metal" job_id=study:3207:20009 metal_eligible=true ane_eligible=false
2026-09-21T19:06:20.900063Z DEBUG quip_miner_metal::combined: combined route completed engine="metal" job_id=study:3214:20005 outcome="completed" device_access_time_us=2977595
2026-09-21T19:06:20.900092Z DEBUG quip_miner_metal::combined: combined route completed engine="metal" job_id=study:3214:20006 outcome="completed" device_access_time_us=2977595
2026-09-21T19:06:20.900099Z DEBUG quip_miner_metal::combined: combined route completed engine="metal" job_id=study:3214:20007 outcome="completed" device_access_time_us=2977595
2026-09-21T19:06:20.900104Z DEBUG quip_miner_metal::combined: combined route completed engine="metal" job_id=study:3214:20008 outcome="completed" device_access_time_us=2977595
2026-09-21T19:06:20.900108Z DEBUG quip_miner_metal::combined: combined route completed engine="metal" job_id=study:3214:20009 outcome="completed" device_access_time_us=2977595
2026-09-21T19:06:20.900112Z DEBUG quip_miner_metal::combined: combined route completed engine="metal" job_id=study:3213:20005 outcome="completed" device_access_time_us=2977595
2026-09-21T19:06:20.900116Z DEBUG quip_miner_metal::combined: combined route completed engine="metal" job_id=study:3213:20006 outcome="completed" device_access_time_us=2977595
2026-09-21T19:06:20.900119Z DEBUG quip_miner_metal::combined: combined route completed engine="metal" job_id=study:3213:20007 outcome="completed" device_access_time_us=2977595
2026-09-21T19:06:20.900122Z DEBUG quip_miner_metal::combined: combined route completed engine="metal" job_id=study:3213:20008 outcome="completed" device_access_time_us=2977595
2026-09-21T19:06:20.900137Z DEBUG quip_miner_metal::combined: combined route completed engine="metal" job_id=study:3213:20009 outcome="completed" device_access_time_us=2977595
2026-09-21T19:06:20.900140Z DEBUG quip_miner_metal::combined: combined route completed engine="metal" job_id=study:3212:20005 outcome="completed" device_access_time_us=2977595
2026-09-21T19:06:20.900143Z DEBUG quip_miner_metal::combined: combined route completed engine="metal" job_id=study:3212:20006 outcome="completed" device_access_time_us=2977595
2026-09-21T19:06:20.900146Z DEBUG quip_miner_metal::combined: combined route completed engine="metal" job_id=study:3212:20007 outcome="completed" device_access_time_us=2977595
2026-09-21T19:06:20.900149Z DEBUG quip_miner_metal::combined: combined route completed engine="metal" job_id=study:3212:20008 outcome="completed" device_access_time_us=2977595
2026-09-21T19:06:20.900152Z DEBUG quip_miner_metal::combined: combined route completed engine="metal" job_id=study:3212:20009 outcome="completed" device_access_time_us=2977595
2026-09-21T19:06:20.900155Z DEBUG quip_miner_metal::combined: combined route completed engine="metal" job_id=study:3211:20005 outcome="completed" device_access_time_us=2977595
2026-09-21T19:06:20.900157Z DEBUG quip_miner_metal::combined: combined route completed engine="metal" job_id=study:3211:20006 outcome="completed" device_access_time_us=2977595
2026-09-21T19:06:20.900160Z DEBUG quip_miner_metal::combined: combined route completed engine="metal" job_id=study:3211:20007 outcome="completed" device_access_time_us=2977595
2026-09-21T19:06:20.900163Z DEBUG quip_miner_metal::combined: combined route completed engine="metal" job_id=study:3211:20008 outcome="completed" device_access_time_us=2977595
2026-09-21T19:06:20.900166Z DEBUG quip_miner_metal::combined: combined route completed engine="metal" job_id=study:3211:20009 outcome="completed" device_access_time_us=2977595
2026-09-21T19:06:20.900169Z DEBUG quip_miner_metal::combined: combined route assigned engine="metal" job_id=study:3206:20005 metal_eligible=true ane_eligible=false
2026-09-21T19:06:20.900299Z DEBUG quip_miner_metal::combined: combined route assigned engine="metal" job_id=study:3206:20006 metal_eligible=true ane_eligible=false
2026-09-21T19:06:20.900427Z DEBUG quip_miner_metal::combined: combined route assigned engine="metal" job_id=study:3206:20007 metal_eligible=true ane_eligible=false
2026-09-21T19:06:20.900555Z DEBUG quip_miner_metal::combined: combined route assigned engine="metal" job_id=study:3206:20008 metal_eligible=true ane_eligible=false
2026-09-21T19:06:20.900682Z DEBUG quip_miner_metal::combined: combined route assigned engine="metal" job_id=study:3206:20009 metal_eligible=true ane_eligible=false
2026-09-21T19:06:20.900810Z DEBUG quip_miner_metal::combined: combined route assigned engine="metal" job_id=study:3205:20005 metal_eligible=true ane_eligible=false
2026-09-21T19:06:20.900936Z DEBUG quip_miner_metal::combined: combined route assigned engine="metal" job_id=study:3205:20006 metal_eligible=true ane_eligible=false
2026-09-21T19:06:20.901064Z DEBUG quip_miner_metal::combined: combined route assigned engine="metal" job_id=study:3205:20007 metal_eligible=true ane_eligible=false
2026-09-21T19:06:20.901191Z DEBUG quip_miner_metal::combined: combined route assigned engine="metal" job_id=study:3205:20008 metal_eligible=true ane_eligible=false
2026-09-21T19:06:20.901318Z DEBUG quip_miner_metal::combined: combined route assigned engine="metal" job_id=study:3205:20009 metal_eligible=true ane_eligible=false
2026-09-21T19:06:20.901445Z DEBUG quip_miner_metal::combined: combined route assigned engine="metal" job_id=study:3204:20005 metal_eligible=true ane_eligible=false
2026-09-21T19:06:20.901573Z DEBUG quip_miner_metal::combined: combined route assigned engine="metal" job_id=study:3204:20006 metal_eligible=true ane_eligible=false
2026-09-21T19:06:20.901700Z DEBUG quip_miner_metal::combined: combined route assigned engine="metal" job_id=study:3204:20007 metal_eligible=true ane_eligible=false
2026-09-21T19:06:20.901828Z DEBUG quip_miner_metal::combined: combined route assigned engine="metal" job_id=study:3204:20008 metal_eligible=true ane_eligible=false
2026-09-21T19:06:20.901955Z DEBUG quip_miner_metal::combined: combined route assigned engine="metal" job_id=study:3204:20009 metal_eligible=true ane_eligible=false
2026-09-21T19:06:20.902083Z DEBUG quip_miner_metal::combined: combined route assigned engine="metal" job_id=study:3203:20005 metal_eligible=true ane_eligible=false
2026-09-21T19:06:20.902211Z DEBUG quip_miner_metal::combined: combined route assigned engine="metal" job_id=study:3203:20006 metal_eligible=true ane_eligible=false
2026-09-21T19:06:20.902339Z DEBUG quip_miner_metal::combined: combined route assigned engine="metal" job_id=study:3203:20007 metal_eligible=true ane_eligible=false
2026-09-21T19:06:20.902467Z DEBUG quip_miner_metal::combined: combined route assigned engine="metal" job_id=study:3203:20008 metal_eligible=true ane_eligible=false
2026-09-21T19:06:20.902595Z DEBUG quip_miner_metal::combined: combined route assigned engine="metal" job_id=study:3203:20009 metal_eligible=true ane_eligible=false
2026-09-21T19:06:23.946200Z DEBUG quip_miner_metal::combined: combined route completed engine="metal" job_id=study:3210:20005 outcome="completed" device_access_time_us=2934052
2026-09-21T19:06:23.946236Z DEBUG quip_miner_metal::combined: combined route completed engine="metal" job_id=study:3210:20006 outcome="completed" device_access_time_us=2934052
2026-09-21T19:06:23.946243Z DEBUG quip_miner_metal::combined: combined route completed engine="metal" job_id=study:3210:20007 outcome="completed" device_access_time_us=2934052
2026-09-21T19:06:23.946248Z DEBUG quip_miner_metal::combined: combined route completed engine="metal" job_id=study:3210:20008 outcome="completed" device_access_time_us=2934052
2026-09-21T19:06:23.946251Z DEBUG quip_miner_metal::combined: combined route completed engine="metal" job_id=study:3210:20009 outcome="completed" device_access_time_us=2934052
2026-09-21T19:06:23.946254Z DEBUG quip_miner_metal::combined: combined route completed engine="metal" job_id=study:3209:20005 outcome="completed" device_access_time_us=2934052
2026-09-21T19:06:23.946257Z DEBUG quip_miner_metal::combined: combined route completed engine="metal" job_id=study:3209:20006 outcome="completed" device_access_time_us=2934052
2026-09-21T19:06:23.946260Z DEBUG quip_miner_metal::combined: combined route completed engine="metal" job_id=study:3209:20007 outcome="completed" device_access_time_us=2934052
2026-09-21T19:06:23.946263Z DEBUG quip_miner_metal::combined: combined route completed engine="metal" job_id=study:3209:20008 outcome="completed" device_access_time_us=2934052
2026-09-21T19:06:23.946265Z DEBUG quip_miner_metal::combined: combined route completed engine="metal" job_id=study:3209:20009 outcome="completed" device_access_time_us=2934052
2026-09-21T19:06:23.946268Z DEBUG quip_miner_metal::combined: combined route completed engine="metal" job_id=study:3208:20005 outcome="completed" device_access_time_us=2934052
2026-09-21T19:06:23.946270Z DEBUG quip_miner_metal::combined: combined route completed engine="metal" job_id=study:3208:20006 outcome="completed" device_access_time_us=2934052
2026-09-21T19:06:23.946272Z DEBUG quip_miner_metal::combined: combined route completed engine="metal" job_id=study:3208:20007 outcome="completed" device_access_time_us=2934052
2026-09-21T19:06:23.946275Z DEBUG quip_miner_metal::combined: combined route completed engine="metal" job_id=study:3208:20008 outcome="completed" device_access_time_us=2934052
2026-09-21T19:06:23.946277Z DEBUG quip_miner_metal::combined: combined route completed engine="metal" job_id=study:3208:20009 outcome="completed" device_access_time_us=2934052
2026-09-21T19:06:23.946280Z DEBUG quip_miner_metal::combined: combined route completed engine="metal" job_id=study:3207:20005 outcome="completed" device_access_time_us=2934052
2026-09-21T19:06:23.946282Z DEBUG quip_miner_metal::combined: combined route completed engine="metal" job_id=study:3207:20006 outcome="completed" device_access_time_us=2934052
2026-09-21T19:06:23.946284Z DEBUG quip_miner_metal::combined: combined route completed engine="metal" job_id=study:3207:20007 outcome="completed" device_access_time_us=2934052
2026-09-21T19:06:23.946287Z DEBUG quip_miner_metal::combined: combined route completed engine="metal" job_id=study:3207:20008 outcome="completed" device_access_time_us=2934052
2026-09-21T19:06:23.946289Z DEBUG quip_miner_metal::combined: combined route completed engine="metal" job_id=study:3207:20009 outcome="completed" device_access_time_us=2934052
2026-09-21T19:06:23.946292Z DEBUG quip_miner_metal::combined: combined route assigned engine="metal" job_id=study:3202:20005 metal_eligible=true ane_eligible=false
2026-09-21T19:06:23.946399Z DEBUG quip_miner_metal::combined: combined route assigned engine="metal" job_id=study:3202:20006 metal_eligible=true ane_eligible=false
2026-09-21T19:06:23.946505Z DEBUG quip_miner_metal::combined: combined route assigned engine="metal" job_id=study:3202:20007 metal_eligible=true ane_eligible=false
2026-09-21T19:06:23.946610Z DEBUG quip_miner_metal::combined: combined route assigned engine="metal" job_id=study:3202:20008 metal_eligible=true ane_eligible=false
2026-09-21T19:06:23.946715Z DEBUG quip_miner_metal::combined: combined route assigned engine="metal" job_id=study:3202:20009 metal_eligible=true ane_eligible=false
2026-09-21T19:06:23.946820Z DEBUG quip_miner_metal::combined: combined route assigned engine="metal" job_id=study:3201:20005 metal_eligible=true ane_eligible=false
2026-09-21T19:06:23.946931Z DEBUG quip_miner_metal::combined: combined route assigned engine="metal" job_id=study:3201:20006 metal_eligible=true ane_eligible=false
2026-09-21T19:06:23.947036Z DEBUG quip_miner_metal::combined: combined route assigned engine="metal" job_id=study:3201:20007 metal_eligible=true ane_eligible=false
2026-09-21T19:06:23.947140Z DEBUG quip_miner_metal::combined: combined route assigned engine="metal" job_id=study:3201:20008 metal_eligible=true ane_eligible=false
2026-09-21T19:06:23.947245Z DEBUG quip_miner_metal::combined: combined route assigned engine="metal" job_id=study:3201:20009 metal_eligible=true ane_eligible=false
2026-09-21T19:06:23.947351Z DEBUG quip_miner_metal::combined: combined route assigned engine="metal" job_id=study:3200:20005 metal_eligible=true ane_eligible=false
2026-09-21T19:06:23.947459Z DEBUG quip_miner_metal::combined: combined route assigned engine="metal" job_id=study:3200:20006 metal_eligible=true ane_eligible=false
2026-09-21T19:06:23.947564Z DEBUG quip_miner_metal::combined: combined route assigned engine="metal" job_id=study:3200:20007 metal_eligible=true ane_eligible=false
2026-09-21T19:06:23.947671Z DEBUG quip_miner_metal::combined: combined route assigned engine="metal" job_id=study:3200:20008 metal_eligible=true ane_eligible=false
2026-09-21T19:06:23.947778Z DEBUG quip_miner_metal::combined: combined route assigned engine="metal" job_id=study:3200:20009 metal_eligible=true ane_eligible=false
2026-09-21T19:06:23.947882Z DEBUG quip_miner_metal::combined: combined route assigned engine="metal" job_id=study:3199:20005 metal_eligible=true ane_eligible=false
2026-09-21T19:06:23.947987Z DEBUG quip_miner_metal::combined: combined route assigned engine="metal" job_id=study:3199:20006 metal_eligible=true ane_eligible=false
2026-09-21T19:06:23.948092Z DEBUG quip_miner_metal::combined: combined route assigned engine="metal" job_id=study:3199:20007 metal_eligible=true ane_eligible=false
2026-09-21T19:06:23.948196Z DEBUG quip_miner_metal::combined: combined route assigned engine="metal" job_id=study:3199:20008 metal_eligible=true ane_eligible=false
2026-09-21T19:06:23.948300Z DEBUG quip_miner_metal::combined: combined route assigned engine="metal" job_id=study:3199:20009 metal_eligible=true ane_eligible=false
2026-09-21T19:06:24.008333Z DEBUG quip_miner_metal::combined: combined route completed engine="metal" job_id=study:3206:20005 outcome="completed" device_access_time_us=2759787
2026-09-21T19:06:24.008369Z DEBUG quip_miner_metal::combined: combined route completed engine="metal" job_id=study:3206:20006 outcome="completed" device_access_time_us=2759787
2026-09-21T19:06:24.008377Z DEBUG quip_miner_metal::combined: combined route completed engine="metal" job_id=study:3206:20007 outcome="completed" device_access_time_us=2759787
2026-09-21T19:06:24.008382Z DEBUG quip_miner_metal::combined: combined route completed engine="metal" job_id=study:3206:20008 outcome="completed" device_access_time_us=2759787
2026-09-21T19:06:24.008385Z DEBUG quip_miner_metal::combined: combined route completed engine="metal" job_id=study:3206:20009 outcome="completed" device_access_time_us=2759787
2026-09-21T19:06:24.008388Z DEBUG quip_miner_metal::combined: combined route completed engine="metal" job_id=study:3205:20005 outcome="completed" device_access_time_us=2759787
2026-09-21T19:06:24.008391Z DEBUG quip_miner_metal::combined: combined route completed engine="metal" job_id=study:3205:20006 outcome="completed" device_access_time_us=2759787
2026-09-21T19:06:24.008394Z DEBUG quip_miner_metal::combined: combined route completed engine="metal" job_id=study:3205:20007 outcome="completed" device_access_time_us=2759787
2026-09-21T19:06:24.008397Z DEBUG quip_miner_metal::combined: combined route completed engine="metal" job_id=study:3205:20008 outcome="completed" device_access_time_us=2759787
2026-09-21T19:06:24.008399Z DEBUG quip_miner_metal::combined: combined route completed engine="metal" job_id=study:3205:20009 outcome="completed" device_access_time_us=2759787
2026-09-21T19:06:24.008402Z DEBUG quip_miner_metal::combined: combined route completed engine="metal" job_id=study:3204:20005 outcome="completed" device_access_time_us=2759787
2026-09-21T19:06:24.008404Z DEBUG quip_miner_metal::combined: combined route completed engine="metal" job_id=study:3204:20006 outcome="completed" device_access_time_us=2759787
2026-09-21T19:06:24.008406Z DEBUG quip_miner_metal::combined: combined route completed engine="metal" job_id=study:3204:20007 outcome="completed" device_access_time_us=2759787
2026-09-21T19:06:24.008408Z DEBUG quip_miner_metal::combined: combined route completed engine="metal" job_id=study:3204:20008 outcome="completed" device_access_time_us=2759787
2026-09-21T19:06:24.008410Z DEBUG quip_miner_metal::combined: combined route completed engine="metal" job_id=study:3204:20009 outcome="completed" device_access_time_us=2759787
2026-09-21T19:06:24.008413Z DEBUG quip_miner_metal::combined: combined route completed engine="metal" job_id=study:3203:20005 outcome="completed" device_access_time_us=2759787
2026-09-21T19:06:24.008415Z DEBUG quip_miner_metal::combined: combined route completed engine="metal" job_id=study:3203:20006 outcome="completed" device_access_time_us=2759787
2026-09-21T19:06:24.008417Z DEBUG quip_miner_metal::combined: combined route completed engine="metal" job_id=study:3203:20007 outcome="completed" device_access_time_us=2759787
2026-09-21T19:06:24.008419Z DEBUG quip_miner_metal::combined: combined route completed engine="metal" job_id=study:3203:20008 outcome="completed" device_access_time_us=2759787
2026-09-21T19:06:24.008421Z DEBUG quip_miner_metal::combined: combined route completed engine="metal" job_id=study:3203:20009 outcome="completed" device_access_time_us=2759787
2026-09-21T19:06:24.008424Z DEBUG quip_miner_metal::combined: combined route assigned engine="metal" job_id=study:3198:20005 metal_eligible=true ane_eligible=false
2026-09-21T19:06:24.008530Z DEBUG quip_miner_metal::combined: combined route assigned engine="metal" job_id=study:3198:20006 metal_eligible=true ane_eligible=false
2026-09-21T19:06:24.008635Z DEBUG quip_miner_metal::combined: combined route assigned engine="metal" job_id=study:3198:20007 metal_eligible=true ane_eligible=false
2026-09-21T19:06:24.008740Z DEBUG quip_miner_metal::combined: combined route assigned engine="metal" job_id=study:3198:20008 metal_eligible=true ane_eligible=false
2026-09-21T19:06:24.008846Z DEBUG quip_miner_metal::combined: combined route assigned engine="metal" job_id=study:3198:20009 metal_eligible=true ane_eligible=false
2026-09-21T19:06:24.008951Z DEBUG quip_miner_metal::combined: combined route assigned engine="metal" job_id=study:3197:20005 metal_eligible=true ane_eligible=false
2026-09-21T19:06:24.009055Z DEBUG quip_miner_metal::combined: combined route assigned engine="metal" job_id=study:3197:20006 metal_eligible=true ane_eligible=false
2026-09-21T19:06:24.009159Z DEBUG quip_miner_metal::combined: combined route assigned engine="metal" job_id=study:3197:20007 metal_eligible=true ane_eligible=false
2026-09-21T19:06:24.009263Z DEBUG quip_miner_metal::combined: combined route assigned engine="metal" job_id=study:3197:20008 metal_eligible=true ane_eligible=false
2026-09-21T19:06:24.009371Z DEBUG quip_miner_metal::combined: combined route assigned engine="metal" job_id=study:3197:20009 metal_eligible=true ane_eligible=false
2026-09-21T19:06:24.009484Z DEBUG quip_miner_metal::combined: combined route assigned engine="metal" job_id=study:3196:20005 metal_eligible=true ane_eligible=false
2026-09-21T19:06:24.009590Z DEBUG quip_miner_metal::combined: combined route assigned engine="metal" job_id=study:3196:20006 metal_eligible=true ane_eligible=false
2026-09-21T19:06:24.009696Z DEBUG quip_miner_metal::combined: combined route assigned engine="metal" job_id=study:3196:20007 metal_eligible=true ane_eligible=false
2026-09-21T19:06:24.009802Z DEBUG quip_miner_metal::combined: combined route assigned engine="metal" job_id=study:3196:20008 metal_eligible=true ane_eligible=false
2026-09-21T19:06:24.009908Z DEBUG quip_miner_metal::combined: combined route assigned engine="metal" job_id=study:3196:20009 metal_eligible=true ane_eligible=false
2026-09-21T19:06:24.010064Z DEBUG quip_miner_metal::combined: combined route assigned engine="metal" job_id=study:3195:20005 metal_eligible=true ane_eligible=false
2026-09-21T19:06:24.010185Z DEBUG quip_miner_metal::combined: combined route assigned engine="metal" job_id=study:3195:20006 metal_eligible=true ane_eligible=false
2026-09-21T19:06:24.010290Z DEBUG quip_miner_metal::combined: combined route assigned engine="metal" job_id=study:3195:20007 metal_eligible=true ane_eligible=false
2026-09-21T19:06:24.010397Z DEBUG quip_miner_metal::combined: combined route assigned engine="metal" job_id=study:3195:20008 metal_eligible=true ane_eligible=false
2026-09-21T19:06:24.010502Z DEBUG quip_miner_metal::combined: combined route assigned engine="metal" job_id=study:3195:20009 metal_eligible=true ane_eligible=false
2026-09-21T19:06:26.997465Z DEBUG quip_miner_metal::combined: combined route completed engine="metal" job_id=study:3202:20005 outcome="completed" device_access_time_us=2705158
2026-09-21T19:06:26.997505Z DEBUG quip_miner_metal::combined: combined route completed engine="metal" job_id=study:3202:20006 outcome="completed" device_access_time_us=2705158
2026-09-21T19:06:26.997511Z DEBUG quip_miner_metal::combined: combined route completed engine="metal" job_id=study:3202:20007 outcome="completed" device_access_time_us=2705158
2026-09-21T19:06:26.997515Z DEBUG quip_miner_metal::combined: combined route completed engine="metal" job_id=study:3202:20008 outcome="completed" device_access_time_us=2705158
2026-09-21T19:06:26.997519Z DEBUG quip_miner_metal::combined: combined route completed engine="metal" job_id=study:3202:20009 outcome="completed" device_access_time_us=2705158
2026-09-21T19:06:26.997522Z DEBUG quip_miner_metal::combined: combined route completed engine="metal" job_id=study:3201:20005 outcome="completed" device_access_time_us=2705158
2026-09-21T19:06:26.997525Z DEBUG quip_miner_metal::combined: combined route completed engine="metal" job_id=study:3201:20006 outcome="completed" device_access_time_us=2705158
2026-09-21T19:06:26.997528Z DEBUG quip_miner_metal::combined: combined route completed engine="metal" job_id=study:3201:20007 outcome="completed" device_access_time_us=2705158
2026-09-21T19:06:26.997530Z DEBUG quip_miner_metal::combined: combined route completed engine="metal" job_id=study:3201:20008 outcome="completed" device_access_time_us=2705158
2026-09-21T19:06:26.997533Z DEBUG quip_miner_metal::combined: combined route completed engine="metal" job_id=study:3201:20009 outcome="completed" device_access_time_us=2705158
2026-09-21T19:06:26.997536Z DEBUG quip_miner_metal::combined: combined route completed engine="metal" job_id=study:3200:20005 outcome="completed" device_access_time_us=2705158
2026-09-21T19:06:26.997539Z DEBUG quip_miner_metal::combined: combined route completed engine="metal" job_id=study:3200:20006 outcome="completed" device_access_time_us=2705158
2026-09-21T19:06:26.997542Z DEBUG quip_miner_metal::combined: combined route completed engine="metal" job_id=study:3200:20007 outcome="completed" device_access_time_us=2705158
2026-09-21T19:06:26.997544Z DEBUG quip_miner_metal::combined: combined route completed engine="metal" job_id=study:3200:20008 outcome="completed" device_access_time_us=2705158
2026-09-21T19:06:26.997547Z DEBUG quip_miner_metal::combined: combined route completed engine="metal" job_id=study:3200:20009 outcome="completed" device_access_time_us=2705158
2026-09-21T19:06:26.997549Z DEBUG quip_miner_metal::combined: combined route completed engine="metal" job_id=study:3199:20005 outcome="completed" device_access_time_us=2705158
2026-09-21T19:06:26.997552Z DEBUG quip_miner_metal::combined: combined route completed engine="metal" job_id=study:3199:20006 outcome="completed" device_access_time_us=2705158
2026-09-21T19:06:26.997555Z DEBUG quip_miner_metal::combined: combined route completed engine="metal" job_id=study:3199:20007 outcome="completed" device_access_time_us=2705158
2026-09-21T19:06:26.997557Z DEBUG quip_miner_metal::combined: combined route completed engine="metal" job_id=study:3199:20008 outcome="completed" device_access_time_us=2705158
2026-09-21T19:06:26.997559Z DEBUG quip_miner_metal::combined: combined route completed engine="metal" job_id=study:3199:20009 outcome="completed" device_access_time_us=2705158
2026-09-21T19:06:26.997563Z DEBUG quip_miner_metal::combined: combined route assigned engine="metal" job_id=study:3194:20005 metal_eligible=true ane_eligible=false
2026-09-21T19:06:26.997670Z DEBUG quip_miner_metal::combined: combined route assigned engine="metal" job_id=study:3194:20006 metal_eligible=true ane_eligible=false
2026-09-21T19:06:26.997775Z DEBUG quip_miner_metal::combined: combined route assigned engine="metal" job_id=study:3194:20007 metal_eligible=true ane_eligible=false
2026-09-21T19:06:26.997880Z DEBUG quip_miner_metal::combined: combined route assigned engine="metal" job_id=study:3194:20008 metal_eligible=true ane_eligible=false
2026-09-21T19:06:26.997984Z DEBUG quip_miner_metal::combined: combined route assigned engine="metal" job_id=study:3194:20009 metal_eligible=true ane_eligible=false
2026-09-21T19:06:26.998088Z DEBUG quip_miner_metal::combined: combined route assigned engine="metal" job_id=study:3193:20005 metal_eligible=true ane_eligible=false
2026-09-21T19:06:26.998193Z DEBUG quip_miner_metal::combined: combined route assigned engine="metal" job_id=study:3193:20006 metal_eligible=true ane_eligible=false
2026-09-21T19:06:26.998297Z DEBUG quip_miner_metal::combined: combined route assigned engine="metal" job_id=study:3193:20007 metal_eligible=true ane_eligible=false
2026-09-21T19:06:26.998401Z DEBUG quip_miner_metal::combined: combined route assigned engine="metal" job_id=study:3193:20008 metal_eligible=true ane_eligible=false
2026-09-21T19:06:26.998506Z DEBUG quip_miner_metal::combined: combined route assigned engine="metal" job_id=study:3193:20009 metal_eligible=true ane_eligible=false
2026-09-21T19:06:26.998611Z DEBUG quip_miner_metal::combined: combined route assigned engine="metal" job_id=study:3192:20005 metal_eligible=true ane_eligible=false
2026-09-21T19:06:26.998716Z DEBUG quip_miner_metal::combined: combined route assigned engine="metal" job_id=study:3192:20006 metal_eligible=true ane_eligible=false
2026-09-21T19:06:26.998820Z DEBUG quip_miner_metal::combined: combined route assigned engine="metal" job_id=study:3192:20007 metal_eligible=true ane_eligible=false
2026-09-21T19:06:26.998924Z DEBUG quip_miner_metal::combined: combined route assigned engine="metal" job_id=study:3192:20008 metal_eligible=true ane_eligible=false
2026-09-21T19:06:26.999029Z DEBUG quip_miner_metal::combined: combined route assigned engine="metal" job_id=study:3192:20009 metal_eligible=true ane_eligible=false
2026-09-21T19:06:26.999133Z DEBUG quip_miner_metal::combined: combined route assigned engine="metal" job_id=study:3191:20005 metal_eligible=true ane_eligible=false
2026-09-21T19:06:26.999237Z DEBUG quip_miner_metal::combined: combined route assigned engine="metal" job_id=study:3191:20006 metal_eligible=true ane_eligible=false
2026-09-21T19:06:26.999342Z DEBUG quip_miner_metal::combined: combined route assigned engine="metal" job_id=study:3191:20007 metal_eligible=true ane_eligible=false
2026-09-21T19:06:26.999478Z DEBUG quip_miner_metal::combined: combined route assigned engine="metal" job_id=study:3191:20008 metal_eligible=true ane_eligible=false
2026-09-21T19:06:26.999644Z DEBUG quip_miner_metal::combined: combined route assigned engine="metal" job_id=study:3191:20009 metal_eligible=true ane_eligible=false
2026-09-21T19:06:27.008106Z DEBUG quip_miner_metal::combined: combined route completed engine="metal" job_id=study:3198:20005 outcome="completed" device_access_time_us=2960638
2026-09-21T19:06:27.008142Z DEBUG quip_miner_metal::combined: combined route completed engine="metal" job_id=study:3198:20006 outcome="completed" device_access_time_us=2960638
2026-09-21T19:06:27.008149Z DEBUG quip_miner_metal::combined: combined route completed engine="metal" job_id=study:3198:20007 outcome="completed" device_access_time_us=2960638
2026-09-21T19:06:27.008154Z DEBUG quip_miner_metal::combined: combined route completed engine="metal" job_id=study:3198:20008 outcome="completed" device_access_time_us=2960638
2026-09-21T19:06:27.008159Z DEBUG quip_miner_metal::combined: combined route completed engine="metal" job_id=study:3198:20009 outcome="completed" device_access_time_us=2960638
2026-09-21T19:06:27.008163Z DEBUG quip_miner_metal::combined: combined route completed engine="metal" job_id=study:3197:20005 outcome="completed" device_access_time_us=2960638
2026-09-21T19:06:27.008166Z DEBUG quip_miner_metal::combined: combined route completed engine="metal" job_id=study:3197:20006 outcome="completed" device_access_time_us=2960638
2026-09-21T19:06:27.008169Z DEBUG quip_miner_metal::combined: combined route completed engine="metal" job_id=study:3197:20007 outcome="completed" device_access_time_us=2960638
2026-09-21T19:06:27.008173Z DEBUG quip_miner_metal::combined: combined route completed engine="metal" job_id=study:3197:20008 outcome="completed" device_access_time_us=2960638
2026-09-21T19:06:27.008176Z DEBUG quip_miner_metal::combined: combined route completed engine="metal" job_id=study:3197:20009 outcome="completed" device_access_time_us=2960638
2026-09-21T19:06:27.008179Z DEBUG quip_miner_metal::combined: combined route completed engine="metal" job_id=study:3196:20005 outcome="completed" device_access_time_us=2960638
2026-09-21T19:06:27.008183Z DEBUG quip_miner_metal::combined: combined route completed engine="metal" job_id=study:3196:20006 outcome="completed" device_access_time_us=2960638
2026-09-21T19:06:27.008186Z DEBUG quip_miner_metal::combined: combined route completed engine="metal" job_id=study:3196:20007 outcome="completed" device_access_time_us=2960638
2026-09-21T19:06:27.008189Z DEBUG quip_miner_metal::combined: combined route completed engine="metal" job_id=study:3196:20008 outcome="completed" device_access_time_us=2960638
2026-09-21T19:06:27.008192Z DEBUG quip_miner_metal::combined: combined route completed engine="metal" job_id=study:3196:20009 outcome="completed" device_access_time_us=2960638
2026-09-21T19:06:27.008195Z DEBUG quip_miner_metal::combined: combined route completed engine="metal" job_id=study:3195:20005 outcome="completed" device_access_time_us=2960638
2026-09-21T19:06:27.008198Z DEBUG quip_miner_metal::combined: combined route completed engine="metal" job_id=study:3195:20006 outcome="completed" device_access_time_us=2960638
2026-09-21T19:06:27.008201Z DEBUG quip_miner_metal::combined: combined route completed engine="metal" job_id=study:3195:20007 outcome="completed" device_access_time_us=2960638
2026-09-21T19:06:27.008210Z DEBUG quip_miner_metal::combined: combined route completed engine="metal" job_id=study:3195:20008 outcome="completed" device_access_time_us=2960638
2026-09-21T19:06:27.008214Z DEBUG quip_miner_metal::combined: combined route completed engine="metal" job_id=study:3195:20009 outcome="completed" device_access_time_us=2960638
2026-09-21T19:06:28.890080Z DEBUG quip_miner_metal::combined: combined route completed engine="metal" job_id=study:3194:20005 outcome="completed" device_access_time_us=1847116
2026-09-21T19:06:28.890109Z DEBUG quip_miner_metal::combined: combined route completed engine="metal" job_id=study:3194:20006 outcome="completed" device_access_time_us=1847116
2026-09-21T19:06:28.890116Z DEBUG quip_miner_metal::combined: combined route completed engine="metal" job_id=study:3194:20007 outcome="completed" device_access_time_us=1847116
2026-09-21T19:06:28.890121Z DEBUG quip_miner_metal::combined: combined route completed engine="metal" job_id=study:3194:20008 outcome="completed" device_access_time_us=1847116
2026-09-21T19:06:28.890124Z DEBUG quip_miner_metal::combined: combined route completed engine="metal" job_id=study:3194:20009 outcome="completed" device_access_time_us=1847116
2026-09-21T19:06:28.890127Z DEBUG quip_miner_metal::combined: combined route completed engine="metal" job_id=study:3193:20005 outcome="completed" device_access_time_us=1847116
2026-09-21T19:06:28.890130Z DEBUG quip_miner_metal::combined: combined route completed engine="metal" job_id=study:3193:20006 outcome="completed" device_access_time_us=1847116
2026-09-21T19:06:28.890132Z DEBUG quip_miner_metal::combined: combined route completed engine="metal" job_id=study:3193:20007 outcome="completed" device_access_time_us=1847116
2026-09-21T19:06:28.890135Z DEBUG quip_miner_metal::combined: combined route completed engine="metal" job_id=study:3193:20008 outcome="completed" device_access_time_us=1847116
2026-09-21T19:06:28.890138Z DEBUG quip_miner_metal::combined: combined route completed engine="metal" job_id=study:3193:20009 outcome="completed" device_access_time_us=1847116
2026-09-21T19:06:28.890140Z DEBUG quip_miner_metal::combined: combined route completed engine="metal" job_id=study:3192:20005 outcome="completed" device_access_time_us=1847116
2026-09-21T19:06:28.890143Z DEBUG quip_miner_metal::combined: combined route completed engine="metal" job_id=study:3192:20006 outcome="completed" device_access_time_us=1847116
2026-09-21T19:06:28.890145Z DEBUG quip_miner_metal::combined: combined route completed engine="metal" job_id=study:3192:20007 outcome="completed" device_access_time_us=1847116
2026-09-21T19:06:28.890148Z DEBUG quip_miner_metal::combined: combined route completed engine="metal" job_id=study:3192:20008 outcome="completed" device_access_time_us=1847116
2026-09-21T19:06:28.890150Z DEBUG quip_miner_metal::combined: combined route completed engine="metal" job_id=study:3192:20009 outcome="completed" device_access_time_us=1847116
2026-09-21T19:06:28.890152Z DEBUG quip_miner_metal::combined: combined route completed engine="metal" job_id=study:3191:20005 outcome="completed" device_access_time_us=1847116
2026-09-21T19:06:28.890154Z DEBUG quip_miner_metal::combined: combined route completed engine="metal" job_id=study:3191:20006 outcome="completed" device_access_time_us=1847116
2026-09-21T19:06:28.890156Z DEBUG quip_miner_metal::combined: combined route completed engine="metal" job_id=study:3191:20007 outcome="completed" device_access_time_us=1847116
2026-09-21T19:06:28.890159Z DEBUG quip_miner_metal::combined: combined route completed engine="metal" job_id=study:3191:20008 outcome="completed" device_access_time_us=1847116
2026-09-21T19:06:28.890161Z DEBUG quip_miner_metal::combined: combined route completed engine="metal" job_id=study:3191:20009 outcome="completed" device_access_time_us=1847116
