2026-09-21T19:08:25.153631Z DEBUG quip_miner_metal::combined: combined route assigned engine="metal" job_id=warmup:3250:20015:0 metal_eligible=true ane_eligible=false
2026-09-21T19:08:26.222056Z DEBUG quip_miner_metal::combined: combined route completed engine="metal" job_id=warmup:3250:20015:0 outcome="completed" device_access_time_us=980480
2026-09-21T19:08:26.235771Z DEBUG quip_miner_metal::combined: combined route assigned engine="metal" job_id=study:3250:20015 metal_eligible=true ane_eligible=false
2026-09-21T19:08:26.237222Z DEBUG quip_miner_metal::combined: combined route assigned engine="metal" job_id=study:3250:20016 metal_eligible=true ane_eligible=false
2026-09-21T19:08:26.237384Z DEBUG quip_miner_metal::combined: combined route assigned engine="metal" job_id=study:3250:20017 metal_eligible=true ane_eligible=false
2026-09-21T19:08:26.238797Z DEBUG quip_miner_metal::combined: combined route assigned engine="metal" job_id=study:3250:20018 metal_eligible=true ane_eligible=false
2026-09-21T19:08:26.240215Z DEBUG quip_miner_metal::combined: combined route assigned engine="metal" job_id=study:3250:20019 metal_eligible=true ane_eligible=false
2026-09-21T19:08:26.240371Z DEBUG quip_miner_metal::combined: combined route assigned engine="metal" job_id=study:3249:20015 metal_eligible=true ane_eligible=false
2026-09-21T19:08:26.241788Z DEBUG quip_miner_metal::combined: combined route assigned engine="metal" job_id=study:3249:20016 metal_eligible=true ane_eligible=false
2026-09-21T19:08:26.243053Z DEBUG quip_miner_metal::combined: combined route assigned engine="metal" job_id=study:3249:20017 metal_eligible=true ane_eligible=false
2026-09-21T19:08:26.243219Z DEBUG quip_miner_metal::combined: combined route assigned engine="metal" job_id=study:3249:20018 metal_eligible=true ane_eligible=false
2026-09-21T19:08:26.244627Z DEBUG quip_miner_metal::combined: combined route assigned engine="metal" job_id=study:3249:20019 metal_eligible=true ane_eligible=false
2026-09-21T19:08:26.246039Z DEBUG quip_miner_metal::combined: combined route assigned engine="metal" job_id=study:3248:20015 metal_eligible=true ane_eligible=false
2026-09-21T19:08:26.246192Z DEBUG quip_miner_metal::combined: combined route assigned engine="metal" job_id=study:3248:20016 metal_eligible=true ane_eligible=false
2026-09-21T19:08:26.247595Z DEBUG quip_miner_metal::combined: combined route assigned engine="metal" job_id=study:3248:20017 metal_eligible=true ane_eligible=false
2026-09-21T19:08:26.249007Z DEBUG quip_miner_metal::combined: combined route assigned engine="metal" job_id=study:3248:20018 metal_eligible=true ane_eligible=false
2026-09-21T19:08:26.249164Z DEBUG quip_miner_metal::combined: combined route assigned engine="metal" job_id=study:3248:20019 metal_eligible=true ane_eligible=false
2026-09-21T19:08:26.250569Z DEBUG quip_miner_metal::combined: combined route assigned engine="metal" job_id=study:3247:20015 metal_eligible=true ane_eligible=false
2026-09-21T19:08:26.251981Z DEBUG quip_miner_metal::combined: combined route assigned engine="metal" job_id=study:3247:20016 metal_eligible=true ane_eligible=false
2026-09-21T19:08:26.252140Z DEBUG quip_miner_metal::combined: combined route assigned engine="metal" job_id=study:3247:20017 metal_eligible=true ane_eligible=false
2026-09-21T19:08:26.253548Z DEBUG quip_miner_metal::combined: combined route assigned engine="metal" job_id=study:3247:20018 metal_eligible=true ane_eligible=false
2026-09-21T19:08:26.254970Z DEBUG quip_miner_metal::combined: combined route assigned engine="metal" job_id=study:3247:20019 metal_eligible=true ane_eligible=false
2026-09-21T19:08:26.255132Z DEBUG quip_miner_metal::combined: combined route assigned engine="metal" job_id=study:3246:20015 metal_eligible=true ane_eligible=false
2026-09-21T19:08:26.256546Z DEBUG quip_miner_metal::combined: combined route assigned engine="metal" job_id=study:3246:20016 metal_eligible=true ane_eligible=false
2026-09-21T19:08:26.257991Z DEBUG quip_miner_metal::combined: combined route assigned engine="metal" job_id=study:3246:20017 metal_eligible=true ane_eligible=false
2026-09-21T19:08:26.258175Z DEBUG quip_miner_metal::combined: combined route assigned engine="metal" job_id=study:3246:20018 metal_eligible=true ane_eligible=false
2026-09-21T19:08:26.259593Z DEBUG quip_miner_metal::combined: combined route assigned engine="metal" job_id=study:3246:20019 metal_eligible=true ane_eligible=false
2026-09-21T19:08:26.261009Z DEBUG quip_miner_metal::combined: combined route assigned engine="metal" job_id=study:3245:20015 metal_eligible=true ane_eligible=false
2026-09-21T19:08:26.261162Z DEBUG quip_miner_metal::combined: combined route assigned engine="metal" job_id=study:3245:20016 metal_eligible=true ane_eligible=false
2026-09-21T19:08:26.262606Z DEBUG quip_miner_metal::combined: combined route assigned engine="metal" job_id=study:3245:20017 metal_eligible=true ane_eligible=false
2026-09-21T19:08:26.264029Z DEBUG quip_miner_metal::combined: combined route assigned engine="metal" job_id=study:3245:20018 metal_eligible=true ane_eligible=false
2026-09-21T19:08:26.265444Z DEBUG quip_miner_metal::combined: combined route assigned engine="metal" job_id=study:3245:20019 metal_eligible=true ane_eligible=false
2026-09-21T19:08:26.265602Z DEBUG quip_miner_metal::combined: combined route assigned engine="metal" job_id=study:3244:20015 metal_eligible=true ane_eligible=false
2026-09-21T19:08:26.267006Z DEBUG quip_miner_metal::combined: combined route assigned engine="metal" job_id=study:3244:20016 metal_eligible=true ane_eligible=false
2026-09-21T19:08:26.267165Z DEBUG quip_miner_metal::combined: combined route assigned engine="metal" job_id=study:3244:20017 metal_eligible=true ane_eligible=false
2026-09-21T19:08:26.268588Z DEBUG quip_miner_metal::combined: combined route assigned engine="metal" job_id=study:3244:20018 metal_eligible=true ane_eligible=false
2026-09-21T19:08:26.270030Z DEBUG quip_miner_metal::combined: combined route assigned engine="metal" job_id=study:3244:20019 metal_eligible=true ane_eligible=false
2026-09-21T19:08:26.270194Z DEBUG quip_miner_metal::combined: combined route assigned engine="metal" job_id=study:3243:20015 metal_eligible=true ane_eligible=false
2026-09-21T19:08:26.271437Z DEBUG quip_miner_metal::combined: combined route assigned engine="metal" job_id=study:3243:20016 metal_eligible=true ane_eligible=false
2026-09-21T19:08:26.272860Z DEBUG quip_miner_metal::combined: combined route assigned engine="metal" job_id=study:3243:20017 metal_eligible=true ane_eligible=false
2026-09-21T19:08:26.274317Z DEBUG quip_miner_metal::combined: combined route assigned engine="metal" job_id=study:3243:20018 metal_eligible=true ane_eligible=false
2026-09-21T19:08:26.274509Z DEBUG quip_miner_metal::combined: combined route assigned engine="metal" job_id=study:3243:20019 metal_eligible=true ane_eligible=false
2026-09-21T19:08:29.820415Z DEBUG quip_miner_metal::combined: combined route completed engine="metal" job_id=study:3250:20015 outcome="completed" device_access_time_us=3130242
2026-09-21T19:08:29.820465Z DEBUG quip_miner_metal::combined: combined route completed engine="metal" job_id=study:3250:20016 outcome="completed" device_access_time_us=3130242
2026-09-21T19:08:29.820477Z DEBUG quip_miner_metal::combined: combined route completed engine="metal" job_id=study:3250:20017 outcome="completed" device_access_time_us=3130242
2026-09-21T19:08:29.820483Z DEBUG quip_miner_metal::combined: combined route completed engine="metal" job_id=study:3250:20018 outcome="completed" device_access_time_us=3130242
2026-09-21T19:08:29.820487Z DEBUG quip_miner_metal::combined: combined route completed engine="metal" job_id=study:3250:20019 outcome="completed" device_access_time_us=3130242
2026-09-21T19:08:29.820491Z DEBUG quip_miner_metal::combined: combined route completed engine="metal" job_id=study:3249:20015 outcome="completed" device_access_time_us=3130242
2026-09-21T19:08:29.820495Z DEBUG quip_miner_metal::combined: combined route completed engine="metal" job_id=study:3249:20016 outcome="completed" device_access_time_us=3130242
2026-09-21T19:08:29.820498Z DEBUG quip_miner_metal::combined: combined route completed engine="metal" job_id=study:3249:20017 outcome="completed" device_access_time_us=3130242
2026-09-21T19:08:29.820515Z DEBUG quip_miner_metal::combined: combined route completed engine="metal" job_id=study:3249:20018 outcome="completed" device_access_time_us=3130242
2026-09-21T19:08:29.820518Z DEBUG quip_miner_metal::combined: combined route completed engine="metal" job_id=study:3249:20019 outcome="completed" device_access_time_us=3130242
2026-09-21T19:08:29.820521Z DEBUG quip_miner_metal::combined: combined route completed engine="metal" job_id=study:3248:20015 outcome="completed" device_access_time_us=3130242
2026-09-21T19:08:29.820524Z DEBUG quip_miner_metal::combined: combined route completed engine="metal" job_id=study:3248:20016 outcome="completed" device_access_time_us=3130242
2026-09-21T19:08:29.820527Z DEBUG quip_miner_metal::combined: combined route completed engine="metal" job_id=study:3248:20017 outcome="completed" device_access_time_us=3130242
2026-09-21T19:08:29.820530Z DEBUG quip_miner_metal::combined: combined route completed engine="metal" job_id=study:3248:20018 outcome="completed" device_access_time_us=3130242
2026-09-21T19:08:29.820532Z DEBUG quip_miner_metal::combined: combined route completed engine="metal" job_id=study:3248:20019 outcome="completed" device_access_time_us=3130242
2026-09-21T19:08:29.820535Z DEBUG quip_miner_metal::combined: combined route completed engine="metal" job_id=study:3247:20015 outcome="completed" device_access_time_us=3130242
2026-09-21T19:08:29.820538Z DEBUG quip_miner_metal::combined: combined route completed engine="metal" job_id=study:3247:20016 outcome="completed" device_access_time_us=3130242
2026-09-21T19:08:29.820541Z DEBUG quip_miner_metal::combined: combined route completed engine="metal" job_id=study:3247:20017 outcome="completed" device_access_time_us=3130242
2026-09-21T19:08:29.820544Z DEBUG quip_miner_metal::combined: combined route completed engine="metal" job_id=study:3247:20018 outcome="completed" device_access_time_us=3130242
2026-09-21T19:08:29.820547Z DEBUG quip_miner_metal::combined: combined route completed engine="metal" job_id=study:3247:20019 outcome="completed" device_access_time_us=3130242
2026-09-21T19:08:29.820550Z DEBUG quip_miner_metal::combined: combined route assigned engine="metal" job_id=study:3242:20015 metal_eligible=true ane_eligible=false
2026-09-21T19:08:29.820663Z DEBUG quip_miner_metal::combined: combined route assigned engine="metal" job_id=study:3242:20016 metal_eligible=true ane_eligible=false
2026-09-21T19:08:29.820771Z DEBUG quip_miner_metal::combined: combined route assigned engine="metal" job_id=study:3242:20017 metal_eligible=true ane_eligible=false
2026-09-21T19:08:29.820878Z DEBUG quip_miner_metal::combined: combined route assigned engine="metal" job_id=study:3242:20018 metal_eligible=true ane_eligible=false
2026-09-21T19:08:29.820990Z DEBUG quip_miner_metal::combined: combined route assigned engine="metal" job_id=study:3242:20019 metal_eligible=true ane_eligible=false
2026-09-21T19:08:29.821103Z DEBUG quip_miner_metal::combined: combined route assigned engine="metal" job_id=study:3241:20015 metal_eligible=true ane_eligible=false
2026-09-21T19:08:29.821210Z DEBUG quip_miner_metal::combined: combined route assigned engine="metal" job_id=study:3241:20016 metal_eligible=true ane_eligible=false
2026-09-21T19:08:29.821333Z DEBUG quip_miner_metal::combined: combined route assigned engine="metal" job_id=study:3241:20017 metal_eligible=true ane_eligible=false
2026-09-21T19:08:29.821462Z DEBUG quip_miner_metal::combined: combined route assigned engine="metal" job_id=study:3241:20018 metal_eligible=true ane_eligible=false
2026-09-21T19:08:29.821583Z DEBUG quip_miner_metal::combined: combined route assigned engine="metal" job_id=study:3241:20019 metal_eligible=true ane_eligible=false
2026-09-21T19:08:29.821688Z DEBUG quip_miner_metal::combined: combined route assigned engine="metal" job_id=study:3240:20015 metal_eligible=true ane_eligible=false
2026-09-21T19:08:29.821793Z DEBUG quip_miner_metal::combined: combined route assigned engine="metal" job_id=study:3240:20016 metal_eligible=true ane_eligible=false
2026-09-21T19:08:29.821903Z DEBUG quip_miner_metal::combined: combined route assigned engine="metal" job_id=study:3240:20017 metal_eligible=true ane_eligible=false
2026-09-21T19:08:29.822007Z DEBUG quip_miner_metal::combined: combined route assigned engine="metal" job_id=study:3240:20018 metal_eligible=true ane_eligible=false
2026-09-21T19:08:29.822112Z DEBUG quip_miner_metal::combined: combined route assigned engine="metal" job_id=study:3240:20019 metal_eligible=true ane_eligible=false
2026-09-21T19:08:29.822216Z DEBUG quip_miner_metal::combined: combined route assigned engine="metal" job_id=study:3239:20015 metal_eligible=true ane_eligible=false
2026-09-21T19:08:29.822320Z DEBUG quip_miner_metal::combined: combined route assigned engine="metal" job_id=study:3239:20016 metal_eligible=true ane_eligible=false
2026-09-21T19:08:29.822424Z DEBUG quip_miner_metal::combined: combined route assigned engine="metal" job_id=study:3239:20017 metal_eligible=true ane_eligible=false
2026-09-21T19:08:29.822531Z DEBUG quip_miner_metal::combined: combined route assigned engine="metal" job_id=study:3239:20018 metal_eligible=true ane_eligible=false
2026-09-21T19:08:29.822637Z DEBUG quip_miner_metal::combined: combined route assigned engine="metal" job_id=study:3239:20019 metal_eligible=true ane_eligible=false
2026-09-21T19:08:29.836153Z DEBUG quip_miner_metal::combined: combined route completed engine="metal" job_id=study:3246:20015 outcome="completed" device_access_time_us=3466991
2026-09-21T19:08:29.836185Z DEBUG quip_miner_metal::combined: combined route completed engine="metal" job_id=study:3246:20016 outcome="completed" device_access_time_us=3466991
2026-09-21T19:08:29.836191Z DEBUG quip_miner_metal::combined: combined route completed engine="metal" job_id=study:3246:20017 outcome="completed" device_access_time_us=3466991
2026-09-21T19:08:29.836195Z DEBUG quip_miner_metal::combined: combined route completed engine="metal" job_id=study:3246:20018 outcome="completed" device_access_time_us=3466991
2026-09-21T19:08:29.836199Z DEBUG quip_miner_metal::combined: combined route completed engine="metal" job_id=study:3246:20019 outcome="completed" device_access_time_us=3466991
2026-09-21T19:08:29.836203Z DEBUG quip_miner_metal::combined: combined route completed engine="metal" job_id=study:3245:20015 outcome="completed" device_access_time_us=3466991
2026-09-21T19:08:29.836206Z DEBUG quip_miner_metal::combined: combined route completed engine="metal" job_id=study:3245:20016 outcome="completed" device_access_time_us=3466991
2026-09-21T19:08:29.836209Z DEBUG quip_miner_metal::combined: combined route completed engine="metal" job_id=study:3245:20017 outcome="completed" device_access_time_us=3466991
2026-09-21T19:08:29.836212Z DEBUG quip_miner_metal::combined: combined route completed engine="metal" job_id=study:3245:20018 outcome="completed" device_access_time_us=3466991
2026-09-21T19:08:29.836215Z DEBUG quip_miner_metal::combined: combined route completed engine="metal" job_id=study:3245:20019 outcome="completed" device_access_time_us=3466991
2026-09-21T19:08:29.836218Z DEBUG quip_miner_metal::combined: combined route completed engine="metal" job_id=study:3244:20015 outcome="completed" device_access_time_us=3466991
2026-09-21T19:08:29.836221Z DEBUG quip_miner_metal::combined: combined route completed engine="metal" job_id=study:3244:20016 outcome="completed" device_access_time_us=3466991
2026-09-21T19:08:29.836224Z DEBUG quip_miner_metal::combined: combined route completed engine="metal" job_id=study:3244:20017 outcome="completed" device_access_time_us=3466991
2026-09-21T19:08:29.836227Z DEBUG quip_miner_metal::combined: combined route completed engine="metal" job_id=study:3244:20018 outcome="completed" device_access_time_us=3466991
2026-09-21T19:08:29.836230Z DEBUG quip_miner_metal::combined: combined route completed engine="metal" job_id=study:3244:20019 outcome="completed" device_access_time_us=3466991
2026-09-21T19:08:29.836232Z DEBUG quip_miner_metal::combined: combined route completed engine="metal" job_id=study:3243:20015 outcome="completed" device_access_time_us=3466991
2026-09-21T19:08:29.836249Z DEBUG quip_miner_metal::combined: combined route completed engine="metal" job_id=study:3243:20016 outcome="completed" device_access_time_us=3466991
2026-09-21T19:08:29.836253Z DEBUG quip_miner_metal::combined: combined route completed engine="metal" job_id=study:3243:20017 outcome="completed" device_access_time_us=3466991
2026-09-21T19:08:29.836256Z DEBUG quip_miner_metal::combined: combined route completed engine="metal" job_id=study:3243:20018 outcome="completed" device_access_time_us=3466991
2026-09-21T19:08:29.836259Z DEBUG quip_miner_metal::combined: combined route completed engine="metal" job_id=study:3243:20019 outcome="completed" device_access_time_us=3466991
2026-09-21T19:08:29.836262Z DEBUG quip_miner_metal::combined: combined route assigned engine="metal" job_id=study:3238:20015 metal_eligible=true ane_eligible=false
2026-09-21T19:08:29.836391Z DEBUG quip_miner_metal::combined: combined route assigned engine="metal" job_id=study:3238:20016 metal_eligible=true ane_eligible=false
2026-09-21T19:08:29.836533Z DEBUG quip_miner_metal::combined: combined route assigned engine="metal" job_id=study:3238:20017 metal_eligible=true ane_eligible=false
2026-09-21T19:08:29.836674Z DEBUG quip_miner_metal::combined: combined route assigned engine="metal" job_id=study:3238:20018 metal_eligible=true ane_eligible=false
2026-09-21T19:08:29.836805Z DEBUG quip_miner_metal::combined: combined route assigned engine="metal" job_id=study:3238:20019 metal_eligible=true ane_eligible=false
2026-09-21T19:08:29.836934Z DEBUG quip_miner_metal::combined: combined route assigned engine="metal" job_id=study:3237:20015 metal_eligible=true ane_eligible=false
2026-09-21T19:08:29.837062Z DEBUG quip_miner_metal::combined: combined route assigned engine="metal" job_id=study:3237:20016 metal_eligible=true ane_eligible=false
2026-09-21T19:08:29.837190Z DEBUG quip_miner_metal::combined: combined route assigned engine="metal" job_id=study:3237:20017 metal_eligible=true ane_eligible=false
2026-09-21T19:08:29.837317Z DEBUG quip_miner_metal::combined: combined route assigned engine="metal" job_id=study:3237:20018 metal_eligible=true ane_eligible=false
2026-09-21T19:08:29.837443Z DEBUG quip_miner_metal::combined: combined route assigned engine="metal" job_id=study:3237:20019 metal_eligible=true ane_eligible=false
2026-09-21T19:08:29.837571Z DEBUG quip_miner_metal::combined: combined route assigned engine="metal" job_id=study:3236:20015 metal_eligible=true ane_eligible=false
2026-09-21T19:08:29.837700Z DEBUG quip_miner_metal::combined: combined route assigned engine="metal" job_id=study:3236:20016 metal_eligible=true ane_eligible=false
2026-09-21T19:08:29.837827Z DEBUG quip_miner_metal::combined: combined route assigned engine="metal" job_id=study:3236:20017 metal_eligible=true ane_eligible=false
2026-09-21T19:08:29.837955Z DEBUG quip_miner_metal::combined: combined route assigned engine="metal" job_id=study:3236:20018 metal_eligible=true ane_eligible=false
2026-09-21T19:08:29.838083Z DEBUG quip_miner_metal::combined: combined route assigned engine="metal" job_id=study:3236:20019 metal_eligible=true ane_eligible=false
2026-09-21T19:08:29.838211Z DEBUG quip_miner_metal::combined: combined route assigned engine="metal" job_id=study:3235:20015 metal_eligible=true ane_eligible=false
2026-09-21T19:08:29.838340Z DEBUG quip_miner_metal::combined: combined route assigned engine="metal" job_id=study:3235:20016 metal_eligible=true ane_eligible=false
2026-09-21T19:08:29.838469Z DEBUG quip_miner_metal::combined: combined route assigned engine="metal" job_id=study:3235:20017 metal_eligible=true ane_eligible=false
2026-09-21T19:08:29.838597Z DEBUG quip_miner_metal::combined: combined route assigned engine="metal" job_id=study:3235:20018 metal_eligible=true ane_eligible=false
2026-09-21T19:08:29.838727Z DEBUG quip_miner_metal::combined: combined route assigned engine="metal" job_id=study:3235:20019 metal_eligible=true ane_eligible=false
2026-09-21T19:08:32.854815Z DEBUG quip_miner_metal::combined: combined route completed engine="metal" job_id=study:3242:20015 outcome="completed" device_access_time_us=2713551
2026-09-21T19:08:32.854864Z DEBUG quip_miner_metal::combined: combined route completed engine="metal" job_id=study:3242:20016 outcome="completed" device_access_time_us=2713551
2026-09-21T19:08:32.854872Z DEBUG quip_miner_metal::combined: combined route completed engine="metal" job_id=study:3242:20017 outcome="completed" device_access_time_us=2713551
2026-09-21T19:08:32.854877Z DEBUG quip_miner_metal::combined: combined route completed engine="metal" job_id=study:3242:20018 outcome="completed" device_access_time_us=2713551
2026-09-21T19:08:32.854881Z DEBUG quip_miner_metal::combined: combined route completed engine="metal" job_id=study:3242:20019 outcome="completed" device_access_time_us=2713551
2026-09-21T19:08:32.854885Z DEBUG quip_miner_metal::combined: combined route completed engine="metal" job_id=study:3241:20015 outcome="completed" device_access_time_us=2713551
2026-09-21T19:08:32.854889Z DEBUG quip_miner_metal::combined: combined route completed engine="metal" job_id=study:3241:20016 outcome="completed" device_access_time_us=2713551
2026-09-21T19:08:32.854893Z DEBUG quip_miner_metal::combined: combined route completed engine="metal" job_id=study:3241:20017 outcome="completed" device_access_time_us=2713551
2026-09-21T19:08:32.854896Z DEBUG quip_miner_metal::combined: combined route completed engine="metal" job_id=study:3241:20018 outcome="completed" device_access_time_us=2713551
2026-09-21T19:08:32.854899Z DEBUG quip_miner_metal::combined: combined route completed engine="metal" job_id=study:3241:20019 outcome="completed" device_access_time_us=2713551
2026-09-21T19:08:32.854902Z DEBUG quip_miner_metal::combined: combined route completed engine="metal" job_id=study:3240:20015 outcome="completed" device_access_time_us=2713551
2026-09-21T19:08:32.854905Z DEBUG quip_miner_metal::combined: combined route completed engine="metal" job_id=study:3240:20016 outcome="completed" device_access_time_us=2713551
2026-09-21T19:08:32.854909Z DEBUG quip_miner_metal::combined: combined route completed engine="metal" job_id=study:3240:20017 outcome="completed" device_access_time_us=2713551
2026-09-21T19:08:32.854912Z DEBUG quip_miner_metal::combined: combined route completed engine="metal" job_id=study:3240:20018 outcome="completed" device_access_time_us=2713551
2026-09-21T19:08:32.854914Z DEBUG quip_miner_metal::combined: combined route completed engine="metal" job_id=study:3240:20019 outcome="completed" device_access_time_us=2713551
2026-09-21T19:08:32.854917Z DEBUG quip_miner_metal::combined: combined route completed engine="metal" job_id=study:3239:20015 outcome="completed" device_access_time_us=2713551
2026-09-21T19:08:32.854920Z DEBUG quip_miner_metal::combined: combined route completed engine="metal" job_id=study:3239:20016 outcome="completed" device_access_time_us=2713551
2026-09-21T19:08:32.854923Z DEBUG quip_miner_metal::combined: combined route completed engine="metal" job_id=study:3239:20017 outcome="completed" device_access_time_us=2713551
2026-09-21T19:08:32.854926Z DEBUG quip_miner_metal::combined: combined route completed engine="metal" job_id=study:3239:20018 outcome="completed" device_access_time_us=2713551
2026-09-21T19:08:32.854929Z DEBUG quip_miner_metal::combined: combined route completed engine="metal" job_id=study:3239:20019 outcome="completed" device_access_time_us=2713551
2026-09-21T19:08:32.854932Z DEBUG quip_miner_metal::combined: combined route assigned engine="metal" job_id=study:3234:20015 metal_eligible=true ane_eligible=false
2026-09-21T19:08:32.855040Z DEBUG quip_miner_metal::combined: combined route assigned engine="metal" job_id=study:3234:20016 metal_eligible=true ane_eligible=false
2026-09-21T19:08:32.855145Z DEBUG quip_miner_metal::combined: combined route assigned engine="metal" job_id=study:3234:20017 metal_eligible=true ane_eligible=false
2026-09-21T19:08:32.855252Z DEBUG quip_miner_metal::combined: combined route assigned engine="metal" job_id=study:3234:20018 metal_eligible=true ane_eligible=false
2026-09-21T19:08:32.855374Z DEBUG quip_miner_metal::combined: combined route assigned engine="metal" job_id=study:3234:20019 metal_eligible=true ane_eligible=false
2026-09-21T19:08:32.855481Z DEBUG quip_miner_metal::combined: combined route assigned engine="metal" job_id=study:3233:20015 metal_eligible=true ane_eligible=false
2026-09-21T19:08:32.855586Z DEBUG quip_miner_metal::combined: combined route assigned engine="metal" job_id=study:3233:20016 metal_eligible=true ane_eligible=false
2026-09-21T19:08:32.855691Z DEBUG quip_miner_metal::combined: combined route assigned engine="metal" job_id=study:3233:20017 metal_eligible=true ane_eligible=false
2026-09-21T19:08:32.855797Z DEBUG quip_miner_metal::combined: combined route assigned engine="metal" job_id=study:3233:20018 metal_eligible=true ane_eligible=false
2026-09-21T19:08:32.855909Z DEBUG quip_miner_metal::combined: combined route assigned engine="metal" job_id=study:3233:20019 metal_eligible=true ane_eligible=false
2026-09-21T19:08:32.856035Z DEBUG quip_miner_metal::combined: combined route assigned engine="metal" job_id=study:3232:20015 metal_eligible=true ane_eligible=false
2026-09-21T19:08:32.856140Z DEBUG quip_miner_metal::combined: combined route assigned engine="metal" job_id=study:3232:20016 metal_eligible=true ane_eligible=false
2026-09-21T19:08:32.856245Z DEBUG quip_miner_metal::combined: combined route assigned engine="metal" job_id=study:3232:20017 metal_eligible=true ane_eligible=false
2026-09-21T19:08:32.856349Z DEBUG quip_miner_metal::combined: combined route assigned engine="metal" job_id=study:3232:20018 metal_eligible=true ane_eligible=false
2026-09-21T19:08:32.856453Z DEBUG quip_miner_metal::combined: combined route assigned engine="metal" job_id=study:3232:20019 metal_eligible=true ane_eligible=false
2026-09-21T19:08:32.856558Z DEBUG quip_miner_metal::combined: combined route assigned engine="metal" job_id=study:3231:20015 metal_eligible=true ane_eligible=false
2026-09-21T19:08:32.856662Z DEBUG quip_miner_metal::combined: combined route assigned engine="metal" job_id=study:3231:20016 metal_eligible=true ane_eligible=false
2026-09-21T19:08:32.856766Z DEBUG quip_miner_metal::combined: combined route assigned engine="metal" job_id=study:3231:20017 metal_eligible=true ane_eligible=false
2026-09-21T19:08:32.856870Z DEBUG quip_miner_metal::combined: combined route assigned engine="metal" job_id=study:3231:20018 metal_eligible=true ane_eligible=false
2026-09-21T19:08:32.856974Z DEBUG quip_miner_metal::combined: combined route assigned engine="metal" job_id=study:3231:20019 metal_eligible=true ane_eligible=false
2026-09-21T19:08:32.872374Z DEBUG quip_miner_metal::combined: combined route completed engine="metal" job_id=study:3238:20015 outcome="completed" device_access_time_us=2992217
2026-09-21T19:08:32.872405Z DEBUG quip_miner_metal::combined: combined route completed engine="metal" job_id=study:3238:20016 outcome="completed" device_access_time_us=2992217
2026-09-21T19:08:32.872410Z DEBUG quip_miner_metal::combined: combined route completed engine="metal" job_id=study:3238:20017 outcome="completed" device_access_time_us=2992217
2026-09-21T19:08:32.872415Z DEBUG quip_miner_metal::combined: combined route completed engine="metal" job_id=study:3238:20018 outcome="completed" device_access_time_us=2992217
2026-09-21T19:08:32.872419Z DEBUG quip_miner_metal::combined: combined route completed engine="metal" job_id=study:3238:20019 outcome="completed" device_access_time_us=2992217
2026-09-21T19:08:32.872423Z DEBUG quip_miner_metal::combined: combined route completed engine="metal" job_id=study:3237:20015 outcome="completed" device_access_time_us=2992217
2026-09-21T19:08:32.872426Z DEBUG quip_miner_metal::combined: combined route completed engine="metal" job_id=study:3237:20016 outcome="completed" device_access_time_us=2992217
2026-09-21T19:08:32.872429Z DEBUG quip_miner_metal::combined: combined route completed engine="metal" job_id=study:3237:20017 outcome="completed" device_access_time_us=2992217
2026-09-21T19:08:32.872443Z DEBUG quip_miner_metal::combined: combined route completed engine="metal" job_id=study:3237:20018 outcome="completed" device_access_time_us=2992217
2026-09-21T19:08:32.872446Z DEBUG quip_miner_metal::combined: combined route completed engine="metal" job_id=study:3237:20019 outcome="completed" device_access_time_us=2992217
2026-09-21T19:08:32.872449Z DEBUG quip_miner_metal::combined: combined route completed engine="metal" job_id=study:3236:20015 outcome="completed" device_access_time_us=2992217
2026-09-21T19:08:32.872452Z DEBUG quip_miner_metal::combined: combined route completed engine="metal" job_id=study:3236:20016 outcome="completed" device_access_time_us=2992217
2026-09-21T19:08:32.872455Z DEBUG quip_miner_metal::combined: combined route completed engine="metal" job_id=study:3236:20017 outcome="completed" device_access_time_us=2992217
2026-09-21T19:08:32.872457Z DEBUG quip_miner_metal::combined: combined route completed engine="metal" job_id=study:3236:20018 outcome="completed" device_access_time_us=2992217
2026-09-21T19:08:32.872460Z DEBUG quip_miner_metal::combined: combined route completed engine="metal" job_id=study:3236:20019 outcome="completed" device_access_time_us=2992217
2026-09-21T19:08:32.872463Z DEBUG quip_miner_metal::combined: combined route completed engine="metal" job_id=study:3235:20015 outcome="completed" device_access_time_us=2992217
2026-09-21T19:08:32.872465Z DEBUG quip_miner_metal::combined: combined route completed engine="metal" job_id=study:3235:20016 outcome="completed" device_access_time_us=2992217
2026-09-21T19:08:32.872468Z DEBUG quip_miner_metal::combined: combined route completed engine="metal" job_id=study:3235:20017 outcome="completed" device_access_time_us=2992217
2026-09-21T19:08:32.872471Z DEBUG quip_miner_metal::combined: combined route completed engine="metal" job_id=study:3235:20018 outcome="completed" device_access_time_us=2992217
2026-09-21T19:08:32.872473Z DEBUG quip_miner_metal::combined: combined route completed engine="metal" job_id=study:3235:20019 outcome="completed" device_access_time_us=2992217
2026-09-21T19:08:32.872477Z DEBUG quip_miner_metal::combined: combined route assigned engine="metal" job_id=study:3230:20015 metal_eligible=true ane_eligible=false
2026-09-21T19:08:32.872606Z DEBUG quip_miner_metal::combined: combined route assigned engine="metal" job_id=study:3230:20016 metal_eligible=true ane_eligible=false
2026-09-21T19:08:32.872733Z DEBUG quip_miner_metal::combined: combined route assigned engine="metal" job_id=study:3230:20017 metal_eligible=true ane_eligible=false
2026-09-21T19:08:32.872863Z DEBUG quip_miner_metal::combined: combined route assigned engine="metal" job_id=study:3230:20018 metal_eligible=true ane_eligible=false
2026-09-21T19:08:32.872990Z DEBUG quip_miner_metal::combined: combined route assigned engine="metal" job_id=study:3230:20019 metal_eligible=true ane_eligible=false
2026-09-21T19:08:32.873117Z DEBUG quip_miner_metal::combined: combined route assigned engine="metal" job_id=study:3229:20015 metal_eligible=true ane_eligible=false
2026-09-21T19:08:32.873244Z DEBUG quip_miner_metal::combined: combined route assigned engine="metal" job_id=study:3229:20016 metal_eligible=true ane_eligible=false
2026-09-21T19:08:32.873371Z DEBUG quip_miner_metal::combined: combined route assigned engine="metal" job_id=study:3229:20017 metal_eligible=true ane_eligible=false
2026-09-21T19:08:32.873498Z DEBUG quip_miner_metal::combined: combined route assigned engine="metal" job_id=study:3229:20018 metal_eligible=true ane_eligible=false
2026-09-21T19:08:32.873627Z DEBUG quip_miner_metal::combined: combined route assigned engine="metal" job_id=study:3229:20019 metal_eligible=true ane_eligible=false
2026-09-21T19:08:32.873756Z DEBUG quip_miner_metal::combined: combined route assigned engine="metal" job_id=study:3228:20015 metal_eligible=true ane_eligible=false
2026-09-21T19:08:32.873884Z DEBUG quip_miner_metal::combined: combined route assigned engine="metal" job_id=study:3228:20016 metal_eligible=true ane_eligible=false
2026-09-21T19:08:32.874018Z DEBUG quip_miner_metal::combined: combined route assigned engine="metal" job_id=study:3228:20017 metal_eligible=true ane_eligible=false
2026-09-21T19:08:32.874144Z DEBUG quip_miner_metal::combined: combined route assigned engine="metal" job_id=study:3228:20018 metal_eligible=true ane_eligible=false
2026-09-21T19:08:32.874271Z DEBUG quip_miner_metal::combined: combined route assigned engine="metal" job_id=study:3228:20019 metal_eligible=true ane_eligible=false
2026-09-21T19:08:32.874398Z DEBUG quip_miner_metal::combined: combined route assigned engine="metal" job_id=study:3227:20015 metal_eligible=true ane_eligible=false
2026-09-21T19:08:32.874529Z DEBUG quip_miner_metal::combined: combined route assigned engine="metal" job_id=study:3227:20016 metal_eligible=true ane_eligible=false
2026-09-21T19:08:32.874655Z DEBUG quip_miner_metal::combined: combined route assigned engine="metal" job_id=study:3227:20017 metal_eligible=true ane_eligible=false
2026-09-21T19:08:32.874782Z DEBUG quip_miner_metal::combined: combined route assigned engine="metal" job_id=study:3227:20018 metal_eligible=true ane_eligible=false
2026-09-21T19:08:32.874909Z DEBUG quip_miner_metal::combined: combined route assigned engine="metal" job_id=study:3227:20019 metal_eligible=true ane_eligible=false
2026-09-21T19:08:36.667238Z DEBUG quip_miner_metal::combined: combined route completed engine="metal" job_id=study:3234:20015 outcome="completed" device_access_time_us=3659734
2026-09-21T19:08:36.667274Z DEBUG quip_miner_metal::combined: combined route completed engine="metal" job_id=study:3234:20016 outcome="completed" device_access_time_us=3659734
2026-09-21T19:08:36.667282Z DEBUG quip_miner_metal::combined: combined route completed engine="metal" job_id=study:3234:20017 outcome="completed" device_access_time_us=3659734
2026-09-21T19:08:36.667287Z DEBUG quip_miner_metal::combined: combined route completed engine="metal" job_id=study:3234:20018 outcome="completed" device_access_time_us=3659734
2026-09-21T19:08:36.667290Z DEBUG quip_miner_metal::combined: combined route completed engine="metal" job_id=study:3234:20019 outcome="completed" device_access_time_us=3659734
2026-09-21T19:08:36.667293Z DEBUG quip_miner_metal::combined: combined route completed engine="metal" job_id=study:3233:20015 outcome="completed" device_access_time_us=3659734
2026-09-21T19:08:36.667296Z DEBUG quip_miner_metal::combined: combined route completed engine="metal" job_id=study:3233:20016 outcome="completed" device_access_time_us=3659734
2026-09-21T19:08:36.667299Z DEBUG quip_miner_metal::combined: combined route completed engine="metal" job_id=study:3233:20017 outcome="completed" device_access_time_us=3659734
2026-09-21T19:08:36.667301Z DEBUG quip_miner_metal::combined: combined route completed engine="metal" job_id=study:3233:20018 outcome="completed" device_access_time_us=3659734
2026-09-21T19:08:36.667304Z DEBUG quip_miner_metal::combined: combined route completed engine="metal" job_id=study:3233:20019 outcome="completed" device_access_time_us=3659734
2026-09-21T19:08:36.667307Z DEBUG quip_miner_metal::combined: combined route completed engine="metal" job_id=study:3232:20015 outcome="completed" device_access_time_us=3659734
2026-09-21T19:08:36.667310Z DEBUG quip_miner_metal::combined: combined route completed engine="metal" job_id=study:3232:20016 outcome="completed" device_access_time_us=3659734
2026-09-21T19:08:36.667312Z DEBUG quip_miner_metal::combined: combined route completed engine="metal" job_id=study:3232:20017 outcome="completed" device_access_time_us=3659734
2026-09-21T19:08:36.667314Z DEBUG quip_miner_metal::combined: combined route completed engine="metal" job_id=study:3232:20018 outcome="completed" device_access_time_us=3659734
2026-09-21T19:08:36.667317Z DEBUG quip_miner_metal::combined: combined route completed engine="metal" job_id=study:3232:20019 outcome="completed" device_access_time_us=3659734
2026-09-21T19:08:36.667319Z DEBUG quip_miner_metal::combined: combined route completed engine="metal" job_id=study:3231:20015 outcome="completed" device_access_time_us=3659734
2026-09-21T19:08:36.667332Z DEBUG quip_miner_metal::combined: combined route completed engine="metal" job_id=study:3231:20016 outcome="completed" device_access_time_us=3659734
2026-09-21T19:08:36.667335Z DEBUG quip_miner_metal::combined: combined route completed engine="metal" job_id=study:3231:20017 outcome="completed" device_access_time_us=3659734
2026-09-21T19:08:36.667337Z DEBUG quip_miner_metal::combined: combined route completed engine="metal" job_id=study:3231:20018 outcome="completed" device_access_time_us=3659734
2026-09-21T19:08:36.667339Z DEBUG quip_miner_metal::combined: combined route completed engine="metal" job_id=study:3231:20019 outcome="completed" device_access_time_us=3659734
2026-09-21T19:08:36.667343Z DEBUG quip_miner_metal::combined: combined route assigned engine="metal" job_id=study:3226:20015 metal_eligible=true ane_eligible=false
2026-09-21T19:08:36.667450Z DEBUG quip_miner_metal::combined: combined route assigned engine="metal" job_id=study:3226:20016 metal_eligible=true ane_eligible=false
2026-09-21T19:08:36.667566Z DEBUG quip_miner_metal::combined: combined route assigned engine="metal" job_id=study:3226:20017 metal_eligible=true ane_eligible=false
2026-09-21T19:08:36.667696Z DEBUG quip_miner_metal::combined: combined route assigned engine="metal" job_id=study:3226:20018 metal_eligible=true ane_eligible=false
2026-09-21T19:08:36.667825Z DEBUG quip_miner_metal::combined: combined route assigned engine="metal" job_id=study:3226:20019 metal_eligible=true ane_eligible=false
2026-09-21T19:08:36.667940Z DEBUG quip_miner_metal::combined: combined route assigned engine="metal" job_id=study:3225:20015 metal_eligible=true ane_eligible=false
2026-09-21T19:08:36.668048Z DEBUG quip_miner_metal::combined: combined route assigned engine="metal" job_id=study:3225:20016 metal_eligible=true ane_eligible=false
2026-09-21T19:08:36.668156Z DEBUG quip_miner_metal::combined: combined route assigned engine="metal" job_id=study:3225:20017 metal_eligible=true ane_eligible=false
2026-09-21T19:08:36.668261Z DEBUG quip_miner_metal::combined: combined route assigned engine="metal" job_id=study:3225:20018 metal_eligible=true ane_eligible=false
2026-09-21T19:08:36.668368Z DEBUG quip_miner_metal::combined: combined route assigned engine="metal" job_id=study:3225:20019 metal_eligible=true ane_eligible=false
2026-09-21T19:08:36.668474Z DEBUG quip_miner_metal::combined: combined route assigned engine="metal" job_id=study:3224:20015 metal_eligible=true ane_eligible=false
2026-09-21T19:08:36.668580Z DEBUG quip_miner_metal::combined: combined route assigned engine="metal" job_id=study:3224:20016 metal_eligible=true ane_eligible=false
2026-09-21T19:08:36.668688Z DEBUG quip_miner_metal::combined: combined route assigned engine="metal" job_id=study:3224:20017 metal_eligible=true ane_eligible=false
2026-09-21T19:08:36.668796Z DEBUG quip_miner_metal::combined: combined route assigned engine="metal" job_id=study:3224:20018 metal_eligible=true ane_eligible=false
2026-09-21T19:08:36.668902Z DEBUG quip_miner_metal::combined: combined route assigned engine="metal" job_id=study:3224:20019 metal_eligible=true ane_eligible=false
2026-09-21T19:08:36.669009Z DEBUG quip_miner_metal::combined: combined route assigned engine="metal" job_id=study:3223:20015 metal_eligible=true ane_eligible=false
2026-09-21T19:08:36.669114Z DEBUG quip_miner_metal::combined: combined route assigned engine="metal" job_id=study:3223:20016 metal_eligible=true ane_eligible=false
2026-09-21T19:08:36.669218Z DEBUG quip_miner_metal::combined: combined route assigned engine="metal" job_id=study:3223:20017 metal_eligible=true ane_eligible=false
2026-09-21T19:08:36.669323Z DEBUG quip_miner_metal::combined: combined route assigned engine="metal" job_id=study:3223:20018 metal_eligible=true ane_eligible=false
2026-09-21T19:08:36.669429Z DEBUG quip_miner_metal::combined: combined route assigned engine="metal" job_id=study:3223:20019 metal_eligible=true ane_eligible=false
2026-09-21T19:08:36.715961Z DEBUG quip_miner_metal::combined: combined route completed engine="metal" job_id=study:3230:20015 outcome="completed" device_access_time_us=3428615
2026-09-21T19:08:36.716012Z DEBUG quip_miner_metal::combined: combined route completed engine="metal" job_id=study:3230:20016 outcome="completed" device_access_time_us=3428615
2026-09-21T19:08:36.716020Z DEBUG quip_miner_metal::combined: combined route completed engine="metal" job_id=study:3230:20017 outcome="completed" device_access_time_us=3428615
2026-09-21T19:08:36.716025Z DEBUG quip_miner_metal::combined: combined route completed engine="metal" job_id=study:3230:20018 outcome="completed" device_access_time_us=3428615
2026-09-21T19:08:36.716029Z DEBUG quip_miner_metal::combined: combined route completed engine="metal" job_id=study:3230:20019 outcome="completed" device_access_time_us=3428615
2026-09-21T19:08:36.716032Z DEBUG quip_miner_metal::combined: combined route completed engine="metal" job_id=study:3229:20015 outcome="completed" device_access_time_us=3428615
2026-09-21T19:08:36.716036Z DEBUG quip_miner_metal::combined: combined route completed engine="metal" job_id=study:3229:20016 outcome="completed" device_access_time_us=3428615
2026-09-21T19:08:36.716039Z DEBUG quip_miner_metal::combined: combined route completed engine="metal" job_id=study:3229:20017 outcome="completed" device_access_time_us=3428615
2026-09-21T19:08:36.716042Z DEBUG quip_miner_metal::combined: combined route completed engine="metal" job_id=study:3229:20018 outcome="completed" device_access_time_us=3428615
2026-09-21T19:08:36.716045Z DEBUG quip_miner_metal::combined: combined route completed engine="metal" job_id=study:3229:20019 outcome="completed" device_access_time_us=3428615
2026-09-21T19:08:36.716048Z DEBUG quip_miner_metal::combined: combined route completed engine="metal" job_id=study:3228:20015 outcome="completed" device_access_time_us=3428615
2026-09-21T19:08:36.716051Z DEBUG quip_miner_metal::combined: combined route completed engine="metal" job_id=study:3228:20016 outcome="completed" device_access_time_us=3428615
2026-09-21T19:08:36.716054Z DEBUG quip_miner_metal::combined: combined route completed engine="metal" job_id=study:3228:20017 outcome="completed" device_access_time_us=3428615
2026-09-21T19:08:36.716057Z DEBUG quip_miner_metal::combined: combined route completed engine="metal" job_id=study:3228:20018 outcome="completed" device_access_time_us=3428615
2026-09-21T19:08:36.716060Z DEBUG quip_miner_metal::combined: combined route completed engine="metal" job_id=study:3228:20019 outcome="completed" device_access_time_us=3428615
2026-09-21T19:08:36.716063Z DEBUG quip_miner_metal::combined: combined route completed engine="metal" job_id=study:3227:20015 outcome="completed" device_access_time_us=3428615
2026-09-21T19:08:36.716066Z DEBUG quip_miner_metal::combined: combined route completed engine="metal" job_id=study:3227:20016 outcome="completed" device_access_time_us=3428615
2026-09-21T19:08:36.716070Z DEBUG quip_miner_metal::combined: combined route completed engine="metal" job_id=study:3227:20017 outcome="completed" device_access_time_us=3428615
2026-09-21T19:08:36.716073Z DEBUG quip_miner_metal::combined: combined route completed engine="metal" job_id=study:3227:20018 outcome="completed" device_access_time_us=3428615
2026-09-21T19:08:36.716076Z DEBUG quip_miner_metal::combined: combined route completed engine="metal" job_id=study:3227:20019 outcome="completed" device_access_time_us=3428615
2026-09-21T19:08:36.716080Z DEBUG quip_miner_metal::combined: combined route assigned engine="metal" job_id=study:3222:20015 metal_eligible=true ane_eligible=false
2026-09-21T19:08:36.716226Z DEBUG quip_miner_metal::combined: combined route assigned engine="metal" job_id=study:3222:20016 metal_eligible=true ane_eligible=false
2026-09-21T19:08:36.716397Z DEBUG quip_miner_metal::combined: combined route assigned engine="metal" job_id=study:3222:20017 metal_eligible=true ane_eligible=false
2026-09-21T19:08:36.716563Z DEBUG quip_miner_metal::combined: combined route assigned engine="metal" job_id=study:3222:20018 metal_eligible=true ane_eligible=false
2026-09-21T19:08:36.716754Z DEBUG quip_miner_metal::combined: combined route assigned engine="metal" job_id=study:3222:20019 metal_eligible=true ane_eligible=false
2026-09-21T19:08:36.716982Z DEBUG quip_miner_metal::combined: combined route assigned engine="metal" job_id=study:3221:20015 metal_eligible=true ane_eligible=false
2026-09-21T19:08:36.717164Z DEBUG quip_miner_metal::combined: combined route assigned engine="metal" job_id=study:3221:20016 metal_eligible=true ane_eligible=false
2026-09-21T19:08:36.717335Z DEBUG quip_miner_metal::combined: combined route assigned engine="metal" job_id=study:3221:20017 metal_eligible=true ane_eligible=false
2026-09-21T19:08:36.717540Z DEBUG quip_miner_metal::combined: combined route assigned engine="metal" job_id=study:3221:20018 metal_eligible=true ane_eligible=false
2026-09-21T19:08:36.717696Z DEBUG quip_miner_metal::combined: combined route assigned engine="metal" job_id=study:3221:20019 metal_eligible=true ane_eligible=false
2026-09-21T19:08:36.717910Z DEBUG quip_miner_metal::combined: combined route assigned engine="metal" job_id=study:3220:20015 metal_eligible=true ane_eligible=false
2026-09-21T19:08:36.718095Z DEBUG quip_miner_metal::combined: combined route assigned engine="metal" job_id=study:3220:20016 metal_eligible=true ane_eligible=false
2026-09-21T19:08:36.718294Z DEBUG quip_miner_metal::combined: combined route assigned engine="metal" job_id=study:3220:20017 metal_eligible=true ane_eligible=false
2026-09-21T19:08:36.718439Z DEBUG quip_miner_metal::combined: combined route assigned engine="metal" job_id=study:3220:20018 metal_eligible=true ane_eligible=false
2026-09-21T19:08:36.718583Z DEBUG quip_miner_metal::combined: combined route assigned engine="metal" job_id=study:3220:20019 metal_eligible=true ane_eligible=false
2026-09-21T19:08:36.718728Z DEBUG quip_miner_metal::combined: combined route assigned engine="metal" job_id=study:3219:20015 metal_eligible=true ane_eligible=false
2026-09-21T19:08:36.718924Z DEBUG quip_miner_metal::combined: combined route assigned engine="metal" job_id=study:3219:20016 metal_eligible=true ane_eligible=false
2026-09-21T19:08:36.719068Z DEBUG quip_miner_metal::combined: combined route assigned engine="metal" job_id=study:3219:20017 metal_eligible=true ane_eligible=false
2026-09-21T19:08:36.719258Z DEBUG quip_miner_metal::combined: combined route assigned engine="metal" job_id=study:3219:20018 metal_eligible=true ane_eligible=false
2026-09-21T19:08:36.719401Z DEBUG quip_miner_metal::combined: combined route assigned engine="metal" job_id=study:3219:20019 metal_eligible=true ane_eligible=false
2026-09-21T19:08:40.194400Z DEBUG quip_miner_metal::combined: combined route completed engine="metal" job_id=study:3226:20015 outcome="completed" device_access_time_us=3348966
2026-09-21T19:08:40.194439Z DEBUG quip_miner_metal::combined: combined route completed engine="metal" job_id=study:3226:20016 outcome="completed" device_access_time_us=3348966
2026-09-21T19:08:40.194448Z DEBUG quip_miner_metal::combined: combined route completed engine="metal" job_id=study:3226:20017 outcome="completed" device_access_time_us=3348966
2026-09-21T19:08:40.194454Z DEBUG quip_miner_metal::combined: combined route completed engine="metal" job_id=study:3226:20018 outcome="completed" device_access_time_us=3348966
2026-09-21T19:08:40.194459Z DEBUG quip_miner_metal::combined: combined route completed engine="metal" job_id=study:3226:20019 outcome="completed" device_access_time_us=3348966
2026-09-21T19:08:40.194463Z DEBUG quip_miner_metal::combined: combined route completed engine="metal" job_id=study:3225:20015 outcome="completed" device_access_time_us=3348966
2026-09-21T19:08:40.194468Z DEBUG quip_miner_metal::combined: combined route completed engine="metal" job_id=study:3225:20016 outcome="completed" device_access_time_us=3348966
2026-09-21T19:08:40.194472Z DEBUG quip_miner_metal::combined: combined route completed engine="metal" job_id=study:3225:20017 outcome="completed" device_access_time_us=3348966
2026-09-21T19:08:40.194476Z DEBUG quip_miner_metal::combined: combined route completed engine="metal" job_id=study:3225:20018 outcome="completed" device_access_time_us=3348966
2026-09-21T19:08:40.194497Z DEBUG quip_miner_metal::combined: combined route completed engine="metal" job_id=study:3225:20019 outcome="completed" device_access_time_us=3348966
2026-09-21T19:08:40.194502Z DEBUG quip_miner_metal::combined: combined route completed engine="metal" job_id=study:3224:20015 outcome="completed" device_access_time_us=3348966
2026-09-21T19:08:40.194506Z DEBUG quip_miner_metal::combined: combined route completed engine="metal" job_id=study:3224:20016 outcome="completed" device_access_time_us=3348966
2026-09-21T19:08:40.194509Z DEBUG quip_miner_metal::combined: combined route completed engine="metal" job_id=study:3224:20017 outcome="completed" device_access_time_us=3348966
2026-09-21T19:08:40.194513Z DEBUG quip_miner_metal::combined: combined route completed engine="metal" job_id=study:3224:20018 outcome="completed" device_access_time_us=3348966
2026-09-21T19:08:40.194516Z DEBUG quip_miner_metal::combined: combined route completed engine="metal" job_id=study:3224:20019 outcome="completed" device_access_time_us=3348966
2026-09-21T19:08:40.194520Z DEBUG quip_miner_metal::combined: combined route completed engine="metal" job_id=study:3223:20015 outcome="completed" device_access_time_us=3348966
2026-09-21T19:08:40.194524Z DEBUG quip_miner_metal::combined: combined route completed engine="metal" job_id=study:3223:20016 outcome="completed" device_access_time_us=3348966
2026-09-21T19:08:40.194528Z DEBUG quip_miner_metal::combined: combined route completed engine="metal" job_id=study:3223:20017 outcome="completed" device_access_time_us=3348966
2026-09-21T19:08:40.194532Z DEBUG quip_miner_metal::combined: combined route completed engine="metal" job_id=study:3223:20018 outcome="completed" device_access_time_us=3348966
2026-09-21T19:08:40.194535Z DEBUG quip_miner_metal::combined: combined route completed engine="metal" job_id=study:3223:20019 outcome="completed" device_access_time_us=3348966
2026-09-21T19:08:40.194540Z DEBUG quip_miner_metal::combined: combined route assigned engine="metal" job_id=study:3218:20015 metal_eligible=true ane_eligible=false
2026-09-21T19:08:40.194710Z DEBUG quip_miner_metal::combined: combined route assigned engine="metal" job_id=study:3218:20016 metal_eligible=true ane_eligible=false
2026-09-21T19:08:40.194877Z DEBUG quip_miner_metal::combined: combined route assigned engine="metal" job_id=study:3218:20017 metal_eligible=true ane_eligible=false
2026-09-21T19:08:40.195046Z DEBUG quip_miner_metal::combined: combined route assigned engine="metal" job_id=study:3218:20018 metal_eligible=true ane_eligible=false
2026-09-21T19:08:40.195216Z DEBUG quip_miner_metal::combined: combined route assigned engine="metal" job_id=study:3218:20019 metal_eligible=true ane_eligible=false
2026-09-21T19:08:40.195386Z DEBUG quip_miner_metal::combined: combined route assigned engine="metal" job_id=study:3217:20015 metal_eligible=true ane_eligible=false
2026-09-21T19:08:40.195552Z DEBUG quip_miner_metal::combined: combined route assigned engine="metal" job_id=study:3217:20016 metal_eligible=true ane_eligible=false
2026-09-21T19:08:40.195717Z DEBUG quip_miner_metal::combined: combined route assigned engine="metal" job_id=study:3217:20017 metal_eligible=true ane_eligible=false
2026-09-21T19:08:40.195882Z DEBUG quip_miner_metal::combined: combined route assigned engine="metal" job_id=study:3217:20018 metal_eligible=true ane_eligible=false
2026-09-21T19:08:40.196048Z DEBUG quip_miner_metal::combined: combined route assigned engine="metal" job_id=study:3217:20019 metal_eligible=true ane_eligible=false
2026-09-21T19:08:40.196214Z DEBUG quip_miner_metal::combined: combined route assigned engine="metal" job_id=study:3216:20015 metal_eligible=true ane_eligible=false
2026-09-21T19:08:40.196379Z DEBUG quip_miner_metal::combined: combined route assigned engine="metal" job_id=study:3216:20016 metal_eligible=true ane_eligible=false
2026-09-21T19:08:40.196545Z DEBUG quip_miner_metal::combined: combined route assigned engine="metal" job_id=study:3216:20017 metal_eligible=true ane_eligible=false
2026-09-21T19:08:40.196719Z DEBUG quip_miner_metal::combined: combined route assigned engine="metal" job_id=study:3216:20018 metal_eligible=true ane_eligible=false
2026-09-21T19:08:40.196886Z DEBUG quip_miner_metal::combined: combined route assigned engine="metal" job_id=study:3216:20019 metal_eligible=true ane_eligible=false
2026-09-21T19:08:40.197075Z DEBUG quip_miner_metal::combined: combined route assigned engine="metal" job_id=study:3215:20015 metal_eligible=true ane_eligible=false
2026-09-21T19:08:40.197263Z DEBUG quip_miner_metal::combined: combined route assigned engine="metal" job_id=study:3215:20016 metal_eligible=true ane_eligible=false
2026-09-21T19:08:40.197433Z DEBUG quip_miner_metal::combined: combined route assigned engine="metal" job_id=study:3215:20017 metal_eligible=true ane_eligible=false
2026-09-21T19:08:40.197600Z DEBUG quip_miner_metal::combined: combined route assigned engine="metal" job_id=study:3215:20018 metal_eligible=true ane_eligible=false
2026-09-21T19:08:40.197767Z DEBUG quip_miner_metal::combined: combined route assigned engine="metal" job_id=study:3215:20019 metal_eligible=true ane_eligible=false
2026-09-21T19:08:40.336021Z DEBUG quip_miner_metal::combined: combined route completed engine="metal" job_id=study:3222:20015 outcome="completed" device_access_time_us=3148066
2026-09-21T19:08:40.336081Z DEBUG quip_miner_metal::combined: combined route completed engine="metal" job_id=study:3222:20016 outcome="completed" device_access_time_us=3148066
2026-09-21T19:08:40.336089Z DEBUG quip_miner_metal::combined: combined route completed engine="metal" job_id=study:3222:20017 outcome="completed" device_access_time_us=3148066
2026-09-21T19:08:40.336095Z DEBUG quip_miner_metal::combined: combined route completed engine="metal" job_id=study:3222:20018 outcome="completed" device_access_time_us=3148066
2026-09-21T19:08:40.336101Z DEBUG quip_miner_metal::combined: combined route completed engine="metal" job_id=study:3222:20019 outcome="completed" device_access_time_us=3148066
2026-09-21T19:08:40.336107Z DEBUG quip_miner_metal::combined: combined route completed engine="metal" job_id=study:3221:20015 outcome="completed" device_access_time_us=3148066
2026-09-21T19:08:40.336113Z DEBUG quip_miner_metal::combined: combined route completed engine="metal" job_id=study:3221:20016 outcome="completed" device_access_time_us=3148066
2026-09-21T19:08:40.336119Z DEBUG quip_miner_metal::combined: combined route completed engine="metal" job_id=study:3221:20017 outcome="completed" device_access_time_us=3148066
2026-09-21T19:08:40.336124Z DEBUG quip_miner_metal::combined: combined route completed engine="metal" job_id=study:3221:20018 outcome="completed" device_access_time_us=3148066
2026-09-21T19:08:40.336129Z DEBUG quip_miner_metal::combined: combined route completed engine="metal" job_id=study:3221:20019 outcome="completed" device_access_time_us=3148066
2026-09-21T19:08:40.336134Z DEBUG quip_miner_metal::combined: combined route completed engine="metal" job_id=study:3220:20015 outcome="completed" device_access_time_us=3148066
2026-09-21T19:08:40.336139Z DEBUG quip_miner_metal::combined: combined route completed engine="metal" job_id=study:3220:20016 outcome="completed" device_access_time_us=3148066
2026-09-21T19:08:40.336143Z DEBUG quip_miner_metal::combined: combined route completed engine="metal" job_id=study:3220:20017 outcome="completed" device_access_time_us=3148066
2026-09-21T19:08:40.336148Z DEBUG quip_miner_metal::combined: combined route completed engine="metal" job_id=study:3220:20018 outcome="completed" device_access_time_us=3148066
2026-09-21T19:08:40.336153Z DEBUG quip_miner_metal::combined: combined route completed engine="metal" job_id=study:3220:20019 outcome="completed" device_access_time_us=3148066
2026-09-21T19:08:40.336157Z DEBUG quip_miner_metal::combined: combined route completed engine="metal" job_id=study:3219:20015 outcome="completed" device_access_time_us=3148066
2026-09-21T19:08:40.336162Z DEBUG quip_miner_metal::combined: combined route completed engine="metal" job_id=study:3219:20016 outcome="completed" device_access_time_us=3148066
2026-09-21T19:08:40.336185Z DEBUG quip_miner_metal::combined: combined route completed engine="metal" job_id=study:3219:20017 outcome="completed" device_access_time_us=3148066
2026-09-21T19:08:40.336190Z DEBUG quip_miner_metal::combined: combined route completed engine="metal" job_id=study:3219:20018 outcome="completed" device_access_time_us=3148066
2026-09-21T19:08:40.336195Z DEBUG quip_miner_metal::combined: combined route completed engine="metal" job_id=study:3219:20019 outcome="completed" device_access_time_us=3148066
2026-09-21T19:08:40.336202Z DEBUG quip_miner_metal::combined: combined route assigned engine="metal" job_id=study:3214:20015 metal_eligible=true ane_eligible=false
2026-09-21T19:08:40.336335Z DEBUG quip_miner_metal::combined: combined route assigned engine="metal" job_id=study:3214:20016 metal_eligible=true ane_eligible=false
2026-09-21T19:08:40.336515Z DEBUG quip_miner_metal::combined: combined route assigned engine="metal" job_id=study:3214:20017 metal_eligible=true ane_eligible=false
2026-09-21T19:08:40.336739Z DEBUG quip_miner_metal::combined: combined route assigned engine="metal" job_id=study:3214:20018 metal_eligible=true ane_eligible=false
2026-09-21T19:08:40.336890Z DEBUG quip_miner_metal::combined: combined route assigned engine="metal" job_id=study:3214:20019 metal_eligible=true ane_eligible=false
2026-09-21T19:08:40.337022Z DEBUG quip_miner_metal::combined: combined route assigned engine="metal" job_id=study:3213:20015 metal_eligible=true ane_eligible=false
2026-09-21T19:08:40.337152Z DEBUG quip_miner_metal::combined: combined route assigned engine="metal" job_id=study:3213:20016 metal_eligible=true ane_eligible=false
2026-09-21T19:08:40.337283Z DEBUG quip_miner_metal::combined: combined route assigned engine="metal" job_id=study:3213:20017 metal_eligible=true ane_eligible=false
2026-09-21T19:08:40.337496Z DEBUG quip_miner_metal::combined: combined route assigned engine="metal" job_id=study:3213:20018 metal_eligible=true ane_eligible=false
2026-09-21T19:08:40.337686Z DEBUG quip_miner_metal::combined: combined route assigned engine="metal" job_id=study:3213:20019 metal_eligible=true ane_eligible=false
2026-09-21T19:08:40.337896Z DEBUG quip_miner_metal::combined: combined route assigned engine="metal" job_id=study:3212:20015 metal_eligible=true ane_eligible=false
2026-09-21T19:08:40.338096Z DEBUG quip_miner_metal::combined: combined route assigned engine="metal" job_id=study:3212:20016 metal_eligible=true ane_eligible=false
2026-09-21T19:08:40.338267Z DEBUG quip_miner_metal::combined: combined route assigned engine="metal" job_id=study:3212:20017 metal_eligible=true ane_eligible=false
2026-09-21T19:08:40.338434Z DEBUG quip_miner_metal::combined: combined route assigned engine="metal" job_id=study:3212:20018 metal_eligible=true ane_eligible=false
2026-09-21T19:08:40.338602Z DEBUG quip_miner_metal::combined: combined route assigned engine="metal" job_id=study:3212:20019 metal_eligible=true ane_eligible=false
2026-09-21T19:08:40.338769Z DEBUG quip_miner_metal::combined: combined route assigned engine="metal" job_id=study:3211:20015 metal_eligible=true ane_eligible=false
2026-09-21T19:08:40.338936Z DEBUG quip_miner_metal::combined: combined route assigned engine="metal" job_id=study:3211:20016 metal_eligible=true ane_eligible=false
2026-09-21T19:08:40.339102Z DEBUG quip_miner_metal::combined: combined route assigned engine="metal" job_id=study:3211:20017 metal_eligible=true ane_eligible=false
2026-09-21T19:08:40.339274Z DEBUG quip_miner_metal::combined: combined route assigned engine="metal" job_id=study:3211:20018 metal_eligible=true ane_eligible=false
2026-09-21T19:08:40.339441Z DEBUG quip_miner_metal::combined: combined route assigned engine="metal" job_id=study:3211:20019 metal_eligible=true ane_eligible=false
2026-09-21T19:08:43.707562Z DEBUG quip_miner_metal::combined: combined route completed engine="metal" job_id=study:3218:20015 outcome="completed" device_access_time_us=3145232
2026-09-21T19:08:43.707627Z DEBUG quip_miner_metal::combined: combined route completed engine="metal" job_id=study:3218:20016 outcome="completed" device_access_time_us=3145232
2026-09-21T19:08:43.707634Z DEBUG quip_miner_metal::combined: combined route completed engine="metal" job_id=study:3218:20017 outcome="completed" device_access_time_us=3145232
2026-09-21T19:08:43.707638Z DEBUG quip_miner_metal::combined: combined route completed engine="metal" job_id=study:3218:20018 outcome="completed" device_access_time_us=3145232
2026-09-21T19:08:43.707642Z DEBUG quip_miner_metal::combined: combined route completed engine="metal" job_id=study:3218:20019 outcome="completed" device_access_time_us=3145232
2026-09-21T19:08:43.707646Z DEBUG quip_miner_metal::combined: combined route completed engine="metal" job_id=study:3217:20015 outcome="completed" device_access_time_us=3145232
2026-09-21T19:08:43.707650Z DEBUG quip_miner_metal::combined: combined route completed engine="metal" job_id=study:3217:20016 outcome="completed" device_access_time_us=3145232
2026-09-21T19:08:43.707654Z DEBUG quip_miner_metal::combined: combined route completed engine="metal" job_id=study:3217:20017 outcome="completed" device_access_time_us=3145232
2026-09-21T19:08:43.707657Z DEBUG quip_miner_metal::combined: combined route completed engine="metal" job_id=study:3217:20018 outcome="completed" device_access_time_us=3145232
2026-09-21T19:08:43.707661Z DEBUG quip_miner_metal::combined: combined route completed engine="metal" job_id=study:3217:20019 outcome="completed" device_access_time_us=3145232
2026-09-21T19:08:43.707664Z DEBUG quip_miner_metal::combined: combined route completed engine="metal" job_id=study:3216:20015 outcome="completed" device_access_time_us=3145232
2026-09-21T19:08:43.707667Z DEBUG quip_miner_metal::combined: combined route completed engine="metal" job_id=study:3216:20016 outcome="completed" device_access_time_us=3145232
2026-09-21T19:08:43.707670Z DEBUG quip_miner_metal::combined: combined route completed engine="metal" job_id=study:3216:20017 outcome="completed" device_access_time_us=3145232
2026-09-21T19:08:43.707672Z DEBUG quip_miner_metal::combined: combined route completed engine="metal" job_id=study:3216:20018 outcome="completed" device_access_time_us=3145232
2026-09-21T19:08:43.707675Z DEBUG quip_miner_metal::combined: combined route completed engine="metal" job_id=study:3216:20019 outcome="completed" device_access_time_us=3145232
2026-09-21T19:08:43.707678Z DEBUG quip_miner_metal::combined: combined route completed engine="metal" job_id=study:3215:20015 outcome="completed" device_access_time_us=3145232
2026-09-21T19:08:43.707680Z DEBUG quip_miner_metal::combined: combined route completed engine="metal" job_id=study:3215:20016 outcome="completed" device_access_time_us=3145232
2026-09-21T19:08:43.707682Z DEBUG quip_miner_metal::combined: combined route completed engine="metal" job_id=study:3215:20017 outcome="completed" device_access_time_us=3145232
2026-09-21T19:08:43.707684Z DEBUG quip_miner_metal::combined: combined route completed engine="metal" job_id=study:3215:20018 outcome="completed" device_access_time_us=3145232
2026-09-21T19:08:43.707686Z DEBUG quip_miner_metal::combined: combined route completed engine="metal" job_id=study:3215:20019 outcome="completed" device_access_time_us=3145232
2026-09-21T19:08:43.707691Z DEBUG quip_miner_metal::combined: combined route assigned engine="metal" job_id=study:3210:20015 metal_eligible=true ane_eligible=false
2026-09-21T19:08:43.707802Z DEBUG quip_miner_metal::combined: combined route assigned engine="metal" job_id=study:3210:20016 metal_eligible=true ane_eligible=false
2026-09-21T19:08:43.707907Z DEBUG quip_miner_metal::combined: combined route assigned engine="metal" job_id=study:3210:20017 metal_eligible=true ane_eligible=false
2026-09-21T19:08:43.708017Z DEBUG quip_miner_metal::combined: combined route assigned engine="metal" job_id=study:3210:20018 metal_eligible=true ane_eligible=false
2026-09-21T19:08:43.708122Z DEBUG quip_miner_metal::combined: combined route assigned engine="metal" job_id=study:3210:20019 metal_eligible=true ane_eligible=false
2026-09-21T19:08:43.708255Z DEBUG quip_miner_metal::combined: combined route assigned engine="metal" job_id=study:3209:20015 metal_eligible=true ane_eligible=false
2026-09-21T19:08:43.708380Z DEBUG quip_miner_metal::combined: combined route assigned engine="metal" job_id=study:3209:20016 metal_eligible=true ane_eligible=false
2026-09-21T19:08:43.708494Z DEBUG quip_miner_metal::combined: combined route assigned engine="metal" job_id=study:3209:20017 metal_eligible=true ane_eligible=false
2026-09-21T19:08:43.708599Z DEBUG quip_miner_metal::combined: combined route assigned engine="metal" job_id=study:3209:20018 metal_eligible=true ane_eligible=false
2026-09-21T19:08:43.708706Z DEBUG quip_miner_metal::combined: combined route assigned engine="metal" job_id=study:3209:20019 metal_eligible=true ane_eligible=false
2026-09-21T19:08:43.708815Z DEBUG quip_miner_metal::combined: combined route assigned engine="metal" job_id=study:3208:20015 metal_eligible=true ane_eligible=false
2026-09-21T19:08:43.708920Z DEBUG quip_miner_metal::combined: combined route assigned engine="metal" job_id=study:3208:20016 metal_eligible=true ane_eligible=false
2026-09-21T19:08:43.709025Z DEBUG quip_miner_metal::combined: combined route assigned engine="metal" job_id=study:3208:20017 metal_eligible=true ane_eligible=false
2026-09-21T19:08:43.709129Z DEBUG quip_miner_metal::combined: combined route assigned engine="metal" job_id=study:3208:20018 metal_eligible=true ane_eligible=false
2026-09-21T19:08:43.709233Z DEBUG quip_miner_metal::combined: combined route assigned engine="metal" job_id=study:3208:20019 metal_eligible=true ane_eligible=false
2026-09-21T19:08:43.709338Z DEBUG quip_miner_metal::combined: combined route assigned engine="metal" job_id=study:3207:20015 metal_eligible=true ane_eligible=false
2026-09-21T19:08:43.709442Z DEBUG quip_miner_metal::combined: combined route assigned engine="metal" job_id=study:3207:20016 metal_eligible=true ane_eligible=false
2026-09-21T19:08:43.709547Z DEBUG quip_miner_metal::combined: combined route assigned engine="metal" job_id=study:3207:20017 metal_eligible=true ane_eligible=false
2026-09-21T19:08:43.709652Z DEBUG quip_miner_metal::combined: combined route assigned engine="metal" job_id=study:3207:20018 metal_eligible=true ane_eligible=false
2026-09-21T19:08:43.709756Z DEBUG quip_miner_metal::combined: combined route assigned engine="metal" job_id=study:3207:20019 metal_eligible=true ane_eligible=false
2026-09-21T19:08:43.722619Z DEBUG quip_miner_metal::combined: combined route completed engine="metal" job_id=study:3214:20015 outcome="completed" device_access_time_us=3066357
2026-09-21T19:08:43.722654Z DEBUG quip_miner_metal::combined: combined route completed engine="metal" job_id=study:3214:20016 outcome="completed" device_access_time_us=3066357
2026-09-21T19:08:43.722660Z DEBUG quip_miner_metal::combined: combined route completed engine="metal" job_id=study:3214:20017 outcome="completed" device_access_time_us=3066357
2026-09-21T19:08:43.722664Z DEBUG quip_miner_metal::combined: combined route completed engine="metal" job_id=study:3214:20018 outcome="completed" device_access_time_us=3066357
2026-09-21T19:08:43.722668Z DEBUG quip_miner_metal::combined: combined route completed engine="metal" job_id=study:3214:20019 outcome="completed" device_access_time_us=3066357
2026-09-21T19:08:43.722671Z DEBUG quip_miner_metal::combined: combined route completed engine="metal" job_id=study:3213:20015 outcome="completed" device_access_time_us=3066357
2026-09-21T19:08:43.722675Z DEBUG quip_miner_metal::combined: combined route completed engine="metal" job_id=study:3213:20016 outcome="completed" device_access_time_us=3066357
2026-09-21T19:08:43.722678Z DEBUG quip_miner_metal::combined: combined route completed engine="metal" job_id=study:3213:20017 outcome="completed" device_access_time_us=3066357
2026-09-21T19:08:43.722681Z DEBUG quip_miner_metal::combined: combined route completed engine="metal" job_id=study:3213:20018 outcome="completed" device_access_time_us=3066357
2026-09-21T19:08:43.722697Z DEBUG quip_miner_metal::combined: combined route completed engine="metal" job_id=study:3213:20019 outcome="completed" device_access_time_us=3066357
2026-09-21T19:08:43.722700Z DEBUG quip_miner_metal::combined: combined route completed engine="metal" job_id=study:3212:20015 outcome="completed" device_access_time_us=3066357
2026-09-21T19:08:43.722703Z DEBUG quip_miner_metal::combined: combined route completed engine="metal" job_id=study:3212:20016 outcome="completed" device_access_time_us=3066357
2026-09-21T19:08:43.722707Z DEBUG quip_miner_metal::combined: combined route completed engine="metal" job_id=study:3212:20017 outcome="completed" device_access_time_us=3066357
2026-09-21T19:08:43.722710Z DEBUG quip_miner_metal::combined: combined route completed engine="metal" job_id=study:3212:20018 outcome="completed" device_access_time_us=3066357
2026-09-21T19:08:43.722712Z DEBUG quip_miner_metal::combined: combined route completed engine="metal" job_id=study:3212:20019 outcome="completed" device_access_time_us=3066357
2026-09-21T19:08:43.722715Z DEBUG quip_miner_metal::combined: combined route completed engine="metal" job_id=study:3211:20015 outcome="completed" device_access_time_us=3066357
2026-09-21T19:08:43.722718Z DEBUG quip_miner_metal::combined: combined route completed engine="metal" job_id=study:3211:20016 outcome="completed" device_access_time_us=3066357
2026-09-21T19:08:43.722721Z DEBUG quip_miner_metal::combined: combined route completed engine="metal" job_id=study:3211:20017 outcome="completed" device_access_time_us=3066357
2026-09-21T19:08:43.722723Z DEBUG quip_miner_metal::combined: combined route completed engine="metal" job_id=study:3211:20018 outcome="completed" device_access_time_us=3066357
2026-09-21T19:08:43.722726Z DEBUG quip_miner_metal::combined: combined route completed engine="metal" job_id=study:3211:20019 outcome="completed" device_access_time_us=3066357
2026-09-21T19:08:43.722730Z DEBUG quip_miner_metal::combined: combined route assigned engine="metal" job_id=study:3206:20015 metal_eligible=true ane_eligible=false
2026-09-21T19:08:43.722858Z DEBUG quip_miner_metal::combined: combined route assigned engine="metal" job_id=study:3206:20016 metal_eligible=true ane_eligible=false
2026-09-21T19:08:43.722986Z DEBUG quip_miner_metal::combined: combined route assigned engine="metal" job_id=study:3206:20017 metal_eligible=true ane_eligible=false
2026-09-21T19:08:43.723114Z DEBUG quip_miner_metal::combined: combined route assigned engine="metal" job_id=study:3206:20018 metal_eligible=true ane_eligible=false
2026-09-21T19:08:43.723241Z DEBUG quip_miner_metal::combined: combined route assigned engine="metal" job_id=study:3206:20019 metal_eligible=true ane_eligible=false
2026-09-21T19:08:43.723369Z DEBUG quip_miner_metal::combined: combined route assigned engine="metal" job_id=study:3205:20015 metal_eligible=true ane_eligible=false
2026-09-21T19:08:43.723496Z DEBUG quip_miner_metal::combined: combined route assigned engine="metal" job_id=study:3205:20016 metal_eligible=true ane_eligible=false
2026-09-21T19:08:43.723622Z DEBUG quip_miner_metal::combined: combined route assigned engine="metal" job_id=study:3205:20017 metal_eligible=true ane_eligible=false
2026-09-21T19:08:43.723749Z DEBUG quip_miner_metal::combined: combined route assigned engine="metal" job_id=study:3205:20018 metal_eligible=true ane_eligible=false
2026-09-21T19:08:43.723876Z DEBUG quip_miner_metal::combined: combined route assigned engine="metal" job_id=study:3205:20019 metal_eligible=true ane_eligible=false
2026-09-21T19:08:43.724003Z DEBUG quip_miner_metal::combined: combined route assigned engine="metal" job_id=study:3204:20015 metal_eligible=true ane_eligible=false
2026-09-21T19:08:43.724130Z DEBUG quip_miner_metal::combined: combined route assigned engine="metal" job_id=study:3204:20016 metal_eligible=true ane_eligible=false
2026-09-21T19:08:43.724256Z DEBUG quip_miner_metal::combined: combined route assigned engine="metal" job_id=study:3204:20017 metal_eligible=true ane_eligible=false
2026-09-21T19:08:43.724384Z DEBUG quip_miner_metal::combined: combined route assigned engine="metal" job_id=study:3204:20018 metal_eligible=true ane_eligible=false
2026-09-21T19:08:43.724529Z DEBUG quip_miner_metal::combined: combined route assigned engine="metal" job_id=study:3204:20019 metal_eligible=true ane_eligible=false
2026-09-21T19:08:43.724670Z DEBUG quip_miner_metal::combined: combined route assigned engine="metal" job_id=study:3203:20015 metal_eligible=true ane_eligible=false
2026-09-21T19:08:43.724812Z DEBUG quip_miner_metal::combined: combined route assigned engine="metal" job_id=study:3203:20016 metal_eligible=true ane_eligible=false
2026-09-21T19:08:43.724958Z DEBUG quip_miner_metal::combined: combined route assigned engine="metal" job_id=study:3203:20017 metal_eligible=true ane_eligible=false
2026-09-21T19:08:43.725101Z DEBUG quip_miner_metal::combined: combined route assigned engine="metal" job_id=study:3203:20018 metal_eligible=true ane_eligible=false
2026-09-21T19:08:43.725246Z DEBUG quip_miner_metal::combined: combined route assigned engine="metal" job_id=study:3203:20019 metal_eligible=true ane_eligible=false
2026-09-21T19:08:46.788629Z DEBUG quip_miner_metal::combined: combined route completed engine="metal" job_id=study:3210:20015 outcome="completed" device_access_time_us=2761575
2026-09-21T19:08:46.788671Z DEBUG quip_miner_metal::combined: combined route completed engine="metal" job_id=study:3210:20016 outcome="completed" device_access_time_us=2761575
2026-09-21T19:08:46.788677Z DEBUG quip_miner_metal::combined: combined route completed engine="metal" job_id=study:3210:20017 outcome="completed" device_access_time_us=2761575
2026-09-21T19:08:46.788681Z DEBUG quip_miner_metal::combined: combined route completed engine="metal" job_id=study:3210:20018 outcome="completed" device_access_time_us=2761575
2026-09-21T19:08:46.788684Z DEBUG quip_miner_metal::combined: combined route completed engine="metal" job_id=study:3210:20019 outcome="completed" device_access_time_us=2761575
2026-09-21T19:08:46.788687Z DEBUG quip_miner_metal::combined: combined route completed engine="metal" job_id=study:3209:20015 outcome="completed" device_access_time_us=2761575
2026-09-21T19:08:46.788689Z DEBUG quip_miner_metal::combined: combined route completed engine="metal" job_id=study:3209:20016 outcome="completed" device_access_time_us=2761575
2026-09-21T19:08:46.788692Z DEBUG quip_miner_metal::combined: combined route completed engine="metal" job_id=study:3209:20017 outcome="completed" device_access_time_us=2761575
2026-09-21T19:08:46.788694Z DEBUG quip_miner_metal::combined: combined route completed engine="metal" job_id=study:3209:20018 outcome="completed" device_access_time_us=2761575
2026-09-21T19:08:46.788697Z DEBUG quip_miner_metal::combined: combined route completed engine="metal" job_id=study:3209:20019 outcome="completed" device_access_time_us=2761575
2026-09-21T19:08:46.788699Z DEBUG quip_miner_metal::combined: combined route completed engine="metal" job_id=study:3208:20015 outcome="completed" device_access_time_us=2761575
2026-09-21T19:08:46.788702Z DEBUG quip_miner_metal::combined: combined route completed engine="metal" job_id=study:3208:20016 outcome="completed" device_access_time_us=2761575
2026-09-21T19:08:46.788704Z DEBUG quip_miner_metal::combined: combined route completed engine="metal" job_id=study:3208:20017 outcome="completed" device_access_time_us=2761575
2026-09-21T19:08:46.788706Z DEBUG quip_miner_metal::combined: combined route completed engine="metal" job_id=study:3208:20018 outcome="completed" device_access_time_us=2761575
2026-09-21T19:08:46.788709Z DEBUG quip_miner_metal::combined: combined route completed engine="metal" job_id=study:3208:20019 outcome="completed" device_access_time_us=2761575
2026-09-21T19:08:46.788711Z DEBUG quip_miner_metal::combined: combined route completed engine="metal" job_id=study:3207:20015 outcome="completed" device_access_time_us=2761575
2026-09-21T19:08:46.788713Z DEBUG quip_miner_metal::combined: combined route completed engine="metal" job_id=study:3207:20016 outcome="completed" device_access_time_us=2761575
2026-09-21T19:08:46.788715Z DEBUG quip_miner_metal::combined: combined route completed engine="metal" job_id=study:3207:20017 outcome="completed" device_access_time_us=2761575
2026-09-21T19:08:46.788718Z DEBUG quip_miner_metal::combined: combined route completed engine="metal" job_id=study:3207:20018 outcome="completed" device_access_time_us=2761575
2026-09-21T19:08:46.788720Z DEBUG quip_miner_metal::combined: combined route completed engine="metal" job_id=study:3207:20019 outcome="completed" device_access_time_us=2761575
2026-09-21T19:08:46.788723Z DEBUG quip_miner_metal::combined: combined route assigned engine="metal" job_id=study:3202:20015 metal_eligible=true ane_eligible=false
2026-09-21T19:08:46.788831Z DEBUG quip_miner_metal::combined: combined route assigned engine="metal" job_id=study:3202:20016 metal_eligible=true ane_eligible=false
2026-09-21T19:08:46.788938Z DEBUG quip_miner_metal::combined: combined route assigned engine="metal" job_id=study:3202:20017 metal_eligible=true ane_eligible=false
2026-09-21T19:08:46.789044Z DEBUG quip_miner_metal::combined: combined route assigned engine="metal" job_id=study:3202:20018 metal_eligible=true ane_eligible=false
2026-09-21T19:08:46.789148Z DEBUG quip_miner_metal::combined: combined route assigned engine="metal" job_id=study:3202:20019 metal_eligible=true ane_eligible=false
2026-09-21T19:08:46.789255Z DEBUG quip_miner_metal::combined: combined route assigned engine="metal" job_id=study:3201:20015 metal_eligible=true ane_eligible=false
2026-09-21T19:08:46.789362Z DEBUG quip_miner_metal::combined: combined route assigned engine="metal" job_id=study:3201:20016 metal_eligible=true ane_eligible=false
2026-09-21T19:08:46.789470Z DEBUG quip_miner_metal::combined: combined route assigned engine="metal" job_id=study:3201:20017 metal_eligible=true ane_eligible=false
2026-09-21T19:08:46.789580Z DEBUG quip_miner_metal::combined: combined route assigned engine="metal" job_id=study:3201:20018 metal_eligible=true ane_eligible=false
2026-09-21T19:08:46.789686Z DEBUG quip_miner_metal::combined: combined route assigned engine="metal" job_id=study:3201:20019 metal_eligible=true ane_eligible=false
2026-09-21T19:08:46.789792Z DEBUG quip_miner_metal::combined: combined route assigned engine="metal" job_id=study:3200:20015 metal_eligible=true ane_eligible=false
2026-09-21T19:08:46.789897Z DEBUG quip_miner_metal::combined: combined route assigned engine="metal" job_id=study:3200:20016 metal_eligible=true ane_eligible=false
2026-09-21T19:08:46.790003Z DEBUG quip_miner_metal::combined: combined route assigned engine="metal" job_id=study:3200:20017 metal_eligible=true ane_eligible=false
2026-09-21T19:08:46.790112Z DEBUG quip_miner_metal::combined: combined route assigned engine="metal" job_id=study:3200:20018 metal_eligible=true ane_eligible=false
2026-09-21T19:08:46.790216Z DEBUG quip_miner_metal::combined: combined route assigned engine="metal" job_id=study:3200:20019 metal_eligible=true ane_eligible=false
2026-09-21T19:08:46.790321Z DEBUG quip_miner_metal::combined: combined route assigned engine="metal" job_id=study:3199:20015 metal_eligible=true ane_eligible=false
2026-09-21T19:08:46.790426Z DEBUG quip_miner_metal::combined: combined route assigned engine="metal" job_id=study:3199:20016 metal_eligible=true ane_eligible=false
2026-09-21T19:08:46.790531Z DEBUG quip_miner_metal::combined: combined route assigned engine="metal" job_id=study:3199:20017 metal_eligible=true ane_eligible=false
2026-09-21T19:08:46.790640Z DEBUG quip_miner_metal::combined: combined route assigned engine="metal" job_id=study:3199:20018 metal_eligible=true ane_eligible=false
2026-09-21T19:08:46.790745Z DEBUG quip_miner_metal::combined: combined route assigned engine="metal" job_id=study:3199:20019 metal_eligible=true ane_eligible=false
2026-09-21T19:08:46.806575Z DEBUG quip_miner_metal::combined: combined route completed engine="metal" job_id=study:3206:20015 outcome="completed" device_access_time_us=3038593
2026-09-21T19:08:46.806615Z DEBUG quip_miner_metal::combined: combined route completed engine="metal" job_id=study:3206:20016 outcome="completed" device_access_time_us=3038593
2026-09-21T19:08:46.806626Z DEBUG quip_miner_metal::combined: combined route completed engine="metal" job_id=study:3206:20017 outcome="completed" device_access_time_us=3038593
2026-09-21T19:08:46.806632Z DEBUG quip_miner_metal::combined: combined route completed engine="metal" job_id=study:3206:20018 outcome="completed" device_access_time_us=3038593
2026-09-21T19:08:46.806637Z DEBUG quip_miner_metal::combined: combined route completed engine="metal" job_id=study:3206:20019 outcome="completed" device_access_time_us=3038593
2026-09-21T19:08:46.806640Z DEBUG quip_miner_metal::combined: combined route completed engine="metal" job_id=study:3205:20015 outcome="completed" device_access_time_us=3038593
2026-09-21T19:08:46.806644Z DEBUG quip_miner_metal::combined: combined route completed engine="metal" job_id=study:3205:20016 outcome="completed" device_access_time_us=3038593
2026-09-21T19:08:46.806648Z DEBUG quip_miner_metal::combined: combined route completed engine="metal" job_id=study:3205:20017 outcome="completed" device_access_time_us=3038593
2026-09-21T19:08:46.806652Z DEBUG quip_miner_metal::combined: combined route completed engine="metal" job_id=study:3205:20018 outcome="completed" device_access_time_us=3038593
2026-09-21T19:08:46.806655Z DEBUG quip_miner_metal::combined: combined route completed engine="metal" job_id=study:3205:20019 outcome="completed" device_access_time_us=3038593
2026-09-21T19:08:46.806658Z DEBUG quip_miner_metal::combined: combined route completed engine="metal" job_id=study:3204:20015 outcome="completed" device_access_time_us=3038593
2026-09-21T19:08:46.806662Z DEBUG quip_miner_metal::combined: combined route completed engine="metal" job_id=study:3204:20016 outcome="completed" device_access_time_us=3038593
2026-09-21T19:08:46.806665Z DEBUG quip_miner_metal::combined: combined route completed engine="metal" job_id=study:3204:20017 outcome="completed" device_access_time_us=3038593
2026-09-21T19:08:46.806668Z DEBUG quip_miner_metal::combined: combined route completed engine="metal" job_id=study:3204:20018 outcome="completed" device_access_time_us=3038593
2026-09-21T19:08:46.806671Z DEBUG quip_miner_metal::combined: combined route completed engine="metal" job_id=study:3204:20019 outcome="completed" device_access_time_us=3038593
2026-09-21T19:08:46.806674Z DEBUG quip_miner_metal::combined: combined route completed engine="metal" job_id=study:3203:20015 outcome="completed" device_access_time_us=3038593
2026-09-21T19:08:46.806677Z DEBUG quip_miner_metal::combined: combined route completed engine="metal" job_id=study:3203:20016 outcome="completed" device_access_time_us=3038593
2026-09-21T19:08:46.806681Z DEBUG quip_miner_metal::combined: combined route completed engine="metal" job_id=study:3203:20017 outcome="completed" device_access_time_us=3038593
2026-09-21T19:08:46.806684Z DEBUG quip_miner_metal::combined: combined route completed engine="metal" job_id=study:3203:20018 outcome="completed" device_access_time_us=3038593
2026-09-21T19:08:46.806687Z DEBUG quip_miner_metal::combined: combined route completed engine="metal" job_id=study:3203:20019 outcome="completed" device_access_time_us=3038593
2026-09-21T19:08:46.806691Z DEBUG quip_miner_metal::combined: combined route assigned engine="metal" job_id=study:3198:20015 metal_eligible=true ane_eligible=false
2026-09-21T19:08:46.806835Z DEBUG quip_miner_metal::combined: combined route assigned engine="metal" job_id=study:3198:20016 metal_eligible=true ane_eligible=false
2026-09-21T19:08:46.806978Z DEBUG quip_miner_metal::combined: combined route assigned engine="metal" job_id=study:3198:20017 metal_eligible=true ane_eligible=false
2026-09-21T19:08:46.807123Z DEBUG quip_miner_metal::combined: combined route assigned engine="metal" job_id=study:3198:20018 metal_eligible=true ane_eligible=false
2026-09-21T19:08:46.807266Z DEBUG quip_miner_metal::combined: combined route assigned engine="metal" job_id=study:3198:20019 metal_eligible=true ane_eligible=false
2026-09-21T19:08:46.807409Z DEBUG quip_miner_metal::combined: combined route assigned engine="metal" job_id=study:3197:20015 metal_eligible=true ane_eligible=false
2026-09-21T19:08:46.807554Z DEBUG quip_miner_metal::combined: combined route assigned engine="metal" job_id=study:3197:20016 metal_eligible=true ane_eligible=false
2026-09-21T19:08:46.807698Z DEBUG quip_miner_metal::combined: combined route assigned engine="metal" job_id=study:3197:20017 metal_eligible=true ane_eligible=false
2026-09-21T19:08:46.807843Z DEBUG quip_miner_metal::combined: combined route assigned engine="metal" job_id=study:3197:20018 metal_eligible=true ane_eligible=false
2026-09-21T19:08:46.807989Z DEBUG quip_miner_metal::combined: combined route assigned engine="metal" job_id=study:3197:20019 metal_eligible=true ane_eligible=false
2026-09-21T19:08:46.808139Z DEBUG quip_miner_metal::combined: combined route assigned engine="metal" job_id=study:3196:20015 metal_eligible=true ane_eligible=false
2026-09-21T19:08:46.808285Z DEBUG quip_miner_metal::combined: combined route assigned engine="metal" job_id=study:3196:20016 metal_eligible=true ane_eligible=false
2026-09-21T19:08:46.808428Z DEBUG quip_miner_metal::combined: combined route assigned engine="metal" job_id=study:3196:20017 metal_eligible=true ane_eligible=false
2026-09-21T19:08:46.808571Z DEBUG quip_miner_metal::combined: combined route assigned engine="metal" job_id=study:3196:20018 metal_eligible=true ane_eligible=false
2026-09-21T19:08:46.808714Z DEBUG quip_miner_metal::combined: combined route assigned engine="metal" job_id=study:3196:20019 metal_eligible=true ane_eligible=false
2026-09-21T19:08:46.808857Z DEBUG quip_miner_metal::combined: combined route assigned engine="metal" job_id=study:3195:20015 metal_eligible=true ane_eligible=false
2026-09-21T19:08:46.809003Z DEBUG quip_miner_metal::combined: combined route assigned engine="metal" job_id=study:3195:20016 metal_eligible=true ane_eligible=false
2026-09-21T19:08:46.809147Z DEBUG quip_miner_metal::combined: combined route assigned engine="metal" job_id=study:3195:20017 metal_eligible=true ane_eligible=false
2026-09-21T19:08:46.809290Z DEBUG quip_miner_metal::combined: combined route assigned engine="metal" job_id=study:3195:20018 metal_eligible=true ane_eligible=false
2026-09-21T19:08:46.809433Z DEBUG quip_miner_metal::combined: combined route assigned engine="metal" job_id=study:3195:20019 metal_eligible=true ane_eligible=false
2026-09-21T19:08:50.318521Z DEBUG quip_miner_metal::combined: combined route completed engine="metal" job_id=study:3202:20015 outcome="completed" device_access_time_us=3220876
2026-09-21T19:08:50.318557Z DEBUG quip_miner_metal::combined: combined route completed engine="metal" job_id=study:3202:20016 outcome="completed" device_access_time_us=3220876
2026-09-21T19:08:50.318565Z DEBUG quip_miner_metal::combined: combined route completed engine="metal" job_id=study:3202:20017 outcome="completed" device_access_time_us=3220876
2026-09-21T19:08:50.318570Z DEBUG quip_miner_metal::combined: combined route completed engine="metal" job_id=study:3202:20018 outcome="completed" device_access_time_us=3220876
2026-09-21T19:08:50.318574Z DEBUG quip_miner_metal::combined: combined route completed engine="metal" job_id=study:3202:20019 outcome="completed" device_access_time_us=3220876
2026-09-21T19:08:50.318577Z DEBUG quip_miner_metal::combined: combined route completed engine="metal" job_id=study:3201:20015 outcome="completed" device_access_time_us=3220876
2026-09-21T19:08:50.318580Z DEBUG quip_miner_metal::combined: combined route completed engine="metal" job_id=study:3201:20016 outcome="completed" device_access_time_us=3220876
2026-09-21T19:08:50.318583Z DEBUG quip_miner_metal::combined: combined route completed engine="metal" job_id=study:3201:20017 outcome="completed" device_access_time_us=3220876
2026-09-21T19:08:50.318586Z DEBUG quip_miner_metal::combined: combined route completed engine="metal" job_id=study:3201:20018 outcome="completed" device_access_time_us=3220876
2026-09-21T19:08:50.318589Z DEBUG quip_miner_metal::combined: combined route completed engine="metal" job_id=study:3201:20019 outcome="completed" device_access_time_us=3220876
2026-09-21T19:08:50.318592Z DEBUG quip_miner_metal::combined: combined route completed engine="metal" job_id=study:3200:20015 outcome="completed" device_access_time_us=3220876
2026-09-21T19:08:50.318595Z DEBUG quip_miner_metal::combined: combined route completed engine="metal" job_id=study:3200:20016 outcome="completed" device_access_time_us=3220876
2026-09-21T19:08:50.318598Z DEBUG quip_miner_metal::combined: combined route completed engine="metal" job_id=study:3200:20017 outcome="completed" device_access_time_us=3220876
2026-09-21T19:08:50.318600Z DEBUG quip_miner_metal::combined: combined route completed engine="metal" job_id=study:3200:20018 outcome="completed" device_access_time_us=3220876
2026-09-21T19:08:50.318602Z DEBUG quip_miner_metal::combined: combined route completed engine="metal" job_id=study:3200:20019 outcome="completed" device_access_time_us=3220876
2026-09-21T19:08:50.318605Z DEBUG quip_miner_metal::combined: combined route completed engine="metal" job_id=study:3199:20015 outcome="completed" device_access_time_us=3220876
2026-09-21T19:08:50.318608Z DEBUG quip_miner_metal::combined: combined route completed engine="metal" job_id=study:3199:20016 outcome="completed" device_access_time_us=3220876
2026-09-21T19:08:50.318610Z DEBUG quip_miner_metal::combined: combined route completed engine="metal" job_id=study:3199:20017 outcome="completed" device_access_time_us=3220876
2026-09-21T19:08:50.318613Z DEBUG quip_miner_metal::combined: combined route completed engine="metal" job_id=study:3199:20018 outcome="completed" device_access_time_us=3220876
2026-09-21T19:08:50.318615Z DEBUG quip_miner_metal::combined: combined route completed engine="metal" job_id=study:3199:20019 outcome="completed" device_access_time_us=3220876
2026-09-21T19:08:50.318619Z DEBUG quip_miner_metal::combined: combined route assigned engine="metal" job_id=study:3194:20015 metal_eligible=true ane_eligible=false
2026-09-21T19:08:50.318791Z DEBUG quip_miner_metal::combined: combined route assigned engine="metal" job_id=study:3194:20016 metal_eligible=true ane_eligible=false
2026-09-21T19:08:50.318907Z DEBUG quip_miner_metal::combined: combined route assigned engine="metal" job_id=study:3194:20017 metal_eligible=true ane_eligible=false
2026-09-21T19:08:50.319025Z DEBUG quip_miner_metal::combined: combined route assigned engine="metal" job_id=study:3194:20018 metal_eligible=true ane_eligible=false
2026-09-21T19:08:50.319144Z DEBUG quip_miner_metal::combined: combined route assigned engine="metal" job_id=study:3194:20019 metal_eligible=true ane_eligible=false
2026-09-21T19:08:50.319262Z DEBUG quip_miner_metal::combined: combined route assigned engine="metal" job_id=study:3193:20015 metal_eligible=true ane_eligible=false
2026-09-21T19:08:50.319383Z DEBUG quip_miner_metal::combined: combined route assigned engine="metal" job_id=study:3193:20016 metal_eligible=true ane_eligible=false
2026-09-21T19:08:50.319502Z DEBUG quip_miner_metal::combined: combined route assigned engine="metal" job_id=study:3193:20017 metal_eligible=true ane_eligible=false
2026-09-21T19:08:50.319619Z DEBUG quip_miner_metal::combined: combined route assigned engine="metal" job_id=study:3193:20018 metal_eligible=true ane_eligible=false
2026-09-21T19:08:50.319735Z DEBUG quip_miner_metal::combined: combined route assigned engine="metal" job_id=study:3193:20019 metal_eligible=true ane_eligible=false
2026-09-21T19:08:50.319850Z DEBUG quip_miner_metal::combined: combined route assigned engine="metal" job_id=study:3192:20015 metal_eligible=true ane_eligible=false
2026-09-21T19:08:50.319965Z DEBUG quip_miner_metal::combined: combined route assigned engine="metal" job_id=study:3192:20016 metal_eligible=true ane_eligible=false
2026-09-21T19:08:50.320079Z DEBUG quip_miner_metal::combined: combined route assigned engine="metal" job_id=study:3192:20017 metal_eligible=true ane_eligible=false
2026-09-21T19:08:50.320196Z DEBUG quip_miner_metal::combined: combined route assigned engine="metal" job_id=study:3192:20018 metal_eligible=true ane_eligible=false
2026-09-21T19:08:50.320310Z DEBUG quip_miner_metal::combined: combined route assigned engine="metal" job_id=study:3192:20019 metal_eligible=true ane_eligible=false
2026-09-21T19:08:50.320424Z DEBUG quip_miner_metal::combined: combined route assigned engine="metal" job_id=study:3191:20015 metal_eligible=true ane_eligible=false
2026-09-21T19:08:50.320539Z DEBUG quip_miner_metal::combined: combined route assigned engine="metal" job_id=study:3191:20016 metal_eligible=true ane_eligible=false
2026-09-21T19:08:50.320654Z DEBUG quip_miner_metal::combined: combined route assigned engine="metal" job_id=study:3191:20017 metal_eligible=true ane_eligible=false
2026-09-21T19:08:50.320768Z DEBUG quip_miner_metal::combined: combined route assigned engine="metal" job_id=study:3191:20018 metal_eligible=true ane_eligible=false
2026-09-21T19:08:50.320881Z DEBUG quip_miner_metal::combined: combined route assigned engine="metal" job_id=study:3191:20019 metal_eligible=true ane_eligible=false
2026-09-21T19:08:50.346890Z DEBUG quip_miner_metal::combined: combined route completed engine="metal" job_id=study:3198:20015 outcome="completed" device_access_time_us=3216523
2026-09-21T19:08:50.346921Z DEBUG quip_miner_metal::combined: combined route completed engine="metal" job_id=study:3198:20016 outcome="completed" device_access_time_us=3216523
2026-09-21T19:08:50.346928Z DEBUG quip_miner_metal::combined: combined route completed engine="metal" job_id=study:3198:20017 outcome="completed" device_access_time_us=3216523
2026-09-21T19:08:50.346934Z DEBUG quip_miner_metal::combined: combined route completed engine="metal" job_id=study:3198:20018 outcome="completed" device_access_time_us=3216523
2026-09-21T19:08:50.346938Z DEBUG quip_miner_metal::combined: combined route completed engine="metal" job_id=study:3198:20019 outcome="completed" device_access_time_us=3216523
2026-09-21T19:08:50.346943Z DEBUG quip_miner_metal::combined: combined route completed engine="metal" job_id=study:3197:20015 outcome="completed" device_access_time_us=3216523
2026-09-21T19:08:50.346947Z DEBUG quip_miner_metal::combined: combined route completed engine="metal" job_id=study:3197:20016 outcome="completed" device_access_time_us=3216523
2026-09-21T19:08:50.346951Z DEBUG quip_miner_metal::combined: combined route completed engine="metal" job_id=study:3197:20017 outcome="completed" device_access_time_us=3216523
2026-09-21T19:08:50.346955Z DEBUG quip_miner_metal::combined: combined route completed engine="metal" job_id=study:3197:20018 outcome="completed" device_access_time_us=3216523
2026-09-21T19:08:50.346960Z DEBUG quip_miner_metal::combined: combined route completed engine="metal" job_id=study:3197:20019 outcome="completed" device_access_time_us=3216523
2026-09-21T19:08:50.346964Z DEBUG quip_miner_metal::combined: combined route completed engine="metal" job_id=study:3196:20015 outcome="completed" device_access_time_us=3216523
2026-09-21T19:08:50.346968Z DEBUG quip_miner_metal::combined: combined route completed engine="metal" job_id=study:3196:20016 outcome="completed" device_access_time_us=3216523
2026-09-21T19:08:50.346972Z DEBUG quip_miner_metal::combined: combined route completed engine="metal" job_id=study:3196:20017 outcome="completed" device_access_time_us=3216523
2026-09-21T19:08:50.346976Z DEBUG quip_miner_metal::combined: combined route completed engine="metal" job_id=study:3196:20018 outcome="completed" device_access_time_us=3216523
2026-09-21T19:08:50.346979Z DEBUG quip_miner_metal::combined: combined route completed engine="metal" job_id=study:3196:20019 outcome="completed" device_access_time_us=3216523
2026-09-21T19:08:50.346983Z DEBUG quip_miner_metal::combined: combined route completed engine="metal" job_id=study:3195:20015 outcome="completed" device_access_time_us=3216523
2026-09-21T19:08:50.346986Z DEBUG quip_miner_metal::combined: combined route completed engine="metal" job_id=study:3195:20016 outcome="completed" device_access_time_us=3216523
2026-09-21T19:08:50.346990Z DEBUG quip_miner_metal::combined: combined route completed engine="metal" job_id=study:3195:20017 outcome="completed" device_access_time_us=3216523
2026-09-21T19:08:50.346998Z DEBUG quip_miner_metal::combined: combined route completed engine="metal" job_id=study:3195:20018 outcome="completed" device_access_time_us=3216523
2026-09-21T19:08:50.347004Z DEBUG quip_miner_metal::combined: combined route completed engine="metal" job_id=study:3195:20019 outcome="completed" device_access_time_us=3216523
2026-09-21T19:08:52.224434Z DEBUG quip_miner_metal::combined: combined route completed engine="metal" job_id=study:3194:20015 outcome="completed" device_access_time_us=1838486
2026-09-21T19:08:52.224487Z DEBUG quip_miner_metal::combined: combined route completed engine="metal" job_id=study:3194:20016 outcome="completed" device_access_time_us=1838486
2026-09-21T19:08:52.224495Z DEBUG quip_miner_metal::combined: combined route completed engine="metal" job_id=study:3194:20017 outcome="completed" device_access_time_us=1838486
2026-09-21T19:08:52.224500Z DEBUG quip_miner_metal::combined: combined route completed engine="metal" job_id=study:3194:20018 outcome="completed" device_access_time_us=1838486
2026-09-21T19:08:52.224503Z DEBUG quip_miner_metal::combined: combined route completed engine="metal" job_id=study:3194:20019 outcome="completed" device_access_time_us=1838486
2026-09-21T19:08:52.224506Z DEBUG quip_miner_metal::combined: combined route completed engine="metal" job_id=study:3193:20015 outcome="completed" device_access_time_us=1838486
2026-09-21T19:08:52.224509Z DEBUG quip_miner_metal::combined: combined route completed engine="metal" job_id=study:3193:20016 outcome="completed" device_access_time_us=1838486
2026-09-21T19:08:52.224511Z DEBUG quip_miner_metal::combined: combined route completed engine="metal" job_id=study:3193:20017 outcome="completed" device_access_time_us=1838486
2026-09-21T19:08:52.224514Z DEBUG quip_miner_metal::combined: combined route completed engine="metal" job_id=study:3193:20018 outcome="completed" device_access_time_us=1838486
2026-09-21T19:08:52.224516Z DEBUG quip_miner_metal::combined: combined route completed engine="metal" job_id=study:3193:20019 outcome="completed" device_access_time_us=1838486
2026-09-21T19:08:52.224519Z DEBUG quip_miner_metal::combined: combined route completed engine="metal" job_id=study:3192:20015 outcome="completed" device_access_time_us=1838486
2026-09-21T19:08:52.224521Z DEBUG quip_miner_metal::combined: combined route completed engine="metal" job_id=study:3192:20016 outcome="completed" device_access_time_us=1838486
2026-09-21T19:08:52.224523Z DEBUG quip_miner_metal::combined: combined route completed engine="metal" job_id=study:3192:20017 outcome="completed" device_access_time_us=1838486
2026-09-21T19:08:52.224526Z DEBUG quip_miner_metal::combined: combined route completed engine="metal" job_id=study:3192:20018 outcome="completed" device_access_time_us=1838486
2026-09-21T19:08:52.224528Z DEBUG quip_miner_metal::combined: combined route completed engine="metal" job_id=study:3192:20019 outcome="completed" device_access_time_us=1838486
2026-09-21T19:08:52.224530Z DEBUG quip_miner_metal::combined: combined route completed engine="metal" job_id=study:3191:20015 outcome="completed" device_access_time_us=1838486
2026-09-21T19:08:52.224532Z DEBUG quip_miner_metal::combined: combined route completed engine="metal" job_id=study:3191:20016 outcome="completed" device_access_time_us=1838486
2026-09-21T19:08:52.224534Z DEBUG quip_miner_metal::combined: combined route completed engine="metal" job_id=study:3191:20017 outcome="completed" device_access_time_us=1838486
2026-09-21T19:08:52.224537Z DEBUG quip_miner_metal::combined: combined route completed engine="metal" job_id=study:3191:20018 outcome="completed" device_access_time_us=1838486
2026-09-21T19:08:52.224539Z DEBUG quip_miner_metal::combined: combined route completed engine="metal" job_id=study:3191:20019 outcome="completed" device_access_time_us=1838486
